event_type,timestamp,symbol,raw_symbol,timeframe,close,price_return_pct,oi_change_pct,volume_zscore,volume_ratio,funding_classification,early_bullish_score,blowoff_risk_score,squeeze_setup_score,whale_accum_score
ENTRY,2026-10-06 20:00:00+00:00,INJ,BINANCE:INJUSDT.P,4h,8.05,0.02456408298332713,-0.013375691670636236,-0.38870019132869704,0.8838330743467987,EXTREME,47.8,27.0,16.7,0.0
OI_SURGE,2026-10-06 20:00:00+00:00,AVAX,BYBIT:AVAXUSDT.P,4h,11.405,-0.004277981491182192,-0.002629269693370073,-1.211524761932929,0.04902686423579079,EXTREME,20.0,22.2,5.2,32.0
OI_SURGE,2026-10-06 20:00:00+00:00,LINK,BINANCE:LINKUSD.P,4h,13.98,0.0014326647564468775,-0.0025058980282860466,-1.0355273658752602,0.18199321619117026,NEGATIVE,20.5,9.5,53.1,0.0
OI_SURGE,2026-10-06 20:00:00+00:00,NEAR,BINANCE:NEARUSD.P,4h,5.162,0.008006248779535152,0.04363254267651984,-1.5547998374953957,0.04598915384510307,EXTREME,28.6,28.8,17.2,0.0
OI_SURGE,2026-10-06 20:00:00+00:00,SOL,BINANCE:SOLUSD.P,4h,120.98,0.0018217952964558748,-0.008615815417274963,-1.4020517181634737,0.013019202981096626,NEUTRAL,21.1,9.7,33.3,40.0
VOLUME_SURGE,2026-10-06 20:00:00+00:00,SAND,BYBIT:SANDUSDT.P,4h,0.06651,0.010022779043280083,-0.02227378492352139,-0.47725043382892335,0.3126606032974214,NEGATIVE,21.3,29.6,0.0,0.0
WHALE_ACCUM,2026-10-06 20:00:00+00:00,ADA,BYBIT:ADAUSDT.P,4h,0.271,0.0014781966001478075,0.001319824099324407,-1.6362972311951014,0.07002247386689289,EXTREME,0.0,17.5,5.6,100.0
WHALE_ACCUM,2026-10-06 20:00:00+00:00,BCH,BINANCE:BCHUSD.P,4h,315.0,0.0018765306446995034,0.0026551422195859598,-0.6018657649102038,0.0051067172973680765,EXTREME,21.7,18.3,30.1,62.2
WHALE_ACCUM,2026-10-06 20:00:00+00:00,FIL,BITGET:FILUSDT.P,4h,1.1626,0.00431928127159642,0.016067373878952074,-1.618166560074104,0.04676922178245897,EXTREME,4.6,29.5,6.5,100.0
WHALE_ACCUM,2026-10-06 20:00:00+00:00,POL,BYBIT:POLUSDT.P,4h,0.10745,0.003924133420536435,-0.0013843111011181408,-1.2834273211565055,0.06048986572860379,NEUTRAL,0.0,4.7,26.6,94.4
WHALE_ACCUM,2026-10-06 20:00:00+00:00,RENDER,BYBIT:RENDERUSDT.P,4h,2.144,-0.006026889197960128,0.011059667909493198,-1.189285923212357,0.13362872221336822,EXTREME,33.1,34.7,0.0,81.2
WHALE_ACCUM,2026-10-06 20:00:00+00:00,THETA,BYBIT:THETAUSDT.P,4h,0.2352,0.0055579307396322886,-0.0034300840707098823,-1.4400329864145214,0.1593419887091951,EXTREME,24.0,19.4,12.9,85.0
WHALE_ACCUM,2026-10-06 20:00:00+00:00,ZEC,BYBIT:ZECUSDT.P,4h,1349.32,-0.0010216924557637785,-0.013788552741294646,-1.760264489717001,0.08565993745112199,EXTREME,0.0,5.5,22.5,100.0
OI_SURGE,2026-10-06 16:00:00+00:00,AVAX,BYBIT:AVAXUSDT.P,4h,11.454,-0.004519381192421346,0.029369824001069134,-0.222259206516696,1.0830833988953632,EXTREME,45.6,38.2,5.7,40.2
OI_SURGE,2026-10-06 16:00:00+00:00,HBAR,BYBIT:HBARUSDT.P,4h,0.09988,-0.0018986709303489002,0.008143565474938663,-0.44638909055990034,0.6862063047214408,NEUTRAL,23.1,14.4,12.2,0.0
OI_SURGE,2026-10-06 16:00:00+00:00,LINK,BINANCE:LINKUSD.P,4h,13.96,0.0018659394287354747,0.04096707491649432,-0.5665633327669964,0.7164546069211384,NEGATIVE,26.4,16.0,37.0,0.0
OI_SURGE,2026-10-06 16:00:00+00:00,NEAR,BINANCE:NEARUSD.P,4h,5.121,0.006288072312831572,0.08583345802783171,-0.8384076796059721,0.570138012995351,EXTREME,34.0,31.1,13.3,0.0
OI_SURGE,2026-10-06 16:00:00+00:00,SOL,BINANCE:SOLUSD.P,4h,120.76,0.0026569246097642996,0.06529168043427469,-0.824962664254634,0.501483530542582,NEUTRAL,32.2,14.4,38.4,40.0
PRE_ENTRY,2026-10-06 16:00:00+00:00,INJ,BINANCE:INJUSDT.P,4h,7.857,0.002935920347204579,0.01871038670851366,-0.23958210669473393,0.9670871071539339,EXTREME,45.6,27.0,25.2,0.0
VOLUME_SURGE,2026-10-06 16:00:00+00:00,SAND,BYBIT:SANDUSDT.P,4h,0.06585,0.00106415323806619,-0.06506764740366722,-0.29246785704839484,2.7174655748881116,NEGATIVE,20.0,29.0,0.0,0.0
WHALE_ACCUM,2026-10-06 16:00:00+00:00,ADA,BYBIT:ADAUSDT.P,4h,0.2706,-0.002580169553999201,-0.036281255754444186,-0.17128783915339357,1.0549626278482092,EXTREME,0.0,17.2,6.1,100.0
WHALE_ACCUM,2026-10-06 16:00:00+00:00,BCH,BINANCE:BCHUSD.P,4h,314.41,0.0011781938606547637,0.09601155771116043,-0.5473266160229452,0.1841639261320516,EXTREME,34.2,23.7,29.6,63.1
WHALE_ACCUM,2026-10-06 16:00:00+00:00,FIL,BITGET:FILUSDT.P,4h,1.1576,0.00669623445516998,0.0020609647595886127,-0.05143951207559036,1.0975155874582845,EXTREME,0.0,24.8,12.2,100.0
WHALE_ACCUM,2026-10-06 16:00:00+00:00,POL,BYBIT:POLUSDT.P,4h,0.10703,-0.0034450651769086793,0.03366108995165984,-0.46678312302205266,0.8994451812351959,NEGATIVE,22.4,17.1,28.1,89.7
WHALE_ACCUM,2026-10-06 16:00:00+00:00,SUI,BYBIT:SUIUSDT.P,4h,1.1847,-0.0006748207507379922,0.0153903659650092,-0.8667585155183236,0.5081488534437314,EXTREME,35.4,31.7,8.1,75.9
WHALE_ACCUM,2026-10-06 16:00:00+00:00,THETA,BYBIT:THETAUSDT.P,4h,0.2339,-0.006372132540356845,0.012789901005818782,0.07886484136918055,1.276791686230894,EXTREME,33.9,19.4,17.5,86.4
WHALE_ACCUM,2026-10-06 16:00:00+00:00,ZEC,BYBIT:ZECUSDT.P,4h,1350.7,-0.003673433258586156,0.005497540446395277,-0.340504016856302,0.9986832750451904,EXTREME,0.0,7.1,22.0,100.0
OI_SURGE,2026-10-06 12:00:00+00:00,S,BINANCE:SUSDT.P,4h,0.0437,-0.009743938363924731,-0.0019911405821554373,-0.13763694847651492,1.3459974796439098,EXTREME,20.0,25.0,5.2,40.0
OI_SURGE,2026-10-06 12:00:00+00:00,HBAR,BYBIT:HBARUSDT.P,4h,0.10007,-0.013213687013114983,0.020346546756986328,-0.39888401386764555,0.8192927915535977,NEUTRAL,27.7,16.7,18.0,0.0
PRE_ENTRY,2026-10-06 12:00:00+00:00,SOL,BINANCE:SOLUSD.P,4h,120.44,0.001663339986693213,0.1011876961001863,0.13845034566409062,1.3343553284917562,NEUTRAL,36.7,16.4,27.9,40.0
VOLUME_SURGE,2026-10-06 12:00:00+00:00,SAND,BYBIT:SANDUSDT.P,4h,0.06578,-0.005893909626719096,-0.007067084608073926,-0.1579291343303777,4.454980132894307,NEUTRAL,20.0,25.0,0.0,0.0
WHALE_ACCUM,2026-10-06 12:00:00+00:00,ADA,BYBIT:ADAUSDT.P,4h,0.2713,-0.028295128939828107,0.006536214149942321,0.12376903869253057,1.2537581727097575,EXTREME,0.0,20.6,12.8,100.0
WHALE_ACCUM,2026-10-06 12:00:00+00:00,BCH,BINANCE:BCHUSD.P,4h,314.04,-0.010897637795275528,0.06448069423847969,-0.3979948409430769,0.6406526688590943,EXTREME,30.1,21.9,35.1,55.9
WHALE_ACCUM,2026-10-06 12:00:00+00:00,FIL,BITGET:FILUSDT.P,4h,1.1499,-0.016422889402104235,-0.01790270876032307,0.8407846534983491,1.7668224562263035,EXTREME,0.0,25.6,5.1,100.0
WHALE_ACCUM,2026-10-06 12:00:00+00:00,RENDER,BYBIT:RENDERUSDT.P,4h,2.132,-0.012962962962962954,0.02146883419484702,1.007455078994761,2.322472652366078,EXTREME,51.9,44.4,0.0,81.8
WHALE_ACCUM,2026-10-06 12:00:00+00:00,ZEC,BYBIT:ZECUSDT.P,4h,1355.68,-0.01304601048340115,0.06404292509580345,-0.3566885172241473,0.9741906040144928,EXTREME,25.5,17.9,26.2,100.0
ENTRY,2026-10-06 08:00:00+00:00,ADA,BYBIT:ADAUSDT.P,4h,0.2792,0.02196193265007329,0.04349328962266963,2.4170549454690358,2.7369851951724584,EXTREME,100.0,61.8,0.0,100.0
ENTRY,2026-10-06 08:00:00+00:00,RENDER,BYBIT:RENDERUSDT.P,4h,2.16,0.03646833013435713,0.01139391655094979,1.0864651482908916,2.4058260645225653,EXTREME,75.5,51.3,0.0,77.3
ENTRY,2026-10-06 08:00:00+00:00,THETA,BYBIT:THETAUSDT.P,4h,0.2425,0.02797795676133963,0.011320568179068013,0.9910491918502651,1.9819706308839105,EXTREME,69.4,41.2,0.0,74.4
OI_SURGE,2026-10-06 08:00:00+00:00,S,BINANCE:SUSDT.P,4h,0.04413,0.005239179954442008,0.07739370024837289,0.06505757197861126,1.7701378813080264,NEUTRAL,66.8,49.5,0.0,40.0
PRE_ENTRY,2026-10-06 08:00:00+00:00,HBAR,BYBIT:HBARUSDT.P,4h,0.10141,0.011571072319201958,0.030727748398649224,-0.48686545588692504,0.5491340346546929,NEUTRAL,36.4,22.2,20.0,0.0
PRE_ENTRY,2026-10-06 08:00:00+00:00,LINK,BINANCE:LINKUSD.P,4h,14.05,0.008614501076812608,0.1665033031310017,-0.12025979439058836,1.229956723978155,NEGATIVE,48.9,22.8,41.5,0.0
PRE_ENTRY,2026-10-06 08:00:00+00:00,SOL,BINANCE:SOLUSD.P,4h,120.24,0.0009990009990008542,0.2927915457282051,0.06680702722284923,1.3096372255081026,NEUTRAL,63.3,31.8,22.8,0.0
VOLUME_SURGE,2026-10-06 08:00:00+00:00,MANA,OKX:MANAUSDT.P,4h,0.10321,-0.006449749711205266,-0.021726911848457542,-0.2387195210029882,1.9882281895329905,EXTREME,20.0,28.1,17.6,24.9
VOLUME_SURGE,2026-10-06 08:00:00+00:00,SAND,BYBIT:SANDUSDT.P,4h,0.06617,0.008074344911639386,-0.03782985618224266,-0.14248735190543194,4.713678538619407,NEUTRAL,20.7,25.3,0.0,0.0
WHALE_ACCUM,2026-10-06 08:00:00+00:00,FIL,BITGET:FILUSDT.P,4h,1.1691,-0.02890605532020929,0.08520038639169791,0.39375043314112484,1.5400357894026204,EXTREME,70.3,60.2,5.4,100.0
WHALE_ACCUM,2026-10-06 08:00:00+00:00,ZEC,BYBIT:ZECUSDT.P,4h,1373.6,0.02828995141524615,-0.014408416612980646,0.29770903143955585,1.3912351627555595,EXTREME,11.8,25.9,16.1,100.0
ENTRY,2026-10-06 04:00:00+00:00,RENDER,BYBIT:RENDERUSDT.P,4h,2.084,0.030153237765694563,-0.0020457424971666027,-0.3677540672874441,0.9447887845528181,EXTREME,42.3,38.8,16.0,79.9
ENTRY,2026-10-06 04:00:00+00:00,THETA,BYBIT:THETAUSDT.P,4h,0.2359,0.030131004366812153,-0.016099773111791782,0.34263247729245866,1.4910253091660972,EXTREME,48.0,31.5,24.2,68.4
VOLUME_SURGE,2026-10-06 04:00:00+00:00,SAND,BYBIT:SANDUSDT.P,4h,0.06564,-0.016481869943062444,0.0028253468854511077,-0.059855849234728926,5.947912868220153,NEGATIVE,20.0,29.0,4.4,0.0
WHALE_ACCUM,2026-10-06 04:00:00+00:00,FIL,BITGET:FILUSDT.P,4h,1.2039,0.03330186250107281,0.02094183848637332,0.6903922749567807,1.8013184407420655,EXTREME,33.3,48.9,8.8,81.1
WHALE_ACCUM,2026-10-06 04:00:00+00:00,MANA,OKX:MANAUSDT.P,4h,0.10388,0.013760124914609095,-0.015798680928211684,-0.07706223155218492,3.2301499455850866,NEUTRAL,27.5,28.3,16.9,78.5
WHALE_ACCUM,2026-10-06 04:00:00+00:00,ZEC,BYBIT:ZECUSDT.P,4h,1335.81,-0.0037365194433257587,0.02096495131304854,-1.1853834455562833,0.46157610956579903,EXTREME,0.0,18.6,23.1,100.0
OI_SURGE,2026-10-06 00:00:00+00:00,BCH,BINANCE:BCHUSD.P,4h,314.02,-0.008180411231483609,0.0036325659537757016,-0.5102083707085415,0.2992361409760193,EXTREME,21.7,14.7,33.4,4.0
OI_SURGE,2026-10-06 00:00:00+00:00,BCH,BINANCE:BCHUSD.P,1d,315.0,-0.0050851204952465645,-0.19409253961767248,-0.6312376874446125,0.4268133555072278,EXTREME,20.0,7.0,8.5,0.0
OI_SURGE,2026-10-06 00:00:00+00:00,FIL,BITGET:FILUSDT.P,4h,1.1651,-0.015962837837837807,0.0049571663136664945,-0.32055602606622696,0.9124990929365152,EXTREME,0.0,30.7,5.0,56.7
OI_SURGE,2026-10-06 00:00:00+00:00,FIL,BITGET:FILUSDT.P,1d,1.1626,-0.01807432432432421,0.0944354800530014,0.45557788373506714,1.82825969606236,EXTREME,57.9,42.2,4.8,0.0
OI_SURGE,2026-10-06 00:00:00+00:00,S,BINANCE:SUSDT.P,4h,0.04279,-0.0179022263025016,0.02827513077065591,-0.2341004463127825,1.120362451498113,EXTREME,36.8,32.4,20.6,40.0
OI_SURGE,2026-10-06 00:00:00+00:00,S,BINANCE:SUSDT.P,1d,0.04347,-0.002295157218269339,0.07593892630340404,0.13032466513757957,2.324553134200098,EXTREME,37.7,32.9,16.7,40.0
OI_SURGE,2026-10-06 00:00:00+00:00,HYPE,BYBIT:HYPEUSDT.P,1d,92.16,-0.02092850313396366,0.029590483379979382,-1.0725066914345642,0.48967374061804614,EXTREME,33.4,34.9,10.7,0.0
OI_SURGE,2026-10-06 00:00:00+00:00,LINK,BINANCE:LINKUSD.P,4h,13.758,-0.006068487212830598,0.054801938886028356,-0.7398637614300202,0.5208241145547551,NEGATIVE,28.0,15.6,33.0,40.0
OI_SURGE,2026-10-06 00:00:00+00:00,NEAR,BINANCE:NEARUSD.P,4h,5.246,-0.00813008130081283,-0.023540420535026252,-0.22065627524497694,1.026772045668333,EXTREME,20.0,29.0,7.6,0.0
OI_SURGE,2026-10-06 00:00:00+00:00,RENDER,BYBIT:RENDERUSDT.P,4h,2.023,-0.019864341085271242,0.07530841817779033,-0.4167293241911601,0.8902224462047171,EXTREME,100.0,67.6,11.0,43.6
OI_SURGE,2026-10-06 00:00:00+00:00,RENDER,BYBIT:RENDERUSDT.P,1d,2.144,0.03875968992248069,0.054203804112478604,1.2497632826220255,1.68450252473564,EXTREME,82.7,54.6,0.0,42.1
OI_SURGE,2026-10-06 00:00:00+00:00,RUNE,BINANCE:RUNEUSDT.P,1d,0.7622,-0.02444643542813263,-0.053242537228338715,-0.30032851362215696,1.0441867334156916,EXTREME,20.0,29.0,0.0,40.0
OI_SURGE,2026-10-06 00:00:00+00:00,SOL,BINANCE:SOLUSD.P,4h,119.94,-0.006461232604373812,0.16423373024418164,-0.9788791169708385,0.3977688489962203,NEUTRAL,46.4,24.3,20.2,9.1
OI_SURGE,2026-10-06 00:00:00+00:00,SOL,BINANCE:SOLUSD.P,1d,120.98,0.0021537442014578634,-0.01917732766127156,-0.5324875911453759,0.9060562983766326,NEUTRAL,20.0,25.0,16.6,0.0
OI_SURGE,2026-10-06 00:00:00+00:00,THETA,BYBIT:THETAUSDT.P,4h,0.229,-0.014205768402927199,0.011035233489187446,0.41325388524574574,1.5640751898710532,EXTREME,31.5,17.2,39.3,58.7
VOLUME_SURGE,2026-10-06 00:00:00+00:00,MANA,OKX:MANAUSDT.P,4h,0.10247,-0.02474540782335577,-0.008486015566273597,0.04081072417949643,4.24022898998002,NEUTRAL,20.2,23.8,23.6,29.9
VOLUME_SURGE,2026-10-06 00:00:00+00:00,NEAR,BINANCE:NEARUSD.P,1d,5.162,-0.02401210058612213,-0.25891404596773204,0.4304358468461139,2.2119486779224693,EXTREME,22.6,30.7,3.3,0.0
WHALE_ACCUM,2026-10-06 00:00:00+00:00,ADA,BYBIT:ADAUSDT.P,1d,0.271,0.002218934911242698,0.08001939046861661,0.10782374688151843,1.0567335434486473,EXTREME,57.8,41.7,0.0,100.0
WHALE_ACCUM,2026-10-06 00:00:00+00:00,AVAX,BYBIT:AVAXUSDT.P,1d,11.405,0.025352872426503748,-0.016697154392907865,0.2029413210157865,1.4128084585885552,EXTREME,29.0,29.2,7.4,100.0
WHALE_ACCUM,2026-10-06 00:00:00+00:00,LTC,BYBIT:LTCUSDT.P,1d,69.26,-0.011277658815131986,-0.00898870534601326,-0.6567533823792084,0.6016600889204283,NEUTRAL,20.0,25.0,2.0,100.0
WHALE_ACCUM,2026-10-06 00:00:00+00:00,MANA,OKX:MANAUSDT.P,1d,0.10224,-0.026934424669268098,0.057775736198065086,0.21141813649769733,2.5484415018546236,NEUTRAL,37.9,37.1,0.0,100.0
WHALE_ACCUM,2026-10-06 00:00:00+00:00,OP,BYBIT:OPUSDT.P,1d,0.13225,-0.044712510835018815,0.005242408610467875,-0.5746758247153936,0.8282660108883743,EXTREME,20.0,19.7,3.1,100.0
WHALE_ACCUM,2026-10-06 00:00:00+00:00,POL,BYBIT:POLUSDT.P,1d,0.10746,-0.013766519823788514,0.06852781156827925,-0.13794762070642905,1.0817321123628474,NEGATIVE,61.2,38.8,31.1,87.8
WHALE_ACCUM,2026-10-06 00:00:00+00:00,SAND,BYBIT:SANDUSDT.P,4h,0.06674,-0.04260507818103576,0.049642013724605416,-0.012951408581905296,6.736956384206502,NEGATIVE,25.8,27.5,4.9,100.0
WHALE_ACCUM,2026-10-06 00:00:00+00:00,SAND,BYBIT:SANDUSDT.P,1d,0.06651,-0.04590446133983639,-0.05411890228173588,0.4677261663612617,7.184893908295471,NEGATIVE,0.0,22.8,13.6,100.0
WHALE_ACCUM,2026-10-06 00:00:00+00:00,THETA,BYBIT:THETAUSDT.P,1d,0.2352,0.01248385708136035,0.06610366999872719,-0.003400089774071214,1.3338843081930696,EXTREME,36.8,36.3,0.0,100.0
WHALE_ACCUM,2026-10-06 00:00:00+00:00,TIA,BYBIT:TIAUSDT.P,1d,0.4822,0.008997698263234932,-0.029964306483021508,-0.44388445032266977,0.8628978185652317,EXTREME,21.7,25.7,9.1,100.0
WHALE_ACCUM,2026-10-06 00:00:00+00:00,ZEC,BYBIT:ZECUSDT.P,4h,1340.82,0.0018754996973795457,0.07265010727776655,-0.9220848094073826,0.6274138289516954,NEUTRAL,26.4,33.3,23.7,87.9
WHALE_ACCUM,2026-10-06 00:00:00+00:00,ZEC,BYBIT:ZECUSDT.P,1d,1349.14,0.008092295507020175,0.08633441851316759,-0.5088229894989705,0.8156305896182848,EXTREME,37.0,36.5,0.0,100.0
ENTRY,2026-10-05 20:00:00+00:00,FIL,BITGET:FILUSDT.P,4h,1.184,0.03987352889513418,0.055611666894242795,0.46975844419035834,1.6061679833197071,EXTREME,100.0,61.3,6.9,54.8
OI_SURGE,2026-10-05 20:00:00+00:00,BCH,BINANCE:BCHUSD.P,4h,316.61,0.0042821797881114065,0.13165760287757466,-0.4865140519419313,0.37558108578566896,EXTREME,40.6,28.0,13.7,1.3
OI_SURGE,2026-10-05 20:00:00+00:00,S,BINANCE:SUSDT.P,4h,0.04357,0.0137273150302466,-0.010228725414934137,0.008162133700668333,1.6392822053633258,EXTREME,25.7,27.5,21.8,40.0
OI_SURGE,2026-10-05 20:00:00+00:00,LINK,BINANCE:LINKUSD.P,4h,13.842,-0.005317620005748758,0.06562603471926587,-0.9545983754534022,0.2816963732587571,NEGATIVE,29.6,13.0,43.3,0.0
OI_SURGE,2026-10-05 20:00:00+00:00,NEAR,BINANCE:NEARUSD.P,4h,5.289,0.01966454598033529,0.08907435407272213,-0.09040760511578357,1.1262027611211824,EXTREME,49.8,38.5,9.0,0.0
OI_SURGE,2026-10-05 20:00:00+00:00,SOL,BINANCE:SOLUSD.P,4h,120.72,0.004409684665945601,0.013182919791312253,-0.8117428565855782,0.5469307188212806,NEUTRAL,28.5,13.3,18.1,0.0
PRE_ENTRY,2026-10-05 20:00:00+00:00,APT,BYBIT:APTUSDT.P,4h,0.8441,0.023399612027158012,0.018404335080942857,-0.2530927541672123,0.9869046421132318,EXTREME,57.4,36.1,33.6,0.0
PRE_ENTRY,2026-10-05 20:00:00+00:00,THETA,BYBIT:THETAUSDT.P,4h,0.2323,0.003889369057908487,0.030243053005038822,-0.4944006837437541,0.7997026441904407,EXTREME,46.8,29.1,26.2,50.8
VOLUME_SURGE,2026-10-05 20:00:00+00:00,MANA,OKX:MANAUSDT.P,4h,0.10507,-0.0008558387219476105,9.799907224716797e-05,-0.1367816157939355,2.7930919775537437,NEGATIVE,20.0,29.0,20.9,11.0
VOLUME_SURGE,2026-10-05 20:00:00+00:00,SAND,BYBIT:SANDUSDT.P,4h,0.06971,0.017961448598130758,-0.023433666320773927,-0.12618448484759923,5.212911401657282,NEGATIVE,23.8,26.6,1.5,12.9
WHALE_ACCUM,2026-10-05 20:00:00+00:00,POL,BYBIT:POLUSDT.P,4h,0.10896,0.001654715940430318,0.08502398546517465,1.3009243960781174,2.655286297473093,EXTREME,79.0,52.9,24.5,100.0
WHALE_ACCUM,2026-10-05 20:00:00+00:00,SUI,BYBIT:SUIUSDT.P,4h,1.2134,0.008645054031587662,0.04371684970325229,-0.6998464718020313,0.6394383336803108,NEGATIVE,65.3,48.8,27.0,88.3
ENTRY,2026-10-05 16:00:00+00:00,ATOM,BINANCE:ATOMUSDT.P,4h,1.825,0.02413019079685741,-0.03487542870533744,0.6325295915238907,1.5684817192691918,NEGATIVE,53.0,23.9,9.3,0.0
ENTRY,2026-10-05 16:00:00+00:00,FIL,BITGET:FILUSDT.P,4h,1.1386,0.047277409860191355,-0.0027290353815880852,0.3511700555616257,1.5071772668121195,EXTREME,58.6,36.1,9.1,6.5
ENTRY,2026-10-05 16:00:00+00:00,HYPE,BYBIT:HYPEUSDT.P,4h,94.21,0.01705710892799317,-0.017746726719491845,0.2539268439573761,1.2925344010423112,EXTREME,49.7,18.1,0.0,15.9
ENTRY,2026-10-05 16:00:00+00:00,MANA,OKX:MANAUSDT.P,4h,0.10516,0.03728546064312499,-0.0220012362985188,0.8477847753605134,10.630992054182572,NEGATIVE,47.4,42.2,50.7,0.0
ENTRY,2026-10-05 16:00:00+00:00,OP,BYBIT:OPUSDT.P,4h,0.1378,0.03028037383177562,-0.0025680630146371897,-0.041489292257090596,1.1158086155658467,EXTREME,39.0,26.3,16.3,0.0
ENTRY,2026-10-05 16:00:00+00:00,POL,BYBIT:POLUSDT.P,4h,0.10878,0.028555219364599038,0.023168108576739455,1.3773135536952235,2.73723894086392,NEUTRAL,84.4,39.2,15.4,37.4
ENTRY,2026-10-05 16:00:00+00:00,ZEC,BYBIT:ZECUSDT.P,4h,1340.04,0.034428456740566826,0.0770919521993898,0.27309973037884194,1.324196056009922,NEUTRAL,92.6,47.2,19.2,0.0
OI_SURGE,2026-10-05 16:00:00+00:00,BCH,BINANCE:BCHUSD.P,4h,315.26,0.0001903553299491545,0.0706786359426721,-0.25121970119865844,1.0858675841166472,EXTREME,31.3,23.6,12.9,7.1
OI_SURGE,2026-10-05 16:00:00+00:00,S,BINANCE:SUSDT.P,4h,0.04298,0.0009315323707499434,0.051653575655995265,0.2515304063544275,2.1606705347995514,EXTREME,52.9,43.8,8.5,40.0
OI_SURGE,2026-10-05 16:00:00+00:00,LINK,BINANCE:LINKUSD.P,4h,13.916,0.009649568308786272,0.5071432645146572,-0.4240326271591484,0.8772324194205002,NEGATIVE,100.0,46.5,52.2,0.0
OI_SURGE,2026-10-05 16:00:00+00:00,NEAR,BINANCE:NEARUSD.P,4h,5.187,0.03306114319856612,0.034436903572535815,-0.3301578792925544,0.9417189606284572,EXTREME,40.6,34.0,14.5,0.0
OI_SURGE,2026-10-05 16:00:00+00:00,SOL,BINANCE:SOLUSD.P,4h,120.19,0.007882599580712801,0.1554920066646608,-0.7932421479341573,0.5657695752018794,NEUTRAL,56.1,25.0,19.0,0.0
PRE_ENTRY,2026-10-05 16:00:00+00:00,BTC,BYBIT:BTCUSDT.P,4h,85695.3,0.005616270050354144,0.02275523552098324,-0.2814289845328961,1.0009075335417803,NEUTRAL,57.9,22.1,14.0,0.0
VOLUME_SURGE,2026-10-05 16:00:00+00:00,SAND,BYBIT:SANDUSDT.P,4h,0.06848,0.013167628347388716,-0.05507813692542218,0.11286915534362991,8.670893094441205,NEUTRAL,22.8,26.4,15.2,0.0
HOT_PRE_ENTRY,2026-10-05 12:00:00+00:00,S,BINANCE:SUSDT.P,4h,0.04294,0.015850484977525392,0.02725508271024224,0.6769826165857077,3.045270113364783,EXTREME,47.8,42.1,8.4,39.5
OI_SURGE,2026-10-05 12:00:00+00:00,BCH,BINANCE:BCHUSD.P,4h,315.2,-0.006587033943710852,0.023528859690286286,-0.19943972659546735,1.2627634084905082,EXTREME,24.8,20.9,12.9,0.0
OI_SURGE,2026-10-05 12:00:00+00:00,NEAR,BINANCE:NEARUSD.P,4h,5.021,0.0017956903431763926,0.2943112197123059,-0.22572383611629349,1.0202665522612175,EXTREME,66.9,49.5,16.0,0.0
OI_SURGE,2026-10-05 12:00:00+00:00,VIRTUAL,BINANCE:VIRTUALUSDT.P,4h,0.8379,-0.03099340811842266,0.010682953920618132,1.219144084950689,1.9072602676183579,EXTREME,34.9,30.2,6.6,40.0
PRE_ENTRY,2026-10-05 12:00:00+00:00,AAVE,BYBIT:AAVEUSDT.P,4h,182.74,0.009669042488535284,0.022584530103328948,1.2333387258966209,2.135485790429343,EXTREME,58.0,47.3,26.5,39.6
PRE_ENTRY,2026-10-05 12:00:00+00:00,ATOM,BINANCE:ATOMUSDT.P,4h,1.782,0.001686340640809414,0.019301264680604113,1.7494989120060493,2.2078623755069167,NEUTRAL,60.1,25.6,22.7,0.0
WHALE_ACCUM,2026-10-05 12:00:00+00:00,ADA,BYBIT:ADAUSDT.P,4h,0.2638,-0.030859662013225653,0.029569167996339685,2.2154293962588922,2.5849582243280262,EXTREME,61.2,40.6,8.2,84.1
WHALE_ACCUM,2026-10-05 12:00:00+00:00,MANA,OKX:MANAUSDT.P,4h,0.10138,-0.0190614417029511,0.011428742904324052,-0.03215951509589941,3.629216235752075,NEUTRAL,22.8,24.2,37.4,100.0
WHALE_ACCUM,2026-10-05 12:00:00+00:00,SAND,BYBIT:SANDUSDT.P,4h,0.06759,-0.059421096576676824,0.0013682282688762815,0.5812806642232933,15.720022707720451,NEGATIVE,23.5,31.3,0.0,100.0
OI_SURGE,2026-10-05 08:00:00+00:00,ADA,BYBIT:ADAUSDT.P,4h,0.2722,-0.00256504213997788,0.015100002252441014,0.6506470443000828,1.5719583487544775,EXTREME,37.7,32.0,0.0,45.8
OI_SURGE,2026-10-05 08:00:00+00:00,BCH,BINANCE:BCHUSD.P,4h,317.29,-0.00523576624028077,0.04900956956641589,-0.37413970595360624,0.7189734547947889,EXTREME,28.4,23.4,14.0,0.0
PRE_ENTRY,2026-10-05 08:00:00+00:00,HYPE,BYBIT:HYPEUSDT.P,4h,93.45,0.006787330316742279,0.01672472157618654,0.21783669026821348,1.2629631540865744,EXTREME,61.1,26.3,10.6,0.0
WHALE_ACCUM,2026-10-05 08:00:00+00:00,MANA,OKX:MANAUSDT.P,4h,0.10335,-0.0016421947449768437,-0.008612804582265543,-0.25492839206988455,1.8027725865868955,NEUTRAL,20.0,29.0,5.1,100.0
WHALE_ACCUM,2026-10-05 08:00:00+00:00,SAND,BYBIT:SANDUSDT.P,4h,0.07186,-0.011690276440654679,-0.014352789937128296,0.05129572192319407,7.868309636208413,NEGATIVE,20.3,29.2,0.0,100.0
OI_SURGE,2026-10-05 04:00:00+00:00,ADA,BYBIT:ADAUSDT.P,4h,0.2729,0.015252976190476053,0.0602634139586562,1.2077837457001523,1.923887441574161,EXTREME,100.0,61.2,0.0,23.0
OI_SURGE,2026-10-05 04:00:00+00:00,BCH,BINANCE:BCHUSD.P,4h,318.96,-0.002564262930764838,0.3712974213581748,-0.39145043096187104,0.6498695154234647,EXTREME,77.2,45.5,9.9,0.0
PRE_ENTRY,2026-10-05 04:00:00+00:00,BTC,BYBIT:BTCUSDT.P,4h,86227.0,0.0021233248454575193,0.016214990321996803,0.4033782662362717,1.7774519526061343,NEUTRAL,42.5,16.8,9.8,26.0
PRE_ENTRY,2026-10-05 04:00:00+00:00,OP,BYBIT:OPUSDT.P,4h,0.13595,0.021259014423076872,0.02858784638065681,-0.13710610727207437,1.060084117949023,EXTREME,54.6,36.2,11.0,0.0
PRE_ENTRY,2026-10-05 04:00:00+00:00,VIRTUAL,BINANCE:VIRTUALUSDT.P,4h,0.8757,0.0019450800915332689,0.03570147573347282,0.6056698830589982,1.520027086948165,EXTREME,50.1,37.6,1.3,40.0
WHALE_ACCUM,2026-10-05 04:00:00+00:00,MANA,OKX:MANAUSDT.P,4h,0.10352,0.02211690363349139,0.0877655389644254,-0.04426287016739356,3.549558676658935,EXTREME,67.0,45.5,10.0,100.0
WHALE_ACCUM,2026-10-05 04:00:00+00:00,SAND,BYBIT:SANDUSDT.P,4h,0.07271,0.018347338935574165,-0.010576114635517886,0.4245372697046391,13.469703939729332,NEUTRAL,26.2,28.3,0.0,100.0
ENTRY,2026-10-05 00:00:00+00:00,VIRTUAL,BINANCE:VIRTUALUSDT.P,4h,0.874,0.037758252196627984,-0.021104099162427503,0.36208933374506413,1.3784551249137298,EXTREME,45.2,35.1,16.7,20.2
OI_SURGE,2026-10-05 00:00:00+00:00,S,BINANCE:SUSDT.P,1d,0.04357,0.06972747360667797,0.05220007460176501,0.1985642460989801,2.649625288617565,NEGATIVE,50.7,38.7,24.3,36.2
OI_SURGE,2026-10-05 00:00:00+00:00,LINK,BINANCE:LINKUSD.P,4h,14.139,-0.00890228515351188,0.016442892716863833,-0.7783168281661352,0.4853719602526228,NEUTRAL,24.0,13.5,29.6,0.0
OI_SURGE,2026-10-05 00:00:00+00:00,SOL,BINANCE:SOLUSD.P,4h,120.32,-0.009793432639289001,0.19825160170049694,-0.6088285966698913,0.7061714265665991,NEUTRAL,55.1,25.1,25.9,0.0
OI_SURGE,2026-10-05 00:00:00+00:00,SUI,BYBIT:SUIUSDT.P,1d,1.2134,0.00463652922669322,0.029521748808478687,0.2576811029777393,1.5080261566531874,EXTREME,35.1,36.0,3.7,0.0
OI_SURGE,2026-10-05 00:00:00+00:00,TAO,BINANCE:TAOUSDT.P,1d,305.84,0.004829648125636465,0.048047945924115876,0.19208669596773165,1.3744793648577807,EXTREME,43.2,38.3,3.6,10.0
OI_SURGE,2026-10-05 00:00:00+00:00,VIRTUAL,BINANCE:VIRTUALUSDT.P,1d,0.8572,0.017810496319164093,0.050988600646814985,0.7474564651958556,1.7807793457471464,EXTREME,52.7,40.3,1.1,7.5
OI_SURGE,2026-10-05 00:00:00+00:00,XRP,BYBIT:XRPUSDT.P,1d,1.5071,-0.008552068942832669,-0.012637311098686044,-0.26058457974126126,1.0466765078556353,EXTREME,20.0,17.8,0.0,21.1
PRE_ENTRY,2026-10-05 00:00:00+00:00,DOT,BYBIT:DOTUSDT.P,1d,1.2305,0.021161825726141004,0.03959105371935956,0.18725737954389546,1.152168511152101,EXTREME,43.9,31.1,10.6,0.0
PRE_ENTRY,2026-10-05 00:00:00+00:00,SUI,BYBIT:SUIUSDT.P,4h,1.2302,0.01854611690677266,0.023494535880537626,-0.5219744027307682,0.769241476629645,EXTREME,51.2,38.6,8.0,52.8
VOLUME_SURGE,2026-10-05 00:00:00+00:00,NEAR,BINANCE:NEARUSD.P,1d,5.289,0.07565588773642462,0.14310283353258257,1.1382224020920635,3.254120030637709,EXTREME,63.3,49.5,7.6,0.0
WHALE_ACCUM,2026-10-05 00:00:00+00:00,ADA,BYBIT:ADAUSDT.P,1d,0.2704,0.041201386214863245,0.025630948658938113,1.2907948573704981,1.605202311793931,EXTREME,62.2,45.7,0.0,86.5
WHALE_ACCUM,2026-10-05 00:00:00+00:00,AVAX,BYBIT:AVAXUSDT.P,1d,11.123,0.0021623569690962796,-0.0014410591096724046,-0.586078972236211,0.7687445060296672,EXTREME,20.0,25.0,4.4,100.0
WHALE_ACCUM,2026-10-05 00:00:00+00:00,HBAR,BYBIT:HBARUSDT.P,1d,0.10167,-0.02174540556143556,-0.009151260835293828,-0.006386620704651742,1.498241595676171,NEUTRAL,20.0,24.2,0.0,100.0
WHALE_ACCUM,2026-10-05 00:00:00+00:00,LTC,BYBIT:LTCUSDT.P,1d,70.05,-0.008492569002123251,-0.019943663269863077,-0.295355510454091,0.9409643985887307,NEUTRAL,20.0,25.0,3.3,100.0
WHALE_ACCUM,2026-10-05 00:00:00+00:00,MANA,OKX:MANAUSDT.P,4h,0.10128,-0.02021863209828778,0.02209730650381858,0.571131963860432,8.629179989568518,EXTREME,31.2,29.2,10.0,100.0
WHALE_ACCUM,2026-10-05 00:00:00+00:00,MANA,OKX:MANAUSDT.P,1d,0.10507,0.016445777304827214,-0.08844069459270731,1.1202002757821032,5.5408862661857725,EXTREME,32.2,35.9,0.0,100.0
WHALE_ACCUM,2026-10-05 00:00:00+00:00,OP,BYBIT:OPUSDT.P,1d,0.13844,0.03213300529337215,-0.03068012795164332,-0.039963274244530264,1.1224533284042648,EXTREME,29.8,33.3,1.3,100.0
WHALE_ACCUM,2026-10-05 00:00:00+00:00,SAND,BYBIT:SANDUSDT.P,4h,0.0714,-0.061637534498620083,-0.02504941073071376,0.5538123407632387,15.304396117169109,NEGATIVE,23.3,31.2,0.0,100.0
WHALE_ACCUM,2026-10-05 00:00:00+00:00,SAND,BYBIT:SANDUSDT.P,1d,0.06971,-0.0838480746484428,-0.1341988564260489,1.6169028967411292,17.3629099959961,NEGATIVE,0.0,28.9,8.4,100.0
WHALE_ACCUM,2026-10-05 00:00:00+00:00,THETA,BYBIT:THETAUSDT.P,1d,0.2323,0.0017248814144028568,0.01856623530332091,-0.25857190550730264,1.0064160344148942,EXTREME,23.0,30.3,0.0,100.0
WHALE_ACCUM,2026-10-05 00:00:00+00:00,TIA,BYBIT:TIAUSDT.P,1d,0.4779,-0.002296450939457184,0.0002705874915931439,0.20284445420053213,1.1862663470907187,EXTREME,21.2,29.8,10.6,100.0
OI_SURGE,2026-10-04 20:00:00+00:00,LINK,BINANCE:LINKUSD.P,4h,14.266,0.010053809119229706,0.053623835219972715,-0.7031963459561146,0.5697895107477479,NEUTRAL,37.3,20.5,27.5,0.0
OI_SURGE,2026-10-04 20:00:00+00:00,RUNE,BINANCE:RUNEUSDT.P,4h,0.7955,-0.0017568076295646495,0.022678094547694316,-0.3589735387997761,1.0207365800251245,EXTREME,27.6,32.3,14.6,0.0
OI_SURGE,2026-10-04 20:00:00+00:00,SOL,BINANCE:SOLUSD.P,4h,121.51,0.003965958853176854,0.0659059522306098,-0.08801214754756315,1.1488339540671118,NEUTRAL,35.9,17.9,19.8,0.0
OI_SURGE,2026-10-04 20:00:00+00:00,VIRTUAL,BINANCE:VIRTUALUSDT.P,4h,0.8422,0.0014268727705113449,0.02327025476867206,-0.3248778058633068,0.9410069403098861,EXTREME,37.1,26.7,21.8,24.7
PRE_ENTRY,2026-10-04 20:00:00+00:00,BCH,BINANCE:BCHUSD.P,4h,318.45,0.006861009232325799,0.016514726058134865,-0.44994332441893936,0.49430186057863806,EXTREME,27.1,23.7,14.6,0.0
PRE_ENTRY,2026-10-04 20:00:00+00:00,TAO,BINANCE:TAOUSDT.P,4h,304.37,0.0058493060145405895,0.025320376528063404,-1.1852768598645245,0.42062007052413236,EXTREME,43.2,24.2,15.6,22.9
WHALE_ACCUM,2026-10-04 20:00:00+00:00,MANA,OKX:MANAUSDT.P,4h,0.10337,0.0012592018597443744,0.016495331000438762,-0.12012084323412583,2.86189867102525,NEGATIVE,25.5,27.4,28.1,100.0
WHALE_ACCUM,2026-10-04 20:00:00+00:00,SAND,BYBIT:SANDUSDT.P,4h,0.07609,0.02367819184716824,-0.08578802694000953,0.10695646046882579,8.507701354693353,NEUTRAL,25.9,27.7,0.0,100.0
OI_SURGE,2026-10-04 16:00:00+00:00,BCH,BINANCE:BCHUSD.P,4h,316.28,-0.0023657067154527756,-0.0028893974455681537,-0.529787035061644,0.2854096190616267,EXTREME,21.7,16.7,20.1,0.0
OI_SURGE,2026-10-04 16:00:00+00:00,DOT,BYBIT:DOTUSDT.P,4h,1.224,0.019745063734066592,0.010936350819623852,-0.1402406212009592,1.0100485289363137,EXTREME,50.0,29.4,21.0,0.0
OI_SURGE,2026-10-04 16:00:00+00:00,LINK,BINANCE:LINKUSD.P,4h,14.124,-0.0006368074718742234,0.07960402400385469,-0.9037236399300541,0.3649854435217231,EXTREME,33.7,17.9,23.8,0.0
OI_SURGE,2026-10-04 16:00:00+00:00,NEAR,BINANCE:NEARUSD.P,4h,4.963,0.028174849803190405,0.00793689780279161,-0.28558910905654855,0.9789564400589128,EXTREME,33.5,34.9,19.2,0.0
OI_SURGE,2026-10-04 16:00:00+00:00,RUNE,BINANCE:RUNEUSDT.P,4h,0.7969,-0.010185070177617717,0.010721875258570712,0.051915653703372415,1.9313011959584274,EXTREME,23.2,26.5,19.4,0.0
OI_SURGE,2026-10-04 16:00:00+00:00,SOL,BINANCE:SOLUSD.P,4h,121.03,-0.003868312757201675,0.017730738224116083,-0.9638707467513429,0.4177272391747789,NEUTRAL,24.6,12.6,21.1,0.0
OI_SURGE,2026-10-04 16:00:00+00:00,VIRTUAL,BINANCE:VIRTUALUSDT.P,4h,0.841,0.029753887596424722,0.056507555349025074,2.5632080861980264,2.7496168950682667,NEGATIVE,100.0,60.1,12.2,14.9
SQUEEZE_SETUP,2026-10-04 16:00:00+00:00,S,BINANCE:SUSDT.P,4h,0.0405,-0.006134969325153339,0.012979968098832728,-0.4753234711199944,0.6370118548209666,NEGATIVE,25.5,23.8,55.0,40.0
WHALE_ACCUM,2026-10-04 16:00:00+00:00,MANA,OKX:MANAUSDT.P,4h,0.10324,-0.010257885150033563,-0.020747748113795983,-0.06258595804075753,3.327507828382235,NEGATIVE,0.0,29.0,19.2,100.0
WHALE_ACCUM,2026-10-04 16:00:00+00:00,SAND,BYBIT:SANDUSDT.P,4h,0.07433,-0.03417359667359676,-0.04056193937807284,0.3659320870131235,12.430606556627808,NEUTRAL,0.0,30.5,0.0,100.0
OI_SURGE,2026-10-04 12:00:00+00:00,RUNE,BINANCE:RUNEUSDT.P,4h,0.8051,0.009909683893627674,0.1432157186116947,-0.11361631717268157,1.5761139151480048,EXTREME,83.6,56.8,11.1,0.0
OI_SURGE,2026-10-04 12:00:00+00:00,SOL,BINANCE:SOLUSD.P,4h,121.5,0.0027234463976231194,0.13678436785991277,-0.5605759020516213,0.7525038753130406,NEUTRAL,46.5,22.7,14.8,0.0
PRE_ENTRY,2026-10-04 12:00:00+00:00,APT,BYBIT:APTUSDT.P,4h,0.8106,0.0236140926884707,0.025447561820043152,-0.6854100166384216,0.664006765863511,NEGATIVE,59.5,34.0,30.9,12.0
PRE_ENTRY,2026-10-04 12:00:00+00:00,DOT,BYBIT:DOTUSDT.P,4h,1.2003,0.0077239526488119825,0.026857129968710813,-1.3717975897513692,0.46436189546322815,EXTREME,64.7,33.9,20.8,0.0
PRE_ENTRY,2026-10-04 12:00:00+00:00,LINK,BINANCE:LINKUSD.P,4h,14.133,0.004192127326985817,0.013375749056743436,-0.6412076509185067,0.6406739778260608,EXTREME,25.5,18.5,21.5,0.0
PRE_ENTRY,2026-10-04 12:00:00+00:00,TAO,BINANCE:TAOUSDT.P,4h,303.91,0.008361259497660978,0.022594410319800584,-1.0021904390067413,0.5449756158179774,EXTREME,42.4,28.0,10.7,17.4
WHALE_ACCUM,2026-10-04 12:00:00+00:00,MANA,OKX:MANAUSDT.P,4h,0.10431,-0.006949733434881922,0.01215012195815901,0.8638211558373637,11.474930017426841,NEGATIVE,0.0,30.0,21.9,100.0
WHALE_ACCUM,2026-10-04 12:00:00+00:00,SAND,BYBIT:SANDUSDT.P,4h,0.07696,-0.008375209380234505,-0.010247512226530975,1.5313775210198692,30.035241865999957,NEUTRAL,0.0,35.1,0.6,100.0
OI_SURGE,2026-10-04 08:00:00+00:00,S,BINANCE:SUSDT.P,4h,0.04091,-0.008242424242424273,0.004567603716165047,-0.1859595340891737,1.2711656379575094,EXTREME,21.4,23.7,36.5,28.5
PRE_ENTRY,2026-10-04 08:00:00+00:00,ATOM,BINANCE:ATOMUSDT.P,4h,1.769,0.013172966781214157,0.030359469039482168,-0.03763679000778652,1.1719858044888063,NEUTRAL,76.5,30.2,20.9,11.7
PRE_ENTRY,2026-10-04 08:00:00+00:00,NEAR,BINANCE:NEARUSD.P,4h,4.874,0.01436004162330895,0.2931825407639552,-0.8009589108148638,0.6046409827319693,EXTREME,78.5,54.6,12.7,0.0
PRE_ENTRY,2026-10-04 08:00:00+00:00,SOL,BINANCE:SOLUSD.P,4h,121.17,0.0009086403436313617,0.045415600704479475,-0.9292086850156729,0.4529774346657929,NEGATIVE,29.8,15.2,35.8,0.0
WHALE_ACCUM,2026-10-04 08:00:00+00:00,MANA,OKX:MANAUSDT.P,4h,0.10504,0.004686752749880396,-0.07392423104505175,0.3707021225835932,7.084562313972794,NEGATIVE,0.0,30.7,20.3,100.0
WHALE_ACCUM,2026-10-04 08:00:00+00:00,SAND,BYBIT:SANDUSDT.P,4h,0.07761,0.02131859455191476,-0.024776861494820168,0.9021597656210263,20.106747195566395,NEGATIVE,0.0,34.5,1.6,100.0
OI_SURGE,2026-10-04 04:00:00+00:00,S,BINANCE:SUSDT.P,4h,0.04125,0.002430133657351119,0.028808604684255057,0.07622928180418491,1.8828897823769946,EXTREME,33.9,30.5,38.4,27.4
PRE_ENTRY,2026-10-04 04:00:00+00:00,ARB,BINANCE:ARBUSDT.P,4h,0.20214,0.0030268446385153247,0.02779383659837298,-1.2139456448676877,0.20160498994709558,NEUTRAL,44.8,27.3,18.5,11.1
SQUEEZE_SETUP,2026-10-04 04:00:00+00:00,NEO,BINANCE:NEOUSDT.P,4h,2.566,0.014630288651640955,-0.002913759811707606,-0.25328085255773736,0.9432068157444141,EXTREME,31.8,15.3,55.9,33.0
WHALE_ACCUM,2026-10-04 04:00:00+00:00,MANA,OKX:MANAUSDT.P,4h,0.10455,0.015442890442890489,-0.04412464337722033,1.2482930114566977,15.245725077882236,NEUTRAL,5.2,33.3,21.0,100.0
WHALE_ACCUM,2026-10-04 04:00:00+00:00,SAND,BYBIT:SANDUSDT.P,4h,0.07599,-0.0006575486586006818,0.04891694749565989,1.472559197612282,28.95671137628058,NEGATIVE,4.2,33.2,0.2,100.0
OI_SURGE,2026-10-04 00:00:00+00:00,BCH,BINANCE:BCHUSD.P,4h,316.44,-0.009484458634613668,0.04105697849282697,-0.44852379782350693,0.5385667002446395,NEUTRAL,0.0,24.4,15.5,0.0
OI_SURGE,2026-10-04 00:00:00+00:00,S,BINANCE:SUSDT.P,4h,0.04115,-0.049653579676674386,0.08295899122704165,1.7738375333036933,5.771490884307605,NEGATIVE,72.2,49.6,24.3,24.8
OI_SURGE,2026-10-04 00:00:00+00:00,LINK,BINANCE:LINKUSD.P,4h,14.007,-0.006807062327164437,0.021619425889149557,-0.8494613657875452,0.44483147218522695,EXTREME,24.9,17.7,11.0,0.0
OI_SURGE,2026-10-04 00:00:00+00:00,NEAR,BINANCE:NEARUSD.P,4h,4.805,-0.005793503000206979,0.06096638569569279,-0.811319032492205,0.6080517265750751,EXTREME,32.7,34.6,10.5,0.0
OI_SURGE,2026-10-04 00:00:00+00:00,NEO,BINANCE:NEOUSDT.P,1d,2.569,0.011417322834645693,0.017974494772631466,-0.30167833886812356,1.0066082444467213,EXTREME,33.4,18.3,2.9,34.2
OI_SURGE,2026-10-04 00:00:00+00:00,SOL,BINANCE:SOLUSD.P,4h,120.69,0.00970467665021335,0.026480579763639378,-0.6003394634011391,0.6926697653856172,NEGATIVE,36.3,17.8,38.0,0.0
PRE_ENTRY,2026-10-04 00:00:00+00:00,SOL,BINANCE:SOLUSD.P,1d,121.51,0.01656487910984694,0.2633728054456923,-0.5007551282812007,0.9417676306155209,NEGATIVE,48.9,37.7,23.7,0.0
VOLUME_SURGE,2026-10-04 00:00:00+00:00,NEAR,BINANCE:NEARUSD.P,1d,4.917,0.017380509000620714,-0.025321458505107253,0.38546379276883025,2.1154953782631494,EXTREME,24.2,31.4,0.0,0.0
WHALE_ACCUM,2026-10-04 00:00:00+00:00,ADA,BYBIT:ADAUSDT.P,1d,0.2597,0.06609195402298851,-0.01989790136000047,-0.018855321341593737,1.0235171530331306,NEUTRAL,44.6,36.7,8.7,88.6
WHALE_ACCUM,2026-10-04 00:00:00+00:00,AVAX,BYBIT:AVAXUSDT.P,1d,11.099,-0.0017089404569167188,0.004066485486770022,-1.0116661915866458,0.43249432568015855,EXTREME,20.0,25.0,4.2,100.0
WHALE_ACCUM,2026-10-04 00:00:00+00:00,ETH,BYBIT:ETHUSDT.P,1d,2725.9,0.014805686992066747,0.037670820951472894,-1.2729945432265641,0.43546486003707446,NEUTRAL,38.7,33.2,7.8,89.6
WHALE_ACCUM,2026-10-04 00:00:00+00:00,HBAR,BYBIT:HBARUSDT.P,1d,0.10393,0.01972135007849296,-0.06612244435877779,-0.19189266776904845,1.0689040616083747,NEUTRAL,25.9,27.6,5.1,100.0
WHALE_ACCUM,2026-10-04 00:00:00+00:00,LTC,BYBIT:LTCUSDT.P,1d,70.65,0.005980350277659197,0.03425195553527871,-0.1757858108018018,1.059229984671826,EXTREME,7.9,32.8,4.3,100.0
WHALE_ACCUM,2026-10-04 00:00:00+00:00,MANA,OKX:MANAUSDT.P,4h,0.10296,-0.013509629203794282,-0.033142337449480586,0.8118270025281992,11.390724630161554,NEUTRAL,0.0,28.2,5.2,100.0
WHALE_ACCUM,2026-10-04 00:00:00+00:00,MANA,OKX:MANAUSDT.P,1d,0.10337,-0.009581297307655445,0.10399537470198639,2.0297963463300617,8.361982189724545,NEUTRAL,65.1,47.5,16.0,100.0
WHALE_ACCUM,2026-10-04 00:00:00+00:00,OP,BYBIT:OPUSDT.P,1d,0.13413,-0.015559633027523057,0.019925027921797067,-0.8364956253008515,0.6820808769694243,NEUTRAL,24.8,27.6,0.0,100.0
WHALE_ACCUM,2026-10-04 00:00:00+00:00,SAND,BYBIT:SANDUSDT.P,4h,0.07604,0.014678409394181857,0.00817824326533545,1.5325965407110405,30.29403245940077,NEGATIVE,1.1,32.0,2.6,100.0
WHALE_ACCUM,2026-10-04 00:00:00+00:00,SAND,BYBIT:SANDUSDT.P,1d,0.07609,0.015345609821190154,0.23326485756278093,3.5420120842646887,32.625486232774804,NEGATIVE,34.5,49.4,12.9,100.0
WHALE_ACCUM,2026-10-04 00:00:00+00:00,THETA,BYBIT:THETAUSDT.P,1d,0.2319,0.02384105960264904,-0.0056881843823572975,-0.5888499646096061,0.5644572172039632,EXTREME,27.2,32.2,0.0,100.0
WHALE_ACCUM,2026-10-04 00:00:00+00:00,TIA,BYBIT:TIAUSDT.P,1d,0.479,0.013542107490478017,0.03961484206201793,-0.5977578862722439,0.7904570436043599,EXTREME,33.3,30.8,10.9,100.0
WHALE_ACCUM,2026-10-04 00:00:00+00:00,XRP,BYBIT:XRPUSDT.P,1d,1.5201,0.023222940226171218,-0.037364762288981224,-0.7992522976640751,0.5092408839686108,NEUTRAL,28.9,22.7,1.0,88.6
OI_SURGE,2026-10-03 20:00:00+00:00,BCH,BINANCE:BCHUSD.P,4h,319.47,0.013739925112648432,0.07952173576931987,-0.41767102238146925,0.6146567851489423,NEUTRAL,18.6,30.9,1.4,0.0
OI_SURGE,2026-10-03 20:00:00+00:00,LINK,BINANCE:LINKUSD.P,4h,14.103,0.009809537448088212,0.24011458985279366,-0.5757748714912398,0.7297578799986341,NEUTRAL,70.6,34.5,24.9,0.0
OI_SURGE,2026-10-03 20:00:00+00:00,NEAR,BINANCE:NEARUSD.P,4h,4.833,0.023290281600677698,0.05048675733715102,-0.5103977134753901,0.8275887226581915,EXTREME,31.0,45.3,5.8,0.0
OI_SURGE,2026-10-03 20:00:00+00:00,SOL,BINANCE:SOLUSD.P,4h,119.53,-0.0013367866989723032,0.016857316184332838,-1.1831156650677201,0.2563224474584969,NEGATIVE,24.9,11.8,30.2,0.0
OI_SURGE,2026-10-03 20:00:00+00:00,ZEC,BYBIT:ZECUSDT.P,4h,1305.1,-0.011564940130417978,0.007501496411531194,-0.9211025375479479,0.5528330722621169,NEUTRAL,25.8,8.1,2.0,0.0
WHALE_ACCUM,2026-10-03 20:00:00+00:00,MANA,OKX:MANAUSDT.P,4h,0.10437,0.0,-0.010087328567576659,0.5756522348540832,9.160255078178832,NEUTRAL,0.0,27.3,9.6,100.0
WHALE_ACCUM,2026-10-03 20:00:00+00:00,SAND,BYBIT:SANDUSDT.P,4h,0.07494,0.004153825539327416,-0.00030443836219373743,0.6290620969110284,16.368411628817974,NEGATIVE,0.0,27.5,4.1,100.0
OI_SURGE,2026-10-03 16:00:00+00:00,BCH,BINANCE:BCHUSD.P,4h,315.14,0.003183294072706344,0.05028552870172409,-0.48274332513936585,0.4427615484242337,EXTREME,0.3,24.9,14.8,0.0
OI_SURGE,2026-10-03 16:00:00+00:00,LINK,BINANCE:LINKUSD.P,4h,13.966,0.010637528041102629,0.022124791312352787,-0.7807892052059668,0.518577331557559,EXTREME,33.3,21.2,12.9,0.0
OI_SURGE,2026-10-03 16:00:00+00:00,NEAR,BINANCE:NEARUSD.P,4h,4.723,0.01635463740047327,0.05614104056730729,-1.005149079003305,0.46494639933973836,EXTREME,36.8,36.4,8.5,0.0
OI_SURGE,2026-10-03 16:00:00+00:00,RENDER,BYBIT:RENDERUSDT.P,4h,1.975,-0.01985111662531014,0.023379803107719477,-0.9460442399188315,0.4240417259350955,EXTREME,53.1,40.1,13.9,2.6
OI_SURGE,2026-10-03 16:00:00+00:00,SOL,BINANCE:SOLUSD.P,4h,119.69,0.0007525083612041072,0.1768975134702011,-0.9628091148517269,0.4309788956467794,NEUTRAL,53.6,24.6,20.7,0.0
WHALE_ACCUM,2026-10-03 16:00:00+00:00,MANA,OKX:MANAUSDT.P,4h,0.10437,0.007821552723059177,0.008516443178886224,0.7980251439364888,11.194269261110279,NEGATIVE,0.0,34.0,19.3,100.0
WHALE_ACCUM,2026-10-03 16:00:00+00:00,SAND,BYBIT:SANDUSDT.P,4h,0.07463,-0.007447798909429482,0.040131156521916234,1.1131538046309302,24.608128147944864,NEGATIVE,0.7,31.2,12.7,100.0
WHALE_ACCUM,2026-10-03 16:00:00+00:00,SUI,BYBIT:SUIUSDT.P,4h,1.1739,-0.0022099447513813653,0.004730015188927794,-1.3604362888083363,0.2505950048741165,EXTREME,25.0,31.2,15.7,78.9
PRE_ENTRY,2026-10-03 12:00:00+00:00,SOL,BINANCE:SOLUSD.P,4h,119.6,0.003103245827392298,0.06865039586073562,-0.6985288759813147,0.6349411756211647,NEUTRAL,35.9,16.8,20.3,0.0
WHALE_ACCUM,2026-10-03 12:00:00+00:00,MANA,OKX:MANAUSDT.P,4h,0.10356,0.007981312049834655,-0.048874274225457315,0.9876141834561104,12.875447843737586,NEGATIVE,0.0,34.1,18.6,100.0
WHALE_ACCUM,2026-10-03 12:00:00+00:00,SAND,BYBIT:SANDUSDT.P,4h,0.07519,0.02957688621114629,0.07234850194214393,2.080653193499582,40.03541229234682,NEGATIVE,18.6,40.4,7.2,100.0
WHALE_ACCUM,2026-10-03 12:00:00+00:00,SUI,BYBIT:SUIUSDT.P,4h,1.1765,-0.007675438596491113,0.01645428654220593,-1.029393451780499,0.47032022268296986,EXTREME,37.0,36.5,14.4,77.3
OI_SURGE,2026-10-03 08:00:00+00:00,RENDER,BYBIT:RENDERUSDT.P,4h,1.963,0.016571724495080264,0.01184763976665626,-0.7397298494301163,0.6118767442581421,EXTREME,46.4,36.9,14.3,0.0
WHALE_ACCUM,2026-10-03 08:00:00+00:00,MANA,OKX:MANAUSDT.P,4h,0.10274,-0.02486712224753229,0.19495013838570974,2.059228579394184,22.352382970945783,NEGATIVE,82.4,74.7,21.6,100.0
WHALE_ACCUM,2026-10-03 08:00:00+00:00,SAND,BYBIT:SANDUSDT.P,4h,0.07303,-0.060102960102960235,0.04503483286607213,3.0362137199695036,53.18355529541367,NEUTRAL,13.3,39.4,0.3,100.0
WHALE_ACCUM,2026-10-03 04:00:00+00:00,MANA,OKX:MANAUSDT.P,4h,0.10536,0.0006648304682306261,0.0063223795598807975,6.780051913066008,54.98819522110997,NEGATIVE,15.5,45.6,38.0,100.0
WHALE_ACCUM,2026-10-03 04:00:00+00:00,SAND,BYBIT:SANDUSDT.P,4h,0.0777,-0.011953204476093493,0.049775540856162204,3.8652661488833613,62.678635804595544,NEGATIVE,19.0,43.0,7.4,100.0
ENTRY,2026-10-03 00:00:00+00:00,SAND,BYBIT:SANDUSDT.P,4h,0.07864,0.14352188454267845,0.1491423731550332,7.704606900573854,97.2388329982826,NEGATIVE,91.7,75.5,11.4,100.0
OI_SURGE,2026-10-03 00:00:00+00:00,ETH,BYBIT:ETHUSDT.P,1d,2686.13,0.00711621018690356,-0.0028463266579573654,-1.6001278790985758,0.29337132093159873,NEGATIVE,21.0,25.4,20.9,46.6
OI_SURGE,2026-10-03 00:00:00+00:00,LINK,BINANCE:LINKUSD.P,4h,13.934,0.01132239802583812,0.10090004341582337,-0.5765775459460244,0.7316026711185308,EXTREME,48.4,24.0,31.3,0.0
OI_SURGE,2026-10-03 00:00:00+00:00,NEAR,BINANCE:NEARUSD.P,4h,4.697,0.0010656436487639365,0.05101655699775187,-1.1153636891481964,0.406214326970743,EXTREME,34.2,35.2,11.8,0.0
OI_SURGE,2026-10-03 00:00:00+00:00,NEO,BINANCE:NEOUSDT.P,1d,2.54,0.0023677979479086453,0.052803080571099725,-0.6589011801135847,0.7128680835258052,EXTREME,52.0,25.2,1.6,34.4
OI_SURGE,2026-10-03 00:00:00+00:00,SOL,BINANCE:SOLUSD.P,4h,119.3,0.006581167735403293,0.0035437983528825434,-1.159436260572988,0.31725544398456706,EXTREME,28.2,13.4,26.6,0.0
OI_SURGE,2026-10-03 00:00:00+00:00,SUI,BYBIT:SUIUSDT.P,1d,1.1839,0.03370295992316419,0.03803213652239679,-0.4083456049970933,0.9369248822942697,NEUTRAL,48.3,37.4,0.7,0.0
PRE_ENTRY,2026-10-03 00:00:00+00:00,AAVE,BYBIT:AAVEUSDT.P,1d,181.47,0.010974930362116941,0.06884786439708046,-0.5357199087072377,0.7855678327329516,EXTREME,50.9,38.5,6.1,0.0
PRE_ENTRY,2026-10-03 00:00:00+00:00,ATOM,BINANCE:ATOMUSDT.P,4h,1.674,0.014545454545454639,0.016214762896063606,-0.8263573560136102,0.7235474886975466,EXTREME,63.1,16.7,14.4,0.0
PRE_ENTRY,2026-10-03 00:00:00+00:00,LINK,BINANCE:LINKUSD.P,1d,14.103,0.023588329220496362,0.017416424539959285,-0.23868592643881878,1.1670356202279175,EXTREME,30.2,29.5,6.9,0.0
VOLUME_SURGE,2026-10-03 00:00:00+00:00,NEAR,BINANCE:NEARUSD.P,1d,4.833,0.030051150895140655,-0.19729465111063704,0.09658163179117493,1.6763878250795454,EXTREME,18.5,40.0,0.0,0.0
WHALE_ACCUM,2026-10-03 00:00:00+00:00,ADA,BYBIT:ADAUSDT.P,1d,0.2436,-0.002865329512893866,-0.033389235504171944,-1.6897698646111268,0.2912777014663739,NEGATIVE,20.0,14.3,21.2,83.5
WHALE_ACCUM,2026-10-03 00:00:00+00:00,AVAX,BYBIT:AVAXUSDT.P,1d,11.118,0.0302075611564121,0.0003692941155650775,-0.7868420294780709,0.6277563600940587,NEGATIVE,29.7,29.2,13.8,100.0
WHALE_ACCUM,2026-10-03 00:00:00+00:00,HBAR,BYBIT:HBARUSDT.P,1d,0.10192,-0.003714565004887649,-0.15401921529641605,-0.13888734163261104,1.1924652280899461,NEGATIVE,20.0,24.7,8.7,100.0
WHALE_ACCUM,2026-10-03 00:00:00+00:00,LTC,BYBIT:LTCUSDT.P,1d,70.23,0.005728197049978512,-0.03845860380354671,-0.31315785003341373,0.9356043706033704,NEUTRAL,0.0,25.0,3.6,100.0
WHALE_ACCUM,2026-10-03 00:00:00+00:00,MANA,OKX:MANAUSDT.P,4h,0.10529,0.05048388705976259,0.029395921653403434,3.433791531531594,28.107111868966893,NEUTRAL,55.0,62.2,5.2,100.0
WHALE_ACCUM,2026-10-03 00:00:00+00:00,MANA,OKX:MANAUSDT.P,1d,0.10437,0.04130499850344216,0.3153763939298313,7.461393984758354,21.07193474876637,NEUTRAL,100.0,94.7,7.8,100.0
WHALE_ACCUM,2026-10-03 00:00:00+00:00,OP,BYBIT:OPUSDT.P,1d,0.13625,0.07249685138539053,-0.05764894990319358,-0.24734304358475537,1.0070653216976344,NEGATIVE,44.0,34.0,0.9,100.0
WHALE_ACCUM,2026-10-03 00:00:00+00:00,SAND,BYBIT:SANDUSDT.P,1d,0.07494,0.08971935436963796,1.4711107431801937,11.164636261986288,65.45328814275776,NEGATIVE,100.0,96.4,23.5,100.0
WHALE_ACCUM,2026-10-03 00:00:00+00:00,THETA,BYBIT:THETAUSDT.P,1d,0.2265,0.016150740242261152,0.011827971024914286,-0.5162856953202936,0.6647539087121018,EXTREME,25.4,31.4,0.0,100.0
WHALE_ACCUM,2026-10-03 00:00:00+00:00,TIA,BYBIT:TIAUSDT.P,1d,0.4726,0.058454647256438896,-0.026649570040573556,0.14212190436137262,1.1608401698746567,NEGATIVE,38.1,33.1,14.7,100.0
WHALE_ACCUM,2026-10-03 00:00:00+00:00,XRP,BYBIT:XRPUSDT.P,4h,1.4886,0.0032349373230893264,0.01321178953381219,-1.216195401471324,0.3554455346393556,NEGATIVE,31.5,9.2,52.1,87.6
WHALE_ACCUM,2026-10-03 00:00:00+00:00,XRP,BYBIT:XRPUSDT.P,1d,1.4856,0.0012131014961584974,0.09616463786230378,-0.8635257929922443,0.4538268000335571,NEGATIVE,58.1,32.8,21.8,100.0
ENTRY,2026-10-02 20:00:00+00:00,BCH,BINANCE:BCHUSD.P,4h,311.32,0.023540241977906273,0.005147956645612517,-0.5550062552947884,0.2665491437616923,EXTREME,34.7,26.1,10.3,0.0
OI_SURGE,2026-10-02 20:00:00+00:00,LINK,BINANCE:LINKUSD.P,4h,13.778,0.01525311325620815,0.1352150588592118,-0.7646637283215667,0.5420534223706177,EXTREME,59.2,27.6,26.0,0.0
OI_SURGE,2026-10-02 20:00:00+00:00,NEAR,BINANCE:NEARUSD.P,4h,4.692,0.017125514849338774,0.09576553088195627,-1.0085416583299742,0.4815102852023158,EXTREME,50.6,42.4,11.7,0.0
OI_SURGE,2026-10-02 20:00:00+00:00,NEO,BINANCE:NEOUSDT.P,4h,2.534,0.014411529223378627,0.005091099047115799,-0.21557776614880875,0.981354797613062,EXTREME,34.4,16.0,30.5,40.0
OI_SURGE,2026-10-02 20:00:00+00:00,SOL,BINANCE:SOLUSD.P,4h,118.52,0.00525869380831212,0.028366719598445833,-1.0118386394919223,0.4291795730635258,EXTREME,31.9,14.4,31.2,0.0
OI_SURGE,2026-10-02 20:00:00+00:00,XRP,BYBIT:XRPUSDT.P,4h,1.4838,0.0099373808875578,0.005368370209254181,-0.9693870025677405,0.5433767319086454,EXTREME,33.2,9.7,32.4,0.0
PRE_ENTRY,2026-10-02 20:00:00+00:00,DOGE,BYBIT:DOGEUSDT.P,4h,0.09288,0.01619256017505477,0.027103623643448982,-0.6362246737460374,0.7468365697087807,EXTREME,66.8,24.9,14.4,0.0
WHALE_ACCUM,2026-10-02 20:00:00+00:00,MANA,OKX:MANAUSDT.P,4h,0.10023,0.03532692903625656,-0.060163615301177864,1.1482801925676278,11.342585019551997,NEGATIVE,18.6,43.1,14.8,100.0
WHALE_ACCUM,2026-10-02 20:00:00+00:00,SAND,BYBIT:SANDUSDT.P,4h,0.06877,0.11260313865070382,-0.0419737838188694,2.3938984267920222,31.828734077579067,NEUTRAL,42.8,51.4,9.8,100.0
WHALE_ACCUM,2026-10-02 20:00:00+00:00,TIA,BYBIT:TIAUSDT.P,4h,0.4465,0.016852653154179054,-0.08582558146486674,0.16960525155960512,1.4610372448563478,EXTREME,29.0,14.3,27.8,79.8
OI_SURGE,2026-10-02 16:00:00+00:00,AAVE,BYBIT:AAVEUSDT.P,4h,180.7,-0.012622261078629626,0.018242279444936393,1.577711068318937,2.3105781867729354,EXTREME,20.5,44.5,7.0,13.7
OI_SURGE,2026-10-02 16:00:00+00:00,NEO,BINANCE:NEOUSDT.P,4h,2.498,-0.03626543209876543,-0.037295109577356045,1.235964182940609,2.381093338193679,EXTREME,27.4,17.2,27.0,0.0
OI_SURGE,2026-10-02 16:00:00+00:00,TIA,BYBIT:TIAUSDT.P,4h,0.4391,-0.043355119825708166,-0.017035203819446565,2.886052550105472,3.8719545301279545,EXTREME,37.3,20.0,14.8,0.0
OI_SURGE,2026-10-02 16:00:00+00:00,XRP,BYBIT:XRPUSDT.P,4h,1.4692,-0.024694636218799748,-0.018972193727301412,1.1485170896129766,2.0816344805244187,EXTREME,26.9,7.5,32.0,0.0
WHALE_ACCUM,2026-10-02 16:00:00+00:00,MANA,OKX:MANAUSDT.P,4h,0.09681,-0.031415707853927,-0.026603203534638298,3.1511693339245124,25.811836131551775,NEGATIVE,8.9,33.9,19.9,100.0
WHALE_ACCUM,2026-10-02 16:00:00+00:00,SAND,BYBIT:SANDUSDT.P,4h,0.06181,0.0019452099205705675,-0.043837845176146195,3.6920229196320045,44.692227865046966,NEGATIVE,12.2,43.8,2.8,100.0
OI_SURGE,2026-10-02 12:00:00+00:00,AAVE,BYBIT:AAVEUSDT.P,4h,183.01,-0.004081410535481056,0.0036073046463953595,0.8042748644225183,1.7794821059687904,EXTREME,0.0,29.9,0.0,40.6
OI_SURGE,2026-10-02 12:00:00+00:00,NEO,BINANCE:NEOUSDT.P,4h,2.592,-0.01444866920152088,0.11935504282699827,1.2104014757581023,2.4068820539139177,EXTREME,100.0,63.3,35.8,40.0
WHALE_ACCUM,2026-10-02 12:00:00+00:00,BTC,BYBIT:BTCUSDT.P,4h,85291.2,-0.01267220692265747,0.006109416576117077,2.4627578642699577,3.9083646718939264,EXTREME,41.1,18.5,17.7,84.1
WHALE_ACCUM,2026-10-02 12:00:00+00:00,ETH,BYBIT:ETHUSDT.P,4h,2695.83,-0.018069963284573776,-0.006103448921763843,2.9273088157956146,3.3870682527581684,EXTREME,37.6,17.0,29.2,100.0
WHALE_ACCUM,2026-10-02 12:00:00+00:00,MANA,OKX:MANAUSDT.P,4h,0.09995,-0.07445133808686,0.29322240621019136,6.152576096004239,41.59807677820212,NEUTRAL,94.0,87.0,4.5,100.0
WHALE_ACCUM,2026-10-02 12:00:00+00:00,SAND,BYBIT:SANDUSDT.P,4h,0.06169,-0.13173821252638984,0.23153017295086942,8.670443522204721,78.10344497326592,NEGATIVE,49.8,60.7,17.9,100.0
WHALE_ACCUM,2026-10-02 12:00:00+00:00,TIA,BYBIT:TIAUSDT.P,4h,0.459,-0.028365791701947418,0.020981546482661706,3.8455365767445904,4.559372929007934,EXTREME,51.0,36.4,7.6,100.0
WHALE_ACCUM,2026-10-02 12:00:00+00:00,XRP,BYBIT:XRPUSDT.P,4h,1.5064,-0.016710182767624038,0.0716236838883284,1.0520840288597144,2.0078546135473934,EXTREME,84.7,35.3,25.5,100.0
ENTRY,2026-10-02 08:00:00+00:00,MANA,OKX:MANAUSDT.P,4h,0.10799,0.0767773456974774,0.0792370081189877,22.85117851571551,60.60040560245885,NEUTRAL,100.0,100.0,16.7,58.5
ENTRY,2026-10-02 08:00:00+00:00,SAND,BYBIT:SANDUSDT.P,4h,0.07105,0.20525869380831208,0.9608798712646054,24.96383760888081,83.02921970163176,NEGATIVE,100.0,100.0,33.0,100.0
OI_SURGE,2026-10-02 08:00:00+00:00,AAVE,BYBIT:AAVEUSDT.P,4h,183.76,-0.00114149046040124,0.026097622634349227,0.18020238197058824,1.3429845744957822,EXTREME,22.3,39.4,0.0,39.1
PRE_ENTRY,2026-10-02 08:00:00+00:00,BNB,BYBIT:BNBUSDT.P,4h,777.5,0.0021912864140243293,0.011862146146113028,-0.5734480336636534,0.7919204458929338,NEGATIVE,45.2,15.7,19.7,15.4
VOLUME_SURGE,2026-10-02 08:00:00+00:00,NEO,BINANCE:NEOUSDT.P,4h,2.63,0.024542267238020887,-0.006393330083579674,13.75508298649356,9.09545924897956,EXTREME,65.5,47.6,18.9,8.2
WHALE_ACCUM,2026-10-02 08:00:00+00:00,BTC,BYBIT:BTCUSDT.P,4h,86385.9,0.0034522533154757173,0.03674610767913422,-0.3573115475840708,0.9960323063539539,EXTREME,67.4,28.1,10.0,78.0
WHALE_ACCUM,2026-10-02 08:00:00+00:00,ETH,BYBIT:ETHUSDT.P,4h,2745.44,0.0028235276928527675,0.029899745704097924,0.46067647803552497,1.5686206947708654,EXTREME,50.6,21.3,15.1,100.0
WHALE_ACCUM,2026-10-02 08:00:00+00:00,TIA,BYBIT:TIAUSDT.P,4h,0.4724,0.0072494669509595155,0.06846603079378699,1.2279566501348806,2.3209242746820866,EXTREME,59.5,40.0,4.8,100.0
ENTRY,2026-10-02 04:00:00+00:00,AAVE,BYBIT:AAVEUSDT.P,4h,183.97,0.04202775417728688,0.02180137269643656,2.839768318484946,3.1261996411085993,NEUTRAL,100.0,64.5,0.0,13.1
ENTRY,2026-10-02 04:00:00+00:00,SAND,BYBIT:SANDUSDT.P,4h,0.05895,0.32234185733512777,-0.027894543488811596,43.46517800849012,33.171862019487655,EXTREME,100.0,87.0,16.7,100.0
ENTRY,2026-10-02 04:00:00+00:00,TIA,BYBIT:TIAUSDT.P,4h,0.469,0.07890499194847012,0.02108795504094907,2.11673742137487,3.0303901075580013,EXTREME,88.7,53.4,11.1,100.0
HOT_PRE_ENTRY,2026-10-02 04:00:00+00:00,BTC,BYBIT:BTCUSDT.P,4h,86088.7,0.007077372645311275,0.02201207054144838,1.2260034262535648,2.6931130265933363,NEUTRAL,72.5,32.2,9.6,39.8
PRE_ENTRY,2026-10-02 04:00:00+00:00,BNB,BYBIT:BNBUSDT.P,4h,775.8,0.00025786487880341546,0.00966322924923202,0.5248105811581755,1.5944132776887245,NEGATIVE,42.1,14.9,21.5,0.0
PRE_ENTRY,2026-10-02 04:00:00+00:00,FIL,BITGET:FILUSDT.P,4h,1.0376,0.01715518086462109,0.015104604269385202,-0.8088069940841218,0.5671765836707342,EXTREME,46.3,27.5,14.9,0.0
PRE_ENTRY,2026-10-02 04:00:00+00:00,INJ,BINANCE:INJUSDT.P,4h,7.519,0.01034668099973124,0.016469205494986205,-0.6930133790809136,0.7286912237846697,EXTREME,40.9,30.2,18.7,0.0
PRE_ENTRY,2026-10-02 04:00:00+00:00,TAO,BINANCE:TAOUSDT.P,4h,310.33,0.010320354212788097,0.025896785189515548,-0.6146164904679356,0.798888477051843,EXTREME,47.5,34.8,23.3,0.0
VOLUME_SURGE,2026-10-02 04:00:00+00:00,MANA,OKX:MANAUSDT.P,4h,0.10029,0.13514431239388802,0.0007725476672699738,32.520843106489444,26.07674051584013,EXTREME,100.0,87.3,16.7,0.0
WHALE_ACCUM,2026-10-02 04:00:00+00:00,ETH,BYBIT:ETHUSDT.P,4h,2737.71,0.007066396910060613,0.04070746190146379,0.4701871097056743,1.5974208545477138,NEUTRAL,69.0,33.1,15.9,97.6
ENTRY,2026-10-02 00:00:00+00:00,SAND,BYBIT:SANDUSDT.P,1d,0.06877,0.5285619026450321,0.1425640535753674,47.144625711118984,57.2832870520391,EXTREME,100.0,96.4,16.7,0.0
OI_SURGE,2026-10-02 00:00:00+00:00,ETH,BYBIT:ETHUSDT.P,1d,2667.15,-0.014007186585041187,0.006341260921334468,1.1143316069313747,1.5324822384363304,NEUTRAL,28.1,30.1,10.9,73.7
OI_SURGE,2026-10-02 00:00:00+00:00,NEAR,BINANCE:NEARUSD.P,4h,4.924,0.024339504888704067,0.010522427997497585,-0.08614127018862075,1.1507126686758564,EXTREME,32.2,34.3,6.7,0.0
OI_SURGE,2026-10-02 00:00:00+00:00,ZEC,BYBIT:ZECUSDT.P,4h,1336.9,0.0011532470644621817,-0.003271778373581835,-0.9457426242097127,0.5181646665175116,NEUTRAL,20.0,10.3,0.0,0.0
OI_SURGE,2026-10-02 00:00:00+00:00,ZEC,BYBIT:ZECUSDT.P,1d,1301.31,-0.025498741912293288,0.001774971549499016,0.2983812883840402,1.3382117323081038,EXTREME,21.8,30.2,5.6,0.0
PRE_ENTRY,2026-10-02 00:00:00+00:00,AAVE,BYBIT:AAVEUSDT.P,4h,176.55,0.03052766752276459,0.00929749974668237,1.4246853766288596,2.160419377203737,NEUTRAL,68.6,48.7,0.0,0.0
PRE_ENTRY,2026-10-02 00:00:00+00:00,BCH,BINANCE:BCHUSD.P,4h,309.33,0.001229972487457598,0.006825586271410611,-0.06684105897532255,1.5868426487430298,NEGATIVE,23.7,21.3,25.6,0.0
PRE_ENTRY,2026-10-02 00:00:00+00:00,LINK,BINANCE:LINKUSD.P,4h,14.434,0.004313943779571394,0.010189432466807036,-0.536199126127583,0.7628714524207012,EXTREME,26.5,23.2,16.1,0.0
VOLUME_SURGE,2026-10-02 00:00:00+00:00,MANA,OKX:MANAUSDT.P,1d,0.10023,0.1322864889290556,0.012528881532551273,15.03662586169282,23.239659969876733,EXTREME,100.0,79.7,0.0,2.3
VOLUME_SURGE,2026-10-02 00:00:00+00:00,NEAR,BINANCE:NEARUSD.P,1d,4.692,-0.02392344497607657,-0.3109807113945232,1.6354337762251894,3.928402199545925,EXTREME,29.8,35.5,0.0,0.0
WHALE_ACCUM,2026-10-02 00:00:00+00:00,ADA,BYBIT:ADAUSDT.P,1d,0.2443,-0.0077173030056865155,0.022799455517485967,0.12835944868733365,1.0726081866587693,NEGATIVE,30.6,19.3,5.3,100.0
WHALE_ACCUM,2026-10-02 00:00:00+00:00,AVAX,BYBIT:AVAXUSDT.P,1d,10.792,-0.017032516622643157,-0.002382112123125335,0.14843294869693135,1.4050976494473588,NEUTRAL,20.9,25.6,0.8,100.0
WHALE_ACCUM,2026-10-02 00:00:00+00:00,HBAR,BYBIT:HBARUSDT.P,1d,0.1023,-0.002340550029256927,-0.03383975356518398,0.7885368290840539,3.3217135457102165,NEUTRAL,0.0,28.2,15.5,100.0
WHALE_ACCUM,2026-10-02 00:00:00+00:00,LTC,BYBIT:LTCUSDT.P,1d,69.83,0.025855736741589697,0.0013573639411916805,0.8807307102645976,2.0541227440795127,NEGATIVE,6.7,33.5,20.3,100.0
WHALE_ACCUM,2026-10-02 00:00:00+00:00,OP,BYBIT:OPUSDT.P,1d,0.12704,-0.0068792995622265485,-0.008032972123234838,0.18428883518592373,1.2499771366395391,NEGATIVE,0.0,15.9,10.2,100.0
WHALE_ACCUM,2026-10-02 00:00:00+00:00,SAND,BYBIT:SANDUSDT.P,4h,0.04458,-0.009113136252500542,0.035781271641757595,-0.4187942710572765,0.8702569310333685,EXTREME,42.2,22.3,19.6,100.0
WHALE_ACCUM,2026-10-02 00:00:00+00:00,THETA,BYBIT:THETAUSDT.P,1d,0.2229,0.01827318410232981,-0.02243748919640076,-0.0592126555055083,1.2503544185058595,EXTREME,25.4,31.4,0.0,100.0
WHALE_ACCUM,2026-10-02 00:00:00+00:00,TIA,BYBIT:TIAUSDT.P,1d,0.4465,0.042737038766931246,0.03411698846654332,3.9783990114150383,2.919006374859771,NEUTRAL,65.2,47.0,15.6,100.0
OI_SURGE,2026-10-01 20:00:00+00:00,NEAR,BINANCE:NEARUSD.P,4h,4.807,-0.010905349794238628,-0.015238788022743144,-0.7389752248789087,0.6556833041953944,EXTREME,20.0,29.0,5.3,0.0
OI_SURGE,2026-10-01 20:00:00+00:00,TIA,BYBIT:TIAUSDT.P,4h,0.4282,-0.007417709782104764,-0.0020071144606376157,-0.9212900789091071,0.4888419565723364,NEUTRAL,20.0,6.6,11.0,0.0
PRE_ENTRY,2026-10-01 20:00:00+00:00,BCH,BINANCE:BCHUSD.P,4h,308.95,0.004650104058272708,0.005135753795075582,-0.5061658918334276,0.38063946829881906,NEGATIVE,23.8,17.3,43.3,0.0
PRE_ENTRY,2026-10-01 20:00:00+00:00,SOL,BINANCE:SOLUSD.P,4h,118.3,0.0011848341232227888,0.005620026616197649,-1.1349856195028818,0.33449836351470746,NEGATIVE,23.2,10.9,37.5,0.0
WHALE_ACCUM,2026-10-01 20:00:00+00:00,SAND,BYBIT:SANDUSDT.P,4h,0.04499,0.016493447808404893,0.015461824720853112,-0.34016109886414486,0.9166448330149319,EXTREME,42.2,27.4,18.1,89.9
OI_SURGE,2026-10-01 16:00:00+00:00,ADA,BYBIT:ADAUSDT.P,4h,0.248,0.006493506493506551,0.012623512350174115,0.2725020611231109,1.3310766984872913,NEGATIVE,37.5,23.6,32.5,11.2
OI_SURGE,2026-10-01 16:00:00+00:00,NEAR,BINANCE:NEARUSD.P,4h,4.86,-0.011793411956079636,0.1396064897054594,0.2604039759455161,1.4147412451085697,EXTREME,71.0,51.7,4.4,0.0
OI_SURGE,2026-10-01 16:00:00+00:00,TIA,BYBIT:TIAUSDT.P,4h,0.4314,0.006532897806812876,0.042361949638204166,-0.2865965079314653,1.0233857646535363,NEGATIVE,41.2,16.8,30.6,0.0
PRE_ENTRY,2026-10-01 16:00:00+00:00,LINK,BINANCE:LINKUSD.P,4h,14.431,0.010220511025551104,0.0036912776073396714,-0.4602888293875673,0.8313689482470784,EXTREME,30.1,25.1,15.6,0.0
PRE_ENTRY,2026-10-01 16:00:00+00:00,SOL,BINANCE:SOLUSD.P,4h,118.16,0.007675251577690556,0.0002271845641719228,-0.09602739772097953,1.1265278080332457,NEUTRAL,29.4,13.5,35.2,0.0
PRE_ENTRY,2026-10-01 16:00:00+00:00,TAO,BINANCE:TAOUSDT.P,4h,304.96,0.0005905899337226295,0.024325287089747905,-0.5040347219327035,0.8677047283565302,NEUTRAL,41.5,30.6,20.3,0.0
PRE_ENTRY,2026-10-01 16:00:00+00:00,UNI,BYBIT:UNIUSDT.P,4h,9.101,0.000879797646541336,0.017422670230866855,-0.47586810428486837,0.8008349374785098,NEUTRAL,38.8,30.5,25.9,0.0
WHALE_ACCUM,2026-10-01 16:00:00+00:00,SAND,BYBIT:SANDUSDT.P,4h,0.04426,0.005909090909091086,0.0973257405283452,0.5094516195759209,1.5328247941996629,EXTREME,91.0,47.7,17.0,100.0
OI_SURGE,2026-10-01 12:00:00+00:00,ADA,BYBIT:ADAUSDT.P,4h,0.2464,-0.009646302250803762,0.01756814514413252,0.5574440516807079,1.5180177788028772,EXTREME,40.6,20.7,16.9,0.0
WHALE_ACCUM,2026-10-01 12:00:00+00:00,HBAR,BYBIT:HBARUSDT.P,4h,0.10316,-0.013766730401529648,-0.023093590230583882,-0.001962753459621576,1.943943195602296,NEUTRAL,20.0,26.7,3.8,100.0
PRE_ENTRY,2026-10-01 08:00:00+00:00,ADA,BYBIT:ADAUSDT.P,4h,0.2488,0.002013693113169568,0.02335812216654154,0.4462435516152621,1.4501204629917737,EXTREME,46.4,24.3,29.9,0.0
PRE_ENTRY,2026-10-01 08:00:00+00:00,BCH,BINANCE:BCHUSD.P,4h,309.07,0.012613852303256623,0.0057886995453888535,-0.47553441820431086,0.46294801269173724,EXTREME,28.8,20.0,23.9,0.0
PRE_ENTRY,2026-10-01 08:00:00+00:00,BNB,BYBIT:BNBUSDT.P,4h,770.1,0.009173109684182945,0.03755969831454431,-0.5453158863284556,0.8139715132406584,NEGATIVE,100.0,43.2,36.3,0.0
PRE_ENTRY,2026-10-01 08:00:00+00:00,INJ,BINANCE:INJUSDT.P,4h,7.578,0.010939167556029972,0.02364103118313743,-0.49338686326356074,0.8773467434696953,EXTREME,47.5,31.0,10.5,0.0
PRE_ENTRY,2026-10-01 08:00:00+00:00,LINK,BINANCE:LINKUSD.P,4h,14.368,0.011474832805350221,0.014970381738247163,-0.20703032483669961,1.102341918363491,EXTREME,34.9,26.9,13.2,0.0
PRE_ENTRY,2026-10-01 08:00:00+00:00,SOL,BINANCE:SOLUSD.P,4h,117.84,0.004004430433671269,0.010130090388729363,-0.16048793646527912,1.077109550859907,NEGATIVE,27.8,12.6,36.8,0.0
PRE_ENTRY,2026-10-01 08:00:00+00:00,SUI,BYBIT:SUIUSDT.P,4h,1.1679,0.021337997376475792,0.023671867805789226,-0.8340101758683629,0.600490187200255,NEUTRAL,54.9,40.3,31.8,0.0
WHALE_ACCUM,2026-10-01 08:00:00+00:00,HBAR,BYBIT:HBARUSDT.P,4h,0.1046,-0.002574616191475254,0.043846433090058756,-0.1533750243183044,1.5164325795860012,NEUTRAL,35.3,31.3,22.1,100.0
OI_SURGE,2026-10-01 04:00:00+00:00,DOT,BYBIT:DOTUSDT.P,4h,1.2296,-0.017420489052261456,0.033051802775700745,-0.03165273567628625,1.1005206741557898,EXTREME,74.8,44.7,19.5,0.0
OI_SURGE,2026-10-01 04:00:00+00:00,S,BINANCE:SUSDT.P,4h,0.03998,-0.019857808286344647,0.015123653185990182,-0.08931243347979637,1.5501211026390032,NEGATIVE,27.3,27.2,38.9,0.0
WHALE_ACCUM,2026-10-01 04:00:00+00:00,HBAR,BYBIT:HBARUSDT.P,4h,0.10487,-0.004272692745917128,0.0043311775313727985,0.03279845653112063,2.0955768105961936,EXTREME,20.2,29.1,0.0,100.0
PRE_ENTRY,2026-10-01 00:00:00+00:00,SUI,BYBIT:SUIUSDT.P,1d,1.1768,0.01134410450326584,0.04716849888427643,0.055958947960190415,1.338641421956695,EXTREME,43.5,39.4,0.0,0.0
VOLUME_SURGE,2026-10-01 00:00:00+00:00,LINK,BINANCE:LINKUSD.P,1d,14.372,0.0013237650665365308,-0.49701967208613806,0.7036313482752748,2.177103884355443,EXTREME,24.2,31.8,0.0,0.0
VOLUME_SURGE,2026-10-01 00:00:00+00:00,NEAR,BINANCE:NEARUSD.P,1d,4.807,-0.09930672662544493,-0.3569107050671475,2.9868126112174003,5.703423681631375,EXTREME,37.9,40.9,0.0,0.0
VOLUME_SURGE,2026-10-01 00:00:00+00:00,RUNE,BINANCE:RUNEUSDT.P,1d,0.7781,-0.02627956451007385,0.042453930795743444,0.22460153138832928,2.0973992755771085,EXTREME,26.6,32.2,1.4,40.0
WHALE_ACCUM,2026-10-01 00:00:00+00:00,ADA,BYBIT:ADAUSDT.P,1d,0.2462,-0.0016220600162206722,0.004518913085090226,-0.029678028987824345,1.0050626170950312,NEUTRAL,21.6,16.0,5.5,100.0
WHALE_ACCUM,2026-10-01 00:00:00+00:00,HBAR,BYBIT:HBARUSDT.P,4h,0.10532,0.005921680993314249,0.021509038111907852,-0.09049620754048592,1.732870083886125,EXTREME,27.8,28.4,3.3,100.0
WHALE_ACCUM,2026-10-01 00:00:00+00:00,HBAR,BYBIT:HBARUSDT.P,1d,0.10254,-0.020630372492836613,0.010950803742662885,0.7026363514258189,3.144721664043955,EXTREME,0.0,28.3,0.0,100.0
WHALE_ACCUM,2026-10-01 00:00:00+00:00,LTC,BYBIT:LTCUSDT.P,1d,68.07,0.01294642857142847,-0.0054017677563446,-0.40707178474125544,0.8500399523681438,EXTREME,0.0,27.0,0.0,100.0
WHALE_ACCUM,2026-10-01 00:00:00+00:00,OP,BYBIT:OPUSDT.P,1d,0.12792,-0.011666537896932616,-0.019825693158285307,-0.20541437573064933,1.0350878372012116,NEGATIVE,0.0,15.9,6.9,100.0
WHALE_ACCUM,2026-10-01 00:00:00+00:00,THETA,BYBIT:THETAUSDT.P,1d,0.2189,-0.023203926818384568,-0.0031686228179077514,-0.4367220432986922,0.7677366607502194,EXTREME,20.0,29.0,0.0,100.0
WHALE_ACCUM,2026-10-01 00:00:00+00:00,TIA,BYBIT:TIAUSDT.P,1d,0.4282,-0.030783159800814808,0.020238584599031384,-0.2609317669084264,0.9534591112903478,NEGATIVE,24.5,18.9,4.5,100.0
ENTRY,2026-09-30 20:00:00+00:00,HYPE,BYBIT:HYPEUSDT.P,4h,90.95,0.025135256988277677,-0.015975963628535705,0.2779092240974636,1.4676275806474024,NEGATIVE,51.3,23.9,23.7,0.0
ENTRY,2026-09-30 20:00:00+00:00,SAND,BYBIT:SANDUSDT.P,4h,0.04385,0.02525134440028043,-0.009427728025658166,-0.4276127946969516,0.8688262064916037,NEUTRAL,40.6,24.3,7.4,0.0
OI_SURGE,2026-09-30 20:00:00+00:00,SUI,BYBIT:SUIUSDT.P,4h,1.1636,0.014560990496119919,0.011971829329670669,-0.983765405352618,0.5156845414897778,NEUTRAL,38.7,33.2,21.2,0.0
OI_SURGE,2026-09-30 20:00:00+00:00,ZEC,BYBIT:ZECUSDT.P,4h,1438.09,0.014232215020699268,-0.009519958834752096,-0.976383948726663,0.5061935410736044,NEUTRAL,27.0,19.2,1.2,0.0
PRE_ENTRY,2026-09-30 20:00:00+00:00,S,BINANCE:SUSDT.P,4h,0.04068,0.02134069796635707,0.022686500430193268,-0.27268444126282376,1.1839213029603015,NEGATIVE,40.7,34.1,36.3,0.0
PRE_ENTRY,2026-09-30 20:00:00+00:00,NEO,BINANCE:NEOUSDT.P,4h,2.541,0.011544585987261158,0.01804854277376755,-0.8211001608157934,0.6381856338562412,EXTREME,48.2,27.7,9.5,0.0
VOLUME_SURGE,2026-09-30 20:00:00+00:00,RUNE,BINANCE:RUNEUSDT.P,4h,0.7991,0.006043056779554412,0.0241143746395871,-0.34461742977142823,1.0254678477942047,EXTREME,30.1,33.4,10.5,0.0
WHALE_ACCUM,2026-09-30 20:00:00+00:00,HBAR,BYBIT:HBARUSDT.P,4h,0.1047,-0.03440007378031906,-0.03028659300107872,0.02966391936879184,2.1308180523513323,EXTREME,20.2,25.1,0.8,100.0
HOT_PRE_ENTRY,2026-09-30 16:00:00+00:00,HYPE,BYBIT:HYPEUSDT.P,4h,88.72,0.011630558722919071,0.03193740744673379,3.0435022924164543,3.584050800986903,NEGATIVE,95.6,40.5,25.2,0.0
OI_SURGE,2026-09-30 16:00:00+00:00,SUI,BYBIT:SUIUSDT.P,4h,1.1469,-0.03198852126941254,0.022631328627767955,-0.20889280598967197,1.009824523076433,NEUTRAL,44.6,39.8,7.1,0.0
OI_SURGE,2026-09-30 16:00:00+00:00,ZEC,BYBIT:ZECUSDT.P,4h,1417.91,-0.017108118037695963,-0.003098101093765959,-0.10698827139452413,1.0211792646725748,NEUTRAL,20.0,18.8,0.0,0.0
VOLUME_SURGE,2026-09-30 16:00:00+00:00,RUNE,BINANCE:RUNEUSDT.P,4h,0.7943,-0.003887634813142693,-0.013465049685620456,1.0833294387418344,4.620120551132187,EXTREME,26.5,33.3,9.8,0.0
WHALE_ACCUM,2026-09-30 16:00:00+00:00,HBAR,BYBIT:HBARUSDT.P,4h,0.10843,0.003702675182819526,-0.04706646045855223,0.0988528934376022,2.3645026943695133,EXTREME,20.6,25.4,0.3,100.0
PRE_ENTRY,2026-09-30 12:00:00+00:00,SUI,BYBIT:SUIUSDT.P,4h,1.1848,0.029902642559109793,0.031874797426717505,1.554014804829789,2.1365177437240495,EXTREME,79.4,53.1,16.8,0.0
PRE_ENTRY,2026-09-30 12:00:00+00:00,ZEC,BYBIT:ZECUSDT.P,4h,1442.59,0.012478856830033358,0.060127567172655105,1.915847777114737,2.212321966995273,NEUTRAL,70.1,45.7,1.4,0.0
WHALE_ACCUM,2026-09-30 12:00:00+00:00,HBAR,BYBIT:HBARUSDT.P,4h,0.10803,-0.010714285714285787,-7.19560825509502e-05,0.5821260484602856,3.9743226896223924,NEGATIVE,23.5,31.3,14.2,100.0
ENTRY,2026-09-30 08:00:00+00:00,BTC,BYBIT:BTCUSDT.P,4h,83876.0,0.007628452325176394,0.01921357005649793,-0.25613346807010867,1.0857667421707364,NEGATIVE,56.8,20.8,26.0,0.7
ENTRY,2026-09-30 08:00:00+00:00,HBAR,BYBIT:HBARUSDT.P,4h,0.1092,0.03038309114927351,0.018912526602339996,0.19661748390399592,2.743635597975971,NEGATIVE,40.8,34.4,15.9,100.0
WHALE_ACCUM,2026-09-30 08:00:00+00:00,AVAX,BYBIT:AVAXUSDT.P,4h,11.137,0.003514146693097908,-0.024307843753641367,-0.3899133619957511,0.906604800464203,NEGATIVE,0.0,25.0,21.9,75.5
WHALE_ACCUM,2026-09-30 04:00:00+00:00,AVAX,BYBIT:AVAXUSDT.P,4h,11.098,-0.015174372171443684,-0.00017474075573609138,-0.2746313788055065,1.029513366594217,EXTREME,0.0,25.0,20.6,100.0
WHALE_ACCUM,2026-09-30 04:00:00+00:00,HBAR,BYBIT:HBARUSDT.P,4h,0.10598,0.015425888665325349,0.05117771507251789,0.23697066196603536,2.90410061827828,NEGATIVE,16.3,36.9,15.2,100.0
OI_SURGE,2026-09-30 00:00:00+00:00,AAVE,BYBIT:AAVEUSDT.P,1d,159.38,-0.03493793521041488,0.07604137025715874,0.16438761848670086,1.4300073233542878,NEUTRAL,25.6,40.8,1.7,0.0
OI_SURGE,2026-09-30 00:00:00+00:00,XLM,BINANCE:XLMUSDT.P,1d,0.22632,0.018404355847545295,-0.040980198091997155,0.7076406289843259,1.7753896485862757,NEUTRAL,32.0,35.2,0.0,40.0
OI_SURGE,2026-09-30 00:00:00+00:00,XRP,BYBIT:XRPUSDT.P,1d,1.4891,-0.0005369487885091839,0.03539151172927513,-0.04277947630940351,1.2616197119918013,NEUTRAL,33.3,22.2,11.2,42.2
VOLUME_SURGE,2026-09-30 00:00:00+00:00,ARB,BINANCE:ARBUSDT.P,1d,0.20288,-0.0026546062334086296,0.02013920664000346,-0.11903277040643756,1.7683032961306182,NEGATIVE,29.0,28.9,6.5,0.0
VOLUME_SURGE,2026-09-30 00:00:00+00:00,LINK,BINANCE:LINKUSD.P,1d,14.353,-0.016109130792432147,0.0,1.1141947145249531,2.606899277221517,EXTREME,26.7,33.5,0.0,40.0
VOLUME_SURGE,2026-09-30 00:00:00+00:00,NEAR,BINANCE:NEARUSD.P,1d,5.337,0.09364754098360661,0.0,3.8441958646638916,6.615075999375041,EXTREME,68.7,55.6,6.1,40.0
VOLUME_SURGE,2026-09-30 00:00:00+00:00,ONDO,BINANCE:ONDOUSDT.P,1d,0.4995,-0.004385090691648497,-0.023470496533700036,0.9480016356019353,2.3691695896528904,EXTREME,25.7,28.8,7.2,40.0
VOLUME_SURGE,2026-09-30 00:00:00+00:00,RUNE,BINANCE:RUNEUSDT.P,1d,0.7991,0.06461497468691713,-0.1055209619185894,0.8543792632449076,3.358712296342951,EXTREME,52.3,44.3,4.6,40.0
WHALE_ACCUM,2026-09-30 00:00:00+00:00,AAVE,BYBIT:AAVEUSDT.P,4h,159.46,-0.034453527096578895,-0.009326940067134304,0.06973120746575713,1.1868461044897414,NEUTRAL,0.0,19.1,15.3,83.1
WHALE_ACCUM,2026-09-30 00:00:00+00:00,AVAX,BYBIT:AVAXUSDT.P,4h,11.269,-0.013999475019686791,-0.00655841568977289,-0.29979221955334123,1.0101009737917679,EXTREME,0.0,25.0,22.5,100.0
WHALE_ACCUM,2026-09-30 00:00:00+00:00,AVAX,BYBIT:AVAXUSDT.P,1d,10.93,-0.04366086271764813,0.14913794889046494,0.6938819981746461,1.8725812784214853,EXTREME,42.6,49.0,3.3,87.1
WHALE_ACCUM,2026-09-30 00:00:00+00:00,HBAR,BYBIT:HBARUSDT.P,4h,0.10437,0.020234604105571874,0.0349191944557079,0.5720750846420373,4.09113861880388,NEGATIVE,14.6,36.6,29.9,100.0
WHALE_ACCUM,2026-09-30 00:00:00+00:00,HBAR,BYBIT:HBARUSDT.P,1d,0.1047,0.02346041055718473,0.036393209782202174,1.7845333581090284,5.687680855232958,NEGATIVE,16.4,39.0,10.0,100.0
WHALE_ACCUM,2026-09-30 00:00:00+00:00,LTC,BYBIT:LTCUSDT.P,1d,67.2,0.006138643509507435,0.0035253155765797572,0.0006079604972089798,1.2305676497587141,EXTREME,0.0,25.7,0.0,100.0
WHALE_ACCUM,2026-09-30 00:00:00+00:00,OP,BYBIT:OPUSDT.P,1d,0.12943,0.005984766050054269,0.007237379932818477,0.2569023325665599,1.2984437259717523,EXTREME,0.0,18.6,1.5,100.0
WHALE_ACCUM,2026-09-30 00:00:00+00:00,THETA,BYBIT:THETAUSDT.P,1d,0.2241,0.009914375844975343,0.01621845571256908,-0.24795236090393982,1.0121964135046693,EXTREME,24.0,30.8,0.0,100.0
WHALE_ACCUM,2026-09-30 00:00:00+00:00,TIA,BYBIT:TIAUSDT.P,1d,0.4418,0.0034067681126503935,0.02713717241406033,-0.16850092830869867,0.9959527071840207,EXTREME,26.6,23.6,4.4,100.0
OI_SURGE,2026-09-29 20:00:00+00:00,S,BINANCE:SUSDT.P,4h,0.03754,-0.006878306878306928,0.016952358643717025,-0.5286404380592984,0.46737408159969857,NEGATIVE,28.3,25.4,10.4,0.0
PRE_ENTRY,2026-09-29 20:00:00+00:00,DOT,BYBIT:DOTUSDT.P,4h,1.1923,0.002691110924228246,0.019456648148274747,-0.6457538939255726,0.8183000723730837,EXTREME,53.9,29.6,28.5,0.0
PRE_ENTRY,2026-09-29 20:00:00+00:00,HYPE,BYBIT:HYPEUSDT.P,4h,86.03,0.011522633744855959,0.015503033936093535,-0.8055397896729068,0.612687097633774,NEGATIVE,61.1,15.6,17.2,0.0
WHALE_ACCUM,2026-09-29 20:00:00+00:00,AAVE,BYBIT:AAVEUSDT.P,4h,165.15,-0.0019338852964283504,-0.01688688016738682,-0.5938311119296846,0.7365533907098989,EXTREME,0.0,23.3,13.1,100.0
WHALE_ACCUM,2026-09-29 20:00:00+00:00,AVAX,BYBIT:AVAXUSDT.P,4h,11.429,0.009183222958057513,0.004683662515996279,-0.3168478345233422,0.9868548102768048,EXTREME,0.0,27.1,7.6,85.8
WHALE_ACCUM,2026-09-29 20:00:00+00:00,HBAR,BYBIT:HBARUSDT.P,4h,0.1023,-0.01606232567086663,0.0353845181147745,0.438111299643153,3.6551080952796284,EXTREME,5.2,31.0,9.4,100.0
OI_SURGE,2026-09-29 16:00:00+00:00,AVAX,BYBIT:AVAXUSDT.P,4h,11.325,0.010438972162740923,0.026800435580617954,0.3395386207086137,1.8027753650747018,EXTREME,17.4,37.4,10.6,63.0
OI_SURGE,2026-09-29 16:00:00+00:00,ETH,BYBIT:ETHUSDT.P,4h,2688.8,0.006140570799920697,-0.06163391389956974,-0.2357061749297987,1.0024286903365243,NEUTRAL,29.4,9.9,14.5,36.9
OI_SURGE,2026-09-29 16:00:00+00:00,THETA,BYBIT:THETAUSDT.P,4h,0.2208,-0.021276595744680882,-0.02723754844973747,-0.30333991732770854,0.9682999865540343,EXTREME,0.0,13.4,26.3,0.0
VOLUME_SURGE,2026-09-29 16:00:00+00:00,RUNE,BINANCE:RUNEUSDT.P,4h,0.7629,0.03248071457572066,-0.028994799820296846,-0.1274257074891941,1.6597684821413596,EXTREME,12.6,34.9,13.8,40.0
WHALE_ACCUM,2026-09-29 16:00:00+00:00,AAVE,BYBIT:AAVEUSDT.P,4h,165.47,-0.026246101335844263,0.02970830125879731,1.8143639760524628,2.3760601032921516,EXTREME,39.2,47.7,3.3,100.0
WHALE_ACCUM,2026-09-29 16:00:00+00:00,HBAR,BYBIT:HBARUSDT.P,4h,0.10397,-0.07359885948498612,-0.04071334919042047,2.41202813237022,10.50185555370927,EXTREME,4.5,34.6,16.0,100.0
OI_SURGE,2026-09-29 12:00:00+00:00,AVAX,BYBIT:AVAXUSDT.P,4h,11.208,-0.05321844906234152,0.0664849735228481,1.9840939706284286,3.8510366123472175,EXTREME,63.4,59.8,18.1,41.5
OI_SURGE,2026-09-29 12:00:00+00:00,THETA,BYBIT:THETAUSDT.P,4h,0.2256,-0.029259896729776247,0.023059301182728253,0.5400191438999282,1.7998838543629987,NEGATIVE,7.6,28.4,26.7,0.0
VOLUME_SURGE,2026-09-29 12:00:00+00:00,RUNE,BINANCE:RUNEUSDT.P,4h,0.7389,-0.06610212335692622,0.0012878906352475905,0.5513400170271181,3.6947296413641055,EXTREME,0.0,27.2,18.0,40.0
WHALE_ACCUM,2026-09-29 12:00:00+00:00,AAVE,BYBIT:AAVEUSDT.P,4h,169.93,-0.007592127547742744,0.02426229818518255,3.711970071416655,3.5625520516653015,NEUTRAL,44.5,58.0,0.0,93.6
WHALE_ACCUM,2026-09-29 12:00:00+00:00,ETH,BYBIT:ETHUSDT.P,4h,2672.39,-0.021636542692816008,0.047245552800012636,1.606221419130571,2.400815210316036,NEUTRAL,72.9,30.5,29.0,100.0
WHALE_ACCUM,2026-09-29 12:00:00+00:00,HBAR,BYBIT:HBARUSDT.P,4h,0.11223,-0.05315110098709186,0.0033153564591530404,1.138585580048938,6.039205880992143,EXTREME,0.0,33.6,0.0,100.0
ENTRY,2026-09-29 08:00:00+00:00,AAVE,BYBIT:AAVEUSDT.P,4h,171.23,0.04491365106486844,0.0453252604530856,4.213510561043428,3.7609987361479273,NEUTRAL,100.0,84.7,0.0,61.7
ENTRY,2026-09-29 08:00:00+00:00,AVAX,BYBIT:AVAXUSDT.P,4h,11.838,0.0343381389252948,0.07962761174944277,1.6220594725915598,3.387813886149387,EXTREME,100.0,80.4,0.0,0.0
ENTRY,2026-09-29 08:00:00+00:00,THETA,BYBIT:THETAUSDT.P,4h,0.2324,0.035650623885918,0.04817988696092579,0.2842118499632188,1.5439898614160683,NEGATIVE,77.0,44.9,37.3,3.2
OI_SURGE,2026-09-29 08:00:00+00:00,ETH,BYBIT:ETHUSDT.P,4h,2731.49,0.0072720031566098076,0.07111952738672644,-0.10817954597627516,1.1053201035256965,NEUTRAL,100.0,44.1,10.7,50.9
OI_SURGE,2026-09-29 08:00:00+00:00,ZEC,BYBIT:ZECUSDT.P,4h,1449.14,0.018162145451735112,0.02894915981165247,0.06977975964872826,1.1199331531869583,NEUTRAL,45.8,35.1,2.2,0.0
PRE_ENTRY,2026-09-29 08:00:00+00:00,ATOM,BINANCE:ATOMUSDT.P,4h,1.787,0.014188422247445986,0.014531243277614125,-0.021964814250992257,1.1760306435983934,NEGATIVE,52.2,26.9,28.5,0.0
PRE_ENTRY,2026-09-29 08:00:00+00:00,SAND,BYBIT:SANDUSDT.P,4h,0.04385,0.006888633754305484,0.02147841209936341,-0.6935998975962471,0.667426342815778,EXTREME,40.0,20.4,26.0,4.5
VOLUME_SURGE,2026-09-29 08:00:00+00:00,RUNE,BINANCE:RUNEUSDT.P,4h,0.7912,0.021430415698425076,0.012938944353115156,0.2349952524056087,2.7804184717710876,EXTREME,10.0,34.1,11.5,40.0
WHALE_ACCUM,2026-09-29 08:00:00+00:00,HBAR,BYBIT:HBARUSDT.P,4h,0.11853,0.014551057091500397,-0.00481812389520464,0.458158006320402,3.6358523259762547,EXTREME,0.0,29.3,0.3,100.0
ENTRY,2026-09-29 04:00:00+00:00,ATOM,BINANCE:ATOMUSDT.P,4h,1.762,0.03830288744843835,0.0007487917149817669,2.611562234157825,2.6289672318645247,NEGATIVE,71.1,37.3,15.3,0.0
ENTRY,2026-09-29 04:00:00+00:00,DOGE,BYBIT:DOGEUSDT.P,4h,0.09501,0.02095422308188266,0.017919800434639255,-0.5841506869502041,0.777851118592068,NEGATIVE,62.0,26.3,15.9,0.0
ENTRY,2026-09-29 04:00:00+00:00,HYPE,BYBIT:HYPEUSDT.P,4h,88.49,0.018765830071379108,-0.004816639107262266,-0.5977925504917172,0.7659613401452434,NEUTRAL,42.2,12.9,21.3,0.0
ENTRY,2026-09-29 04:00:00+00:00,TAO,BINANCE:TAOUSDT.P,4h,313.7,0.04264300196097981,-0.01594097794441729,-0.3619234643667304,0.9364319296459767,EXTREME,49.4,35.6,11.5,0.0
HOT_PRE_ENTRY,2026-09-29 04:00:00+00:00,AAVE,BYBIT:AAVEUSDT.P,4h,163.87,0.11151054737841681,0.002116648935801102,6.412564194691784,4.596829696477483,NEUTRAL,100.0,90.8,0.0,25.0
OI_SURGE,2026-09-29 04:00:00+00:00,RUNE,BINANCE:RUNEUSDT.P,4h,0.7746,0.010435690060005332,-0.04372104723361925,0.3850511098131036,3.25382116450236,EXTREME,0.0,32.8,6.9,40.0
WHALE_ACCUM,2026-09-29 04:00:00+00:00,HBAR,BYBIT:HBARUSDT.P,4h,0.11683,-0.014009621065068756,0.009783178403974357,1.4110793541751472,6.966287206103335,EXTREME,0.6,31.6,0.0,100.0
OI_SURGE,2026-09-29 00:00:00+00:00,RUNE,BINANCE:RUNEUSDT.P,4h,0.7666,-0.009816584861792932,0.0097984562244684,0.9144721068304484,4.890603271793768,EXTREME,0.0,29.8,2.8,40.0
OI_SURGE,2026-09-29 00:00:00+00:00,RUNE,BINANCE:RUNEUSDT.P,1d,0.7506,-0.030483079307672356,0.025279042032268162,1.0886495737187283,3.799462834798022,EXTREME,27.4,29.8,0.0,40.0
OI_SURGE,2026-09-29 00:00:00+00:00,VIRTUAL,BINANCE:VIRTUALUSDT.P,1d,0.7712,-0.06690865093768905,-0.06492198155897044,1.1297723025551034,2.0967841872007495,NEUTRAL,26.8,21.1,8.6,0.0
OI_SURGE,2026-09-29 00:00:00+00:00,XLM,BINANCE:XLMUSDT.P,4h,0.22671,-0.024231729362141685,0.005146699291582513,1.0016687846573236,2.087068452185216,EXTREME,27.4,27.4,0.0,29.6
OI_SURGE,2026-09-29 00:00:00+00:00,XLM,BINANCE:XLMUSDT.P,1d,0.22223,-0.04351381595936976,0.09986590516684335,2.024283197518993,2.7383941380827808,EXTREME,53.3,45.2,10.8,40.0
OI_SURGE,2026-09-29 00:00:00+00:00,XRP,BYBIT:XRPUSDT.P,1d,1.4899,-0.004210667023125225,-0.0743822703049879,0.4883026023418143,1.80092955511986,NEUTRAL,22.9,18.4,5.8,0.0
VOLUME_SURGE,2026-09-29 00:00:00+00:00,ARB,BINANCE:ARBUSDT.P,1d,0.20342,0.007827982560443925,-0.0022719940116735504,0.22564417251046612,2.6207136691581185,NEUTRAL,23.3,30.7,4.6,0.0
VOLUME_SURGE,2026-09-29 00:00:00+00:00,LINK,BINANCE:LINKUSD.P,4h,14.847,-0.03715953307392994,0.0,1.9411694221754372,3.433784524484165,EXTREME,31.6,30.0,4.8,0.0
VOLUME_SURGE,2026-09-29 00:00:00+00:00,LINK,BINANCE:LINKUSD.P,1d,14.588,-0.05395590142671858,0.0,2.3508206789018913,3.9933162447933355,EXTREME,34.1,38.4,0.0,40.0
VOLUME_SURGE,2026-09-29 00:00:00+00:00,NEAR,BINANCE:NEARUSD.P,1d,4.88,0.013078679676146843,0.0,2.3012275658324524,4.543142972654469,EXTREME,35.0,34.7,5.0,40.0
VOLUME_SURGE,2026-09-29 00:00:00+00:00,ONDO,BINANCE:ONDOUSDT.P,1d,0.5017,-0.034077782056218586,-0.0755393847552488,1.0469293925530505,2.5544350743981057,EXTREME,26.3,29.2,1.2,40.0
WHALE_ACCUM,2026-09-29 00:00:00+00:00,ADA,BYBIT:ADAUSDT.P,1d,0.2443,-0.011331444759206777,-0.037760050296372194,-0.4072148444977423,0.8343242079083832,NEUTRAL,20.0,14.3,11.8,76.0
WHALE_ACCUM,2026-09-29 00:00:00+00:00,HBAR,BYBIT:HBARUSDT.P,4h,0.11849,-0.028451951459494973,-0.02168801294816658,0.819392831253119,4.835377463330138,EXTREME,0.0,28.3,0.0,100.0
WHALE_ACCUM,2026-09-29 00:00:00+00:00,HBAR,BYBIT:HBARUSDT.P,1d,0.1023,-0.16120039357166283,0.3715780650871263,4.002584651930711,10.466450569689362,EXTREME,94.0,83.0,8.1,100.0
WHALE_ACCUM,2026-09-29 00:00:00+00:00,LTC,BYBIT:LTCUSDT.P,1d,66.79,-0.034687093510622824,0.01129771953719283,0.3025177473623058,1.514433191293035,EXTREME,0.0,28.3,6.5,92.8
WHALE_ACCUM,2026-09-29 00:00:00+00:00,OP,BYBIT:OPUSDT.P,1d,0.12866,-0.040781331544024524,-0.010367062850848319,0.26083681740257303,1.313794256360502,EXTREME,0.0,17.6,2.9,100.0
WHALE_ACCUM,2026-09-29 00:00:00+00:00,THETA,BYBIT:THETAUSDT.P,1d,0.2219,-0.007158836689038162,-0.034239360685919484,0.20126694407452134,1.5834648602206514,EXTREME,21.2,25.8,4.1,100.0
WHALE_ACCUM,2026-09-29 00:00:00+00:00,TIA,BYBIT:TIAUSDT.P,1d,0.4403,-0.017626059794734417,-0.058931043903450275,0.469079975476933,1.2965449519800085,NEUTRAL,22.8,22.4,1.6,100.0
ENTRY,2026-09-28 20:00:00+00:00,SAND,BYBIT:SANDUSDT.P,4h,0.04329,0.0226789510985117,-0.011892184945150985,-0.8743343807429854,0.5165690272032888,NEUTRAL,39.7,22.9,7.0,0.0
OI_SURGE,2026-09-28 20:00:00+00:00,APT,BYBIT:APTUSDT.P,4h,0.829,0.02370955791553464,0.015965920275865297,-0.5664223070485894,0.7968040066817188,NEUTRAL,47.4,37.0,12.5,0.0
OI_SURGE,2026-09-28 20:00:00+00:00,RUNE,BINANCE:RUNEUSDT.P,4h,0.7742,-0.009087418405222092,0.14333108672298778,0.2914433160821205,2.9679673603668437,NEGATIVE,60.1,60.1,11.3,40.0
OI_SURGE,2026-09-28 20:00:00+00:00,XLM,BINANCE:XLMUSDT.P,4h,0.23234,0.024291319490367114,0.022901229162406667,0.3940744564049488,1.5600558298237557,EXTREME,55.6,42.0,0.0,0.0
PRE_ENTRY,2026-09-28 20:00:00+00:00,TAO,BINANCE:TAOUSDT.P,4h,308.07,0.014790170630476274,0.028035751710418166,-0.6315574855483062,0.7575574227371501,EXTREME,54.0,39.7,3.5,0.0
VOLUME_SURGE,2026-09-28 20:00:00+00:00,LINK,BINANCE:LINKUSD.P,4h,15.42,0.023428685206079436,0.0,0.4833726350711191,1.794632939748915,EXTREME,43.5,40.0,0.0,0.0
VOLUME_SURGE,2026-09-28 20:00:00+00:00,VIRTUAL,BINANCE:VIRTUALUSDT.P,4h,0.8265,0.028496764559482468,0.017044262727377024,0.7268700549808388,1.8987756431245257,EXTREME,27.7,37.3,18.1,0.0
WHALE_ACCUM,2026-09-28 20:00:00+00:00,HBAR,BYBIT:HBARUSDT.P,4h,0.12196,0.0020540629364884655,0.010185935319270145,2.3518625422759016,10.139478365506237,EXTREME,6.3,35.4,0.0,100.0
OI_SURGE,2026-09-28 16:00:00+00:00,XLM,BINANCE:XLMUSDT.P,4h,0.22683,0.029267628641437504,0.03646129367908668,2.6597098967250514,3.46132127322263,EXTREME,84.1,50.9,7.2,0.0
PRE_ENTRY,2026-09-28 16:00:00+00:00,APT,BYBIT:APTUSDT.P,4h,0.8098,0.0030967422271770406,0.021091029473292,-0.45572268359305346,0.8965161745739446,NEUTRAL,41.2,37.7,9.1,0.0
PRE_ENTRY,2026-09-28 16:00:00+00:00,ATOM,BINANCE:ATOMUSDT.P,4h,1.726,0.011130638547158789,0.017167107745845955,0.08381579048485097,1.2205395743856122,NEGATIVE,54.5,20.6,18.9,0.0
VOLUME_SURGE,2026-09-28 16:00:00+00:00,LINK,BINANCE:LINKUSD.P,4h,15.067,0.04508566275924264,0.0,4.262090938240277,5.7156952622177695,EXTREME,96.4,60.9,11.7,0.0
VOLUME_SURGE,2026-09-28 16:00:00+00:00,LTC,BYBIT:LTCUSDT.P,4h,68.91,-0.015852613538988813,0.006912116653854605,0.21414614619516786,1.764587042464533,EXTREME,27.9,26.9,5.2,0.0
VOLUME_SURGE,2026-09-28 16:00:00+00:00,RUNE,BINANCE:RUNEUSDT.P,4h,0.7813,0.05695346320346317,0.03555049045046732,2.9315804887568184,10.73248919400669,EXTREME,70.9,68.4,1.9,40.0
VOLUME_SURGE,2026-09-28 16:00:00+00:00,VIRTUAL,BINANCE:VIRTUALUSDT.P,4h,0.8036,0.013239187996469504,-0.03055357189015062,1.6024527213975062,2.6158250291431298,EXTREME,7.7,26.6,7.7,0.0
WHALE_ACCUM,2026-09-28 16:00:00+00:00,HBAR,BYBIT:HBARUSDT.P,4h,0.12171,-0.030276471994263532,-0.03755788406583194,5.476231545505251,18.837130087701023,EXTREME,14.0,49.0,0.0,100.0
OI_SURGE,2026-09-28 12:00:00+00:00,BTC,BYBIT:BTCUSDT.P,4h,83326.9,0.0032423282155995548,0.011150709700489037,1.0599913349859442,2.479600668658828,NEGATIVE,44.5,16.5,34.3,0.0
VOLUME_SURGE,2026-09-28 12:00:00+00:00,LINK,BINANCE:LINKUSD.P,4h,14.417,0.025974950185027046,0.0,8.891578716732973,8.458190193628981,EXTREME,69.1,50.3,20.3,0.0
VOLUME_SURGE,2026-09-28 12:00:00+00:00,ONDO,BINANCE:ONDOUSDT.P,4h,0.5138,-0.018341612533435137,-0.03690624890734773,0.7695343876615417,3.043830440469539,EXTREME,24.6,32.1,0.6,0.0
VOLUME_SURGE,2026-09-28 12:00:00+00:00,RUNE,BINANCE:RUNEUSDT.P,4h,0.7392,0.024532224532224367,-0.029066634561724647,0.38880903909910197,3.138706110065501,EXTREME,11.0,38.7,0.0,40.0
VOLUME_SURGE,2026-09-28 12:00:00+00:00,VIRTUAL,BINANCE:VIRTUALUSDT.P,4h,0.7931,-0.007259982475904425,-0.015177351825402141,4.356150396995931,4.640566110714822,EXTREME,14.0,36.6,8.0,26.3
VOLUME_SURGE,2026-09-28 12:00:00+00:00,XLM,BINANCE:XLMUSDT.P,4h,0.22038,0.037375258896629626,0.04250134287364715,6.349691292192192,5.760827732718618,EXTREME,100.0,66.8,10.7,0.0
WHALE_ACCUM,2026-09-28 12:00:00+00:00,HBAR,BYBIT:HBARUSDT.P,4h,0.12551,0.06926222525132064,0.34347444116823356,7.858985351600862,21.228464282115702,EXTREME,100.0,100.0,16.7,100.0
ENTRY,2026-09-28 08:00:00+00:00,HBAR,BYBIT:HBARUSDT.P,4h,0.11738,0.21297922909992772,0.05615277371530025,22.225185798569353,24.71948536683206,EXTREME,100.0,100.0,16.7,9.5
HOT_PRE_ENTRY,2026-09-28 08:00:00+00:00,LINK,BINANCE:LINKUSD.P,4h,14.052,0.028922896683019728,0.0,2.9726293188641253,3.53508745850057,EXTREME,66.8,45.0,5.0,0.0
OI_SURGE,2026-09-28 08:00:00+00:00,ONDO,BINANCE:ONDOUSDT.P,4h,0.5234,0.0077011936850210905,0.014641285089179279,0.753598705502228,3.0486592689071315,EXTREME,28.3,33.7,2.1,0.0
PRE_ENTRY,2026-09-28 08:00:00+00:00,BTC,BYBIT:BTCUSDT.P,4h,83057.6,0.001835827340559426,0.021516033026352632,-0.18636627670835282,1.145221699482513,NEGATIVE,47.8,16.2,28.6,0.0
PRE_ENTRY,2026-09-28 08:00:00+00:00,SUI,BYBIT:SUIUSDT.P,4h,1.185,0.005430171389784411,0.017707443810856205,0.37205800972587816,1.4866486493743345,EXTREME,41.6,35.0,15.6,12.0
VOLUME_SURGE,2026-09-28 08:00:00+00:00,RUNE,BINANCE:RUNEUSDT.P,4h,0.7215,-0.0033153750518026825,-0.02431689877437182,0.0540917003213035,2.1273133752282236,EXTREME,0.0,25.2,10.2,40.0
VOLUME_SURGE,2026-09-28 08:00:00+00:00,VIRTUAL,BINANCE:VIRTUALUSDT.P,4h,0.7989,0.023705791901589057,-0.006161527264512023,1.2992442329280078,2.259468419825434,EXTREME,14.1,32.3,8.6,23.1
OI_SURGE,2026-09-28 04:00:00+00:00,ONDO,BINANCE:ONDOUSDT.P,4h,0.5194,-0.0884520884520884,-0.00461044997321125,2.21385172766575,5.877773179466413,EXTREME,33.3,33.9,4.4,0.0
VOLUME_SURGE,2026-09-28 04:00:00+00:00,HBAR,BYBIT:HBARUSDT.P,4h,0.09677,0.017239566908440862,0.01627458943177751,3.2919307963889093,4.545240593967181,EXTREME,67.0,48.9,5.9,0.0
VOLUME_SURGE,2026-09-28 04:00:00+00:00,RUNE,BINANCE:RUNEUSDT.P,4h,0.7239,-0.021624543857278078,-0.09475553464079745,0.7024804677808507,4.084567899694609,EXTREME,0.0,31.8,0.0,40.0
HOT_PRE_ENTRY,2026-09-28 00:00:00+00:00,XLM,BINANCE:XLMUSDT.P,1d,0.23234,0.07649538989019145,0.003829139368289658,3.865471882987545,3.9039274194415494,EXTREME,86.2,59.8,0.0,40.0
OI_SURGE,2026-09-28 00:00:00+00:00,MANA,OKX:MANAUSDT.P,1d,0.08991,-0.02377850162866446,0.007581923081231512,0.04048047171432379,1.5232323566730714,EXTREME,21.9,19.4,0.0,44.8
OI_SURGE,2026-09-28 00:00:00+00:00,ONDO,BINANCE:ONDOUSDT.P,4h,0.5698,-0.030622660768969023,0.041256461453484716,0.9715536543824216,3.4384883622496956,EXTREME,34.8,36.8,8.3,0.0
OI_SURGE,2026-09-28 00:00:00+00:00,RUNE,BINANCE:RUNEUSDT.P,1d,0.7742,0.01868421052631586,0.040988495611874454,2.2397218270012025,5.973786302458341,EXTREME,42.9,42.1,0.0,40.0
OI_SURGE,2026-09-28 00:00:00+00:00,TAO,BINANCE:TAOUSDT.P,1d,308.07,-0.03667917448405256,-0.02161156611354953,1.7492095519360735,2.4078505752204924,EXTREME,30.5,36.0,4.4,14.8
OI_SURGE,2026-09-28 00:00:00+00:00,VIRTUAL,BINANCE:VIRTUALUSDT.P,1d,0.8265,-0.016773733047823036,0.07493145964820225,2.8185249871983915,3.3306118432271843,EXTREME,75.8,53.3,16.5,0.0
OI_SURGE,2026-09-28 00:00:00+00:00,XRP,BYBIT:XRPUSDT.P,4h,1.4918,-0.016027966492975443,0.004627239165978292,0.6787363069439498,1.8564300272989473,NEUTRAL,26.8,13.3,7.8,0.0
OI_SURGE,2026-09-28 00:00:00+00:00,XRP,BYBIT:XRPUSDT.P,1d,1.4962,-0.013125783259679502,0.11443981860877117,0.7999057569805235,2.1189883785707444,NEUTRAL,71.4,40.6,0.0,35.4
VOLUME_SURGE,2026-09-28 00:00:00+00:00,HBAR,BYBIT:HBARUSDT.P,1d,0.12196,0.27306889352818375,0.004463449925315555,27.38843433132651,23.12746002657509,EXTREME,100.0,87.2,0.0,24.9
VOLUME_SURGE,2026-09-28 00:00:00+00:00,LINK,BINANCE:LINKUSD.P,1d,15.42,0.100642398286938,0.0,6.887411569914263,7.569054790131368,EXTREME,97.5,68.9,0.0,40.0
VOLUME_SURGE,2026-09-28 00:00:00+00:00,NEAR,BINANCE:NEARUSD.P,1d,4.817,-0.10481323174131207,0.0,2.9115988189179784,5.259979072729552,EXTREME,37.5,40.6,0.0,40.0
VOLUME_SURGE,2026-09-28 00:00:00+00:00,ONDO,BINANCE:ONDOUSDT.P,1d,0.5194,-0.11636611092208238,0.06338190767090102,3.3229926367597615,5.054490938083161,EXTREME,45.2,40.6,6.5,40.0
VOLUME_SURGE,2026-09-28 00:00:00+00:00,RUNE,BINANCE:RUNEUSDT.P,4h,0.7399,-0.026447368421052664,-0.015913520380682722,1.1733720699743209,5.475707533132733,EXTREME,0.0,29.7,1.1,40.0
WHALE_ACCUM,2026-09-28 00:00:00+00:00,ADA,BYBIT:ADAUSDT.P,1d,0.2471,-0.030980392156862768,-0.008872404795177369,0.07316265101416942,1.0871771611104037,EXTREME,20.4,15.8,5.9,100.0
WHALE_ACCUM,2026-09-28 00:00:00+00:00,LTC,BYBIT:LTCUSDT.P,1d,69.19,-0.028912280701754445,0.008614988845483618,1.413170728742241,2.537169311610579,EXTREME,1.9,32.2,1.6,87.2
WHALE_ACCUM,2026-09-28 00:00:00+00:00,OP,BYBIT:OPUSDT.P,1d,0.13413,-0.10064369049215505,0.011380509453384091,0.4700470749551202,1.4430861094143654,EXTREME,0.0,24.1,1.6,100.0
WHALE_ACCUM,2026-09-28 00:00:00+00:00,POL,BYBIT:POLUSDT.P,1d,0.11676,-0.04232283464566933,-0.01304787477532976,0.7990904433174245,2.0561250574074426,EXTREME,0.0,28.2,3.8,75.1
WHALE_ACCUM,2026-09-28 00:00:00+00:00,THETA,BYBIT:THETAUSDT.P,1d,0.2235,-0.0424164524421593,0.004707972969345775,-0.061587104501942797,1.2522945723013086,EXTREME,0.0,29.0,0.0,100.0
WHALE_ACCUM,2026-09-28 00:00:00+00:00,TIA,BYBIT:TIAUSDT.P,1d,0.4482,-0.12083169870537469,0.09246451833891234,1.0401005763615083,1.5688987090557913,EXTREME,52.4,38.4,5.7,100.0
OI_SURGE,2026-09-27 20:00:00+00:00,XRP,BYBIT:XRPUSDT.P,4h,1.5161,-0.009926206491216671,0.03360426190355659,-0.3882190257465928,0.9164839971664687,NEGATIVE,46.4,18.7,15.2,3.4
PRE_ENTRY,2026-09-27 20:00:00+00:00,TIA,BYBIT:TIAUSDT.P,4h,0.5098,0.01090620662304187,0.029547523868625136,0.16370591853975222,1.4931412205450054,EXTREME,38.8,37.4,16.1,0.0
WHALE_ACCUM,2026-09-27 20:00:00+00:00,OP,BYBIT:OPUSDT.P,4h,0.14914,0.020179218824817102,-0.010507110043692314,-0.7890385123383682,0.6018078881239907,NEUTRAL,29.2,29.0,14.9,95.8
ENTRY,2026-09-27 16:00:00+00:00,DOT,BYBIT:DOTUSDT.P,4h,1.2655,0.028527308192457745,0.0008296900472024582,-0.4131796102274533,0.9129045205750593,NEGATIVE,45.9,39.7,14.1,0.0
ENTRY,2026-09-27 16:00:00+00:00,TIA,BYBIT:TIAUSDT.P,4h,0.5043,0.02458350264120268,-0.0343589229414939,-0.6083688592781562,0.7470243857455255,EXTREME,34.9,35.5,17.4,0.0
OI_SURGE,2026-09-27 16:00:00+00:00,ATOM,BINANCE:ATOMUSDT.P,4h,1.875,0.00482315112540177,0.013288087559377049,-1.1487805321627533,0.5835615919951472,EXTREME,43.2,29.1,8.1,8.8
OI_SURGE,2026-09-27 16:00:00+00:00,XRP,BYBIT:XRPUSDT.P,4h,1.5313,0.010292274196740836,0.0025622742049342673,-0.5411363057027592,0.7780185528174018,NEGATIVE,29.9,16.6,16.3,0.0
PRE_ENTRY,2026-09-27 16:00:00+00:00,ARB,BINANCE:ARBUSDT.P,4h,0.2277,0.03143685450262734,0.037142728811045744,-0.5665654572996867,0.7853386780890173,NEGATIVE,61.7,47.2,37.5,40.0
PRE_ENTRY,2026-09-27 16:00:00+00:00,HYPE,BYBIT:HYPEUSDT.P,4h,91.74,0.00437924239106624,0.0162456515934577,-1.0602826181041212,0.3917224495007957,NEGATIVE,49.9,20.5,23.7,0.0
VOLUME_SURGE,2026-09-27 16:00:00+00:00,RUNE,BINANCE:RUNEUSDT.P,4h,0.755,0.010303760203398848,-0.050359903484656354,-0.08680287433943787,1.7790015435272182,EXTREME,0.0,27.3,6.7,40.0
WHALE_ACCUM,2026-09-27 16:00:00+00:00,OP,BYBIT:OPUSDT.P,4h,0.14619,0.020879888268156455,0.010394324899514196,-0.7892293567273612,0.5974082024772046,NEUTRAL,35.6,31.8,28.2,97.5
OI_SURGE,2026-09-27 12:00:00+00:00,RUNE,BINANCE:RUNEUSDT.P,4h,0.7473,-0.014376154049063561,-0.06846383725357441,0.45230474926289826,3.4374511522282782,EXTREME,0.0,30.8,0.0,40.0
OI_SURGE,2026-09-27 12:00:00+00:00,TIA,BYBIT:TIAUSDT.P,4h,0.4922,-0.005857402544940382,0.005352229050196389,0.10601236326717717,1.4349228183895364,EXTREME,22.0,30.0,15.0,0.0
OI_SURGE,2026-09-27 12:00:00+00:00,VIRTUAL,BINANCE:VIRTUALUSDT.P,4h,0.8013,-0.012690980778708671,0.017433722564413,2.112649116709605,2.8042682363328257,EXTREME,17.2,35.4,0.0,31.4
OI_SURGE,2026-09-27 12:00:00+00:00,XRP,BYBIT:XRPUSDT.P,4h,1.5157,-0.013986468904501614,0.03347137005579093,-0.062310942285346185,1.2096567063233725,NEUTRAL,47.0,18.9,12.8,0.0
WHALE_ACCUM,2026-09-27 12:00:00+00:00,ZEC,BYBIT:ZECUSDT.P,4h,1580.38,-0.04830210949120484,0.012921449528270568,0.6810833458124137,1.5541793694254753,NEUTRAL,31.4,30.9,12.6,100.0
OI_SURGE,2026-09-27 08:00:00+00:00,RUNE,BINANCE:RUNEUSDT.P,4h,0.7582,-0.03585961342828081,0.03480502701347854,1.8882624656688254,8.16270366380117,EXTREME,15.9,42.9,0.0,40.0
OI_SURGE,2026-09-27 08:00:00+00:00,TAO,BINANCE:TAOUSDT.P,4h,330.13,-0.010876078619367235,0.0543044013113092,0.4191092264846309,1.6824731420656136,EXTREME,47.9,50.9,11.1,40.0
WHALE_ACCUM,2026-09-27 08:00:00+00:00,ZEC,BYBIT:ZECUSDT.P,4h,1660.59,-0.002343060036407607,0.01270034659937358,-1.0641375964985487,0.39340542510836035,NEUTRAL,27.4,32.2,12.7,100.0
ENTRY,2026-09-27 04:00:00+00:00,DOT,BYBIT:DOTUSDT.P,4h,1.2734,0.030425635216054348,-0.0032053551139816783,-0.05739148725105017,1.118274502884533,EXTREME,44.5,35.7,9.2,0.0
ENTRY,2026-09-27 04:00:00+00:00,S,BINANCE:SUSDT.P,4h,0.04038,0.026958290946083485,-0.012239673275616814,-0.4837100807074051,0.5393387919482459,NEUTRAL,33.1,34.7,9.4,0.0
ENTRY,2026-09-27 04:00:00+00:00,NEO,BINANCE:NEOUSDT.P,4h,2.713,0.022230595327807245,0.0029626626133403278,-0.7161881732632682,0.695011750047713,EXTREME,42.2,34.7,11.5,30.5
ENTRY,2026-09-27 04:00:00+00:00,SAND,BYBIT:SANDUSDT.P,4h,0.04541,0.02159730033745766,-0.021884748325943337,-0.9135617006624066,0.4675582329132648,EXTREME,39.2,28.4,10.8,0.0
ENTRY,2026-09-27 04:00:00+00:00,VIRTUAL,BINANCE:VIRTUALUSDT.P,4h,0.8222,0.05073482428115028,0.020672405166719532,0.16671686478277964,1.3675318437005792,EXTREME,86.4,45.4,0.0,26.7
HOT_PRE_ENTRY,2026-09-27 04:00:00+00:00,NEAR,BINANCE:NEARUSD.P,4h,5.405,0.07476635514018692,0.0,1.7364270047419934,3.089096615720524,EXTREME,70.7,46.1,0.0,0.0
OI_SURGE,2026-09-27 04:00:00+00:00,RUNE,BINANCE:RUNEUSDT.P,4h,0.7864,-0.027935723114956845,0.1609064832995155,6.731301283815839,19.948826602126726,EXTREME,86.0,94.6,0.0,40.0
PRE_ENTRY,2026-09-27 04:00:00+00:00,ARB,BINANCE:ARBUSDT.P,4h,0.23477,0.04953283562072519,0.018899804841479684,-0.35735137360694874,1.0083340576382167,NEUTRAL,62.2,40.0,14.8,40.0
PRE_ENTRY,2026-09-27 04:00:00+00:00,AVAX,BYBIT:AVAXUSDT.P,4h,11.155,0.03980238627889632,0.0035377008607597737,-0.1632312670689326,1.35770129362717,NEUTRAL,55.8,41.1,8.6,0.0
PRE_ENTRY,2026-09-27 04:00:00+00:00,SOL,BINANCE:SOLUSD.P,4h,124.03,0.029209194257737936,0.0,-0.22441609707839008,1.0815546093135526,NEUTRAL,63.4,32.8,16.7,0.0
PRE_ENTRY,2026-09-27 04:00:00+00:00,SUI,BYBIT:SUIUSDT.P,4h,1.2633,0.08002051808155941,-0.0007097834001945635,0.5455387644495892,1.6976166072790226,NEUTRAL,81.1,49.0,13.6,0.0
PRE_ENTRY,2026-09-27 04:00:00+00:00,UNI,BYBIT:UNIUSDT.P,4h,10.074,0.03716668382580046,-0.00373953630079793,-0.12744143909619227,1.1823412128967348,NEUTRAL,46.4,33.0,2.4,0.0
WHALE_ACCUM,2026-09-27 04:00:00+00:00,ZEC,BYBIT:ZECUSDT.P,4h,1664.49,0.01628384071509692,-0.007519091121993671,-0.8479037969019049,0.5440094898627446,NEUTRAL,28.0,28.5,10.0,100.0
OI_SURGE,2026-09-27 00:00:00+00:00,ARB,BINANCE:ARBUSDT.P,1d,0.22607,0.018654530707880923,0.027645027044978843,0.19532154682024508,2.591376827776491,NEUTRAL,22.7,26.5,0.0,0.0
OI_SURGE,2026-09-27 00:00:00+00:00,DOT,BYBIT:DOTUSDT.P,4h,1.2358,-0.0038690955989036935,0.01603457879649839,-0.7925036459682373,0.6701827441986201,EXTREME,49.7,39.3,7.3,0.0
OI_SURGE,2026-09-27 00:00:00+00:00,FIL,BITGET:FILUSDT.P,4h,1.138,0.00521155374966864,-0.011788353807078322,-0.35666827320305183,0.9164962461633585,NEUTRAL,20.7,25.3,8.4,30.7
OI_SURGE,2026-09-27 00:00:00+00:00,INJ,BINANCE:INJUSDT.P,4h,7.782,0.0011578541103820505,-0.0016481834347540358,-0.8770335498434088,0.5974236809350291,NEUTRAL,0.0,25.0,23.6,3.4
OI_SURGE,2026-09-27 00:00:00+00:00,NEO,BINANCE:NEOUSDT.P,1d,2.699,0.01275797373358345,-0.007677522190037478,-0.031008109523862747,1.1962525953024283,EXTREME,25.3,19.9,0.0,0.0
OI_SURGE,2026-09-27 00:00:00+00:00,ONDO,BINANCE:ONDOUSDT.P,1d,0.5878,0.09297136481963575,-0.003909172235131764,0.7102165662882788,2.1251495708413577,EXTREME,31.2,44.5,0.0,40.0
OI_SURGE,2026-09-27 00:00:00+00:00,RUNE,BINANCE:RUNEUSDT.P,4h,0.809,0.046030514610809536,0.03684172550052289,7.416894845096787,17.77259007858767,EXTREME,78.2,73.6,0.0,40.0
OI_SURGE,2026-09-27 00:00:00+00:00,RUNE,BINANCE:RUNEUSDT.P,1d,0.76,-0.017326092578225927,0.28483709516909617,5.500056208370745,10.99109663583695,EXTREME,14.0,49.0,0.0,40.0
OI_SURGE,2026-09-27 00:00:00+00:00,SAND,BYBIT:SANDUSDT.P,4h,0.04445,-0.008476466651795689,-0.05761433435968821,-0.6412532696318662,0.6926413890940459,EXTREME,20.0,13.6,14.4,0.0
OI_SURGE,2026-09-27 00:00:00+00:00,TAO,BINANCE:TAOUSDT.P,4h,320.55,-0.0010595531178907436,-0.00609903892598096,-0.5337011690720812,0.8927768179452776,NEUTRAL,0.0,25.0,19.2,30.9
OI_SURGE,2026-09-27 00:00:00+00:00,TAO,BINANCE:TAOUSDT.P,1d,319.8,-0.0033968026426500764,0.10237870145747663,1.3301441336589543,2.10414778182704,NEUTRAL,28.0,34.3,8.8,10.6
OI_SURGE,2026-09-27 00:00:00+00:00,VIRTUAL,BINANCE:VIRTUALUSDT.P,4h,0.7825,-0.00961903556511845,-0.005879366071898762,-0.39834826241226035,0.9445744202344496,NEUTRAL,0.0,13.9,8.5,5.4
OI_SURGE,2026-09-27 00:00:00+00:00,ZEC,BYBIT:ZECUSDT.P,1d,1586.59,-0.03978624124720853,0.07530144401311167,-0.21216054637644588,1.020634260529749,EXTREME,4.8,31.5,10.4,0.0
PRE_ENTRY,2026-09-27 00:00:00+00:00,FIL,BITGET:FILUSDT.P,1d,1.1399,0.006889850719900892,0.07571159390494664,0.07110429568712091,1.4304206165515507,NEUTRAL,49.9,42.2,0.0,52.5
PRE_ENTRY,2026-09-27 00:00:00+00:00,SUI,BYBIT:SUIUSDT.P,1d,1.263,0.0862647286488345,-0.018446121905855817,1.1003814771877574,2.208045966645198,NEUTRAL,35.6,42.9,4.3,0.0
PRE_ENTRY,2026-09-27 00:00:00+00:00,VIRTUAL,BINANCE:VIRTUALUSDT.P,1d,0.8406,0.06391596000506272,0.04024082549785257,0.6869015611599901,1.7083272595972312,NEUTRAL,54.4,41.5,0.0,0.0
VOLUME_SURGE,2026-09-27 00:00:00+00:00,NEAR,BINANCE:NEARUSD.P,1d,5.381,0.06914365189747662,0.0,2.5567610670392478,4.650919721474935,EXTREME,32.0,47.4,0.0,40.0
WHALE_ACCUM,2026-09-27 00:00:00+00:00,ADA,BYBIT:ADAUSDT.P,1d,0.255,0.004728132387706863,-0.011252280318106878,-0.99244846890566,0.5918527789427606,NEGATIVE,20.0,23.2,9.5,100.0
WHALE_ACCUM,2026-09-27 00:00:00+00:00,APT,BYBIT:APTUSDT.P,1d,0.8639,0.0155166333607617,0.011253756530242853,-0.41836444808965406,0.9410489491347652,NEGATIVE,28.2,21.1,0.0,76.2
WHALE_ACCUM,2026-09-27 00:00:00+00:00,ETH,BYBIT:ETHUSDT.P,1d,2687.57,-0.0028087594707509878,0.006626789605907124,-1.218059402689669,0.47863719605933125,NEUTRAL,21.7,25.8,6.2,81.9
WHALE_ACCUM,2026-09-27 00:00:00+00:00,LTC,BYBIT:LTCUSDT.P,1d,71.25,-0.01737691352916848,-0.029226848082133827,0.03390930976766574,1.2490999472291016,EXTREME,0.0,25.1,0.0,100.0
WHALE_ACCUM,2026-09-27 00:00:00+00:00,OP,BYBIT:OPUSDT.P,1d,0.14914,0.03821789070657844,0.0049018640060229934,-0.43567458793433766,0.9110225098831685,EXTREME,2.2,30.3,0.0,100.0
WHALE_ACCUM,2026-09-27 00:00:00+00:00,THETA,BYBIT:THETAUSDT.P,1d,0.2334,0.009079118028534339,-0.00393032152203765,-0.42882475236417095,0.7715087385341813,EXTREME,0.0,29.8,0.0,100.0
WHALE_ACCUM,2026-09-27 00:00:00+00:00,ZEC,BYBIT:ZECUSDT.P,4h,1637.82,-0.008781538796729493,0.049895690906204715,-1.0875392796845726,0.3879342477198803,NEUTRAL,48.7,37.6,11.0,100.0
OI_SURGE,2026-09-26 20:00:00+00:00,FIL,BITGET:FILUSDT.P,4h,1.1321,-0.0061452023527345245,-0.01286468243837191,-0.38382589065117007,0.878029008150515,EXTREME,20.0,25.0,22.2,9.3
OI_SURGE,2026-09-26 20:00:00+00:00,S,BINANCE:SUSDT.P,4h,0.03989,-0.002999250187453062,0.017787069104508557,-0.12215849329335254,1.588830223892897,EXTREME,28.4,32.7,13.9,0.0
OI_SURGE,2026-09-26 20:00:00+00:00,INJ,BINANCE:INJUSDT.P,4h,7.773,0.015945628022480784,0.03207257967053212,-0.1156507528424544,1.1786470968608498,NEGATIVE,25.2,40.4,13.0,8.3
OI_SURGE,2026-09-26 20:00:00+00:00,RUNE,BINANCE:RUNEUSDT.P,4h,0.7734,0.035341365461847296,-0.01756089872018618,2.264324634971807,6.48783158125828,EXTREME,40.3,50.6,0.0,40.0
OI_SURGE,2026-09-26 20:00:00+00:00,SAND,BYBIT:SANDUSDT.P,4h,0.04483,-0.006647462884998956,-0.04732567863845982,-0.1720857028777761,1.0762952072487868,EXTREME,20.0,14.6,18.0,0.0
OI_SURGE,2026-09-26 20:00:00+00:00,TAO,BINANCE:TAOUSDT.P,4h,320.89,0.00034291414676723697,0.025590910001796585,0.6596306344274118,1.9071583056571522,EXTREME,20.0,39.1,24.0,40.0
OI_SURGE,2026-09-26 20:00:00+00:00,VIRTUAL,BINANCE:VIRTUALUSDT.P,4h,0.7901,-0.0067881835323695405,0.01427624253124482,-0.0917347384016551,1.173968426199993,EXTREME,1.9,20.2,21.7,0.0
PRE_ENTRY,2026-09-26 20:00:00+00:00,ZEC,BYBIT:ZECUSDT.P,4h,1652.33,0.05256016613369696,0.008037417851207485,0.6221064807236618,1.5263049462608638,NEUTRAL,68.4,43.5,16.6,8.9
OI_SURGE,2026-09-26 16:00:00+00:00,FIL,BITGET:FILUSDT.P,4h,1.1391,-0.05019594763612112,0.07433104942957036,0.5118142903312898,2.026462743698326,EXTREME,78.2,51.2,0.0,18.3
OI_SURGE,2026-09-26 16:00:00+00:00,RUNE,BINANCE:RUNEUSDT.P,4h,0.747,-0.01229670765569213,0.17653842757090787,2.9162978032917595,7.564119460667142,EXTREME,87.5,82.7,0.0,40.0
OI_SURGE,2026-09-26 16:00:00+00:00,SAND,BYBIT:SANDUSDT.P,4h,0.04513,-0.02040373344909907,0.16052066469116943,0.5569087119620558,1.6723738335186793,EXTREME,100.0,63.6,10.1,9.9
OI_SURGE,2026-09-26 16:00:00+00:00,TAO,BINANCE:TAOUSDT.P,4h,320.78,-0.05237659153348506,0.053717265088594424,0.7641010672962658,1.997130084222577,EXTREME,54.5,58.3,9.1,24.8
WHALE_ACCUM,2026-09-26 16:00:00+00:00,MANA,OKX:MANAUSDT.P,4h,0.09115,-0.015233362143474594,0.002205709560651359,-0.5282245551023326,0.842606497717816,EXTREME,22.6,19.8,22.5,86.1
ENTRY,2026-09-26 12:00:00+00:00,ATOM,BINANCE:ATOMUSDT.P,4h,1.877,0.02288828337874671,-0.006147978136203158,0.694021124076515,1.4923887278582093,NEUTRAL,54.8,28.6,12.1,4.4
ENTRY,2026-09-26 12:00:00+00:00,RUNE,BINANCE:RUNEUSDT.P,4h,0.7563,0.045768805309734484,0.025001578675980962,5.52808218690595,11.362592042299275,EXTREME,78.2,73.6,0.0,17.1
ENTRY,2026-09-26 12:00:00+00:00,TAO,BINANCE:TAOUSDT.P,4h,338.51,0.026192136296116608,0.02986214399901943,2.5561232296681666,3.443277461290796,EXTREME,96.4,62.4,0.0,3.3
HOT_PRE_ENTRY,2026-09-26 12:00:00+00:00,FIL,BITGET:FILUSDT.P,4h,1.1993,0.10300744964591191,0.013110199355896635,0.9322270653327672,2.550080870205496,NEUTRAL,99.1,61.4,0.0,0.0
PRE_ENTRY,2026-09-26 12:00:00+00:00,AAVE,BYBIT:AAVEUSDT.P,4h,154.94,0.004408142097757084,0.011568611435834875,-0.561318891455523,0.793549182881167,EXTREME,41.2,27.3,14.9,0.0
PRE_ENTRY,2026-09-26 12:00:00+00:00,ETC,BINANCE:ETCUSDT.P,4h,9.602,0.0051292787605987655,0.02527219102326894,0.0031841451069406033,1.3797672773151035,NEUTRAL,40.6,29.8,19.4,12.8
ENTRY,2026-09-26 08:00:00+00:00,RUNE,BINANCE:RUNEUSDT.P,4h,0.7232,0.04994192799070851,0.018580824455522782,2.1901120784467736,5.3593082392776115,EXTREME,69.4,63.2,0.0,0.7
ENTRY,2026-09-26 04:00:00+00:00,RUNE,BINANCE:RUNEUSDT.P,4h,0.6888,0.031910112359550435,0.02684245131440033,0.4623237079621177,2.3289303990653747,EXTREME,77.7,51.4,0.0,0.0
PRE_ENTRY,2026-09-26 04:00:00+00:00,FIL,BITGET:FILUSDT.P,4h,1.0751,0.039648003094478135,0.0020159002904029943,-0.15969848900150307,1.218014445686174,NEUTRAL,50.8,35.0,8.0,0.0
OI_SURGE,2026-09-26 00:00:00+00:00,MANA,OKX:MANAUSDT.P,1d,0.091,-0.018232819074333717,0.04253761602301531,-0.5619542185369127,0.5634115499902106,EXTREME,34.7,26.3,0.0,67.5
OI_SURGE,2026-09-26 00:00:00+00:00,NEO,BINANCE:NEOUSDT.P,1d,2.665,-0.012962962962963065,0.046009862637959476,-0.11914022065200308,1.1304516090344914,EXTREME,20.0,16.2,0.0,0.0
OI_SURGE,2026-09-26 00:00:00+00:00,ONDO,BINANCE:ONDOUSDT.P,1d,0.5378,-0.020400728597450124,-0.08077979743938668,0.3717504979762056,1.7382291908681007,EXTREME,0.0,30.5,0.0,0.0
PRE_ENTRY,2026-09-26 00:00:00+00:00,ATOM,BINANCE:ATOMUSDT.P,4h,1.806,0.008375209380234505,0.011403044642253057,-0.2440842291192282,1.025462798707754,EXTREME,44.1,26.3,14.3,5.2
VOLUME_SURGE,2026-09-26 00:00:00+00:00,ETC,BINANCE:ETCUSDT.P,1d,9.425,-0.007581341476255554,-0.0358093201048405,0.4464498082026138,1.8964667512686328,EXTREME,22.7,22.6,14.3,0.0
VOLUME_SURGE,2026-09-26 00:00:00+00:00,LINK,BINANCE:LINKUSD.P,1d,14.131,0.015303922977439433,0.0,1.2888990884525204,2.510945209868632,EXTREME,32.2,32.1,10.0,0.0
VOLUME_SURGE,2026-09-26 00:00:00+00:00,LTC,BYBIT:LTCUSDT.P,4h,71.66,-0.012267401791867694,-0.001226995318048374,0.341202938365371,2.2813676729878174,EXTREME,22.0,26.4,7.3,26.7
VOLUME_SURGE,2026-09-26 00:00:00+00:00,NEAR,BINANCE:NEARUSD.P,1d,5.033,0.018207566255310725,0.0,0.7622024775621049,2.336235364755329,NEGATIVE,0.0,33.2,8.1,0.0
VOLUME_SURGE,2026-09-26 00:00:00+00:00,RUNE,BINANCE:RUNEUSDT.P,1d,0.7734,0.18256880733944936,-0.014398311393302832,3.569456915243857,7.247369950582794,EXTREME,99.4,84.8,0.0,0.0
VOLUME_SURGE,2026-09-26 00:00:00+00:00,TAO,BINANCE:TAOUSDT.P,1d,320.89,0.009913765972178412,-0.008238916842236654,2.2556263819086477,2.684799742878654,EXTREME,36.0,35.1,22.5,0.0
WHALE_ACCUM,2026-09-26 00:00:00+00:00,ADA,BYBIT:ADAUSDT.P,1d,0.2538,-0.01894085813683788,0.05873370767054964,-0.6386542753808265,0.7594758239554298,EXTREME,44.7,29.4,9.0,100.0
WHALE_ACCUM,2026-09-26 00:00:00+00:00,LTC,BYBIT:LTCUSDT.P,1d,72.51,-0.0005513439007579501,-0.06321792521405023,0.842212927670057,2.0045140543651523,EXTREME,0.0,28.4,14.1,100.0
WHALE_ACCUM,2026-09-26 00:00:00+00:00,OP,BYBIT:OPUSDT.P,1d,0.14365,-0.018046346298448257,-0.026206230185385926,0.14525318432787884,1.2393689585776657,EXTREME,0.0,25.6,3.5,100.0
WHALE_ACCUM,2026-09-26 00:00:00+00:00,POL,BYBIT:POLUSDT.P,4h,0.11917,0.026354319180087682,-0.006170072690860229,-0.39961591543002595,0.9781283421542866,EXTREME,48.8,30.8,0.0,75.8
WHALE_ACCUM,2026-09-26 00:00:00+00:00,POL,BYBIT:POLUSDT.P,1d,0.12038,0.03677547153561278,-0.03257488445767942,-0.07684761115317322,1.1442432330114893,EXTREME,11.4,30.9,3.8,84.0
WHALE_ACCUM,2026-09-26 00:00:00+00:00,RENDER,BYBIT:RENDERUSDT.P,1d,1.987,0.021593830334190267,0.02815373452192671,0.7441112368794722,1.4972072277667285,EXTREME,25.5,32.6,13.0,100.0
WHALE_ACCUM,2026-09-26 00:00:00+00:00,THETA,BYBIT:THETAUSDT.P,1d,0.2313,-0.022400676246830065,0.037504926246979764,-0.41161752718427985,0.7956051599515624,EXTREME,0.0,32.0,0.0,100.0
OI_SURGE,2026-09-25 20:00:00+00:00,ADA,BYBIT:ADAUSDT.P,4h,0.2587,0.014907806983130545,0.011441447633271151,-0.7149353887465343,0.7209731554991937,EXTREME,42.7,33.8,9.7,0.0
OI_SURGE,2026-09-25 20:00:00+00:00,RENDER,BYBIT:RENDERUSDT.P,4h,1.945,0.01196670135275757,0.0030779100086384403,-0.40308019127510597,0.8858476168374375,EXTREME,30.5,29.6,11.0,27.3
VOLUME_SURGE,2026-09-25 20:00:00+00:00,LTC,BYBIT:LTCUSDT.P,4h,72.55,0.021830985915492818,-0.0019376854369321794,0.9263004466792415,3.451020728643216,NEUTRAL,10.9,35.4,7.5,51.0
WHALE_ACCUM,2026-09-25 20:00:00+00:00,MANA,OKX:MANAUSDT.P,4h,0.09269,0.016895227646736233,-0.0007858354027894254,-0.39697109254859714,0.9260113446923717,EXTREME,35.6,28.1,16.7,81.3
WHALE_ACCUM,2026-09-25 20:00:00+00:00,POL,BYBIT:POLUSDT.P,4h,0.11611,0.013176265270506304,-0.021494811796522795,-0.5189656144403834,0.8372011864643788,EXTREME,37.2,22.8,0.0,92.3
OI_SURGE,2026-09-25 16:00:00+00:00,ARB,BINANCE:ARBUSDT.P,4h,0.22275,0.009654609736198028,0.008707586959234348,-0.4963144278329053,0.8628670289464664,NEGATIVE,30.4,33.6,10.4,7.6
PRE_ENTRY,2026-09-25 16:00:00+00:00,HYPE,BYBIT:HYPEUSDT.P,4h,91.54,0.007705856450902715,0.01200801353569747,-0.6810474652256263,0.7681730451235993,NEGATIVE,47.8,20.3,26.3,0.0
VOLUME_SURGE,2026-09-25 16:00:00+00:00,LINK,BINANCE:LINKUSD.P,4h,13.863,0.0025310963262945574,0.0,0.5187196406510548,1.6776977510866597,EXTREME,24.6,23.6,0.0,0.0
VOLUME_SURGE,2026-09-25 16:00:00+00:00,LTC,BYBIT:LTCUSDT.P,4h,71.0,0.012694337469690398,-0.0023607669625792527,0.5707979263862341,2.862355191133707,NEUTRAL,1.5,30.8,12.5,65.1
VOLUME_SURGE,2026-09-25 16:00:00+00:00,NEAR,BINANCE:NEARUSD.P,4h,5.031,-0.011979575805184606,0.0,0.397934895298851,1.8283168044674956,NEUTRAL,22.4,26.6,13.9,0.0
VOLUME_SURGE,2026-09-25 16:00:00+00:00,ONDO,BINANCE:ONDOUSDT.P,4h,0.5425,0.017632714312511677,-0.04075288156724177,-0.025716037938045028,1.4690480717197891,EXTREME,0.0,32.3,0.0,40.0
VOLUME_SURGE,2026-09-25 16:00:00+00:00,SOL,BINANCE:SOLUSD.P,4h,121.8,0.014746313421644563,0.0,0.9015712302006467,2.0998225628949534,NEUTRAL,42.5,27.6,11.4,0.0
WHALE_ACCUM,2026-09-25 16:00:00+00:00,MANA,OKX:MANAUSDT.P,4h,0.09115,-0.010314875135722157,0.011152329325077037,0.19073283791934603,1.44440285429473,EXTREME,36.7,31.0,0.0,86.7
WHALE_ACCUM,2026-09-25 16:00:00+00:00,POL,BYBIT:POLUSDT.P,4h,0.1146,0.016047521943434617,-0.010976332803231403,0.23374284811420562,1.634280649787674,NEGATIVE,33.2,23.4,9.0,97.9
OI_SURGE,2026-09-25 12:00:00+00:00,ETC,BINANCE:ETCUSDT.P,4h,9.34,-0.02839904296265472,0.008388257861815296,1.202916034306777,3.114495799815224,EXTREME,2.6,25.4,12.4,40.0
OI_SURGE,2026-09-25 12:00:00+00:00,INJ,BINANCE:INJUSDT.P,4h,8.178,-0.009927360774818261,0.005929218492257249,0.8828783250265372,1.9570314734960725,EXTREME,0.9,35.0,6.0,29.2
OI_SURGE,2026-09-25 12:00:00+00:00,VIRTUAL,BINANCE:VIRTUALUSDT.P,4h,0.7698,-0.030844768978975146,0.011479346326225714,2.699085032547793,3.2658663970311146,EXTREME,16.5,31.7,6.2,13.9
OI_SURGE,2026-09-25 12:00:00+00:00,ZEC,BYBIT:ZECUSDT.P,4h,1544.17,-0.03352860916043909,0.05604207195303279,0.653943703308151,1.5246370398598514,NEUTRAL,56.8,42.0,27.1,11.8
VOLUME_SURGE,2026-09-25 12:00:00+00:00,LINK,BINANCE:LINKUSD.P,4h,13.828,-0.017479039363365145,0.0,3.340043828300665,4.156058427306441,EXTREME,40.0,34.0,0.0,0.0
VOLUME_SURGE,2026-09-25 12:00:00+00:00,LTC,BYBIT:LTCUSDT.P,4h,70.11,-0.003977837761045655,-0.004326663577013834,0.9401088885449176,3.7703520548369958,NEGATIVE,0.0,28.8,13.7,62.4
VOLUME_SURGE,2026-09-25 12:00:00+00:00,NEAR,BINANCE:NEARUSD.P,4h,5.092,0.013535031847133672,0.0,2.072788840461603,3.5967944413628,NEUTRAL,42.8,38.3,0.0,0.0
VOLUME_SURGE,2026-09-25 12:00:00+00:00,ONDO,BINANCE:ONDOUSDT.P,4h,0.5331,-0.010762664687326118,-0.053101827271295976,1.1090412826806963,4.05154056886707,EXTREME,0.0,33.4,0.0,40.0
WHALE_ACCUM,2026-09-25 12:00:00+00:00,MANA,OKX:MANAUSDT.P,4h,0.0921,0.012755663074554668,0.0008681180684753098,1.953328995489856,2.9969838964877384,EXTREME,51.9,37.9,0.0,77.4
WHALE_ACCUM,2026-09-25 12:00:00+00:00,POL,BYBIT:POLUSDT.P,4h,0.11279,0.014298561151079303,0.006443073864659921,1.4337140332207432,2.8956874002295114,EXTREME,43.5,23.8,19.1,100.0
WHALE_ACCUM,2026-09-25 12:00:00+00:00,TIA,BYBIT:TIAUSDT.P,4h,0.4898,-0.02118305355715422,-0.008294249957812805,0.9088578355167345,2.213200442316722,EXTREME,25.5,28.6,7.4,100.0
ENTRY,2026-09-25 08:00:00+00:00,APT,BYBIT:APTUSDT.P,4h,0.8407,0.04201784828953903,-0.0026603180721054276,0.06451597537347314,1.3223096007286423,EXTREME,43.0,35.2,13.4,0.0
ENTRY,2026-09-25 08:00:00+00:00,INJ,BINANCE:INJUSDT.P,4h,8.26,0.04729301382021056,0.03092418491279858,-0.13510573867663797,1.1696832703880908,EXTREME,74.2,52.7,14.3,12.7
ENTRY,2026-09-25 08:00:00+00:00,VIRTUAL,BINANCE:VIRTUALUSDT.P,4h,0.7943,0.030755255644951962,0.06753874205683807,1.781496283096456,2.548609578595775,EXTREME,100.0,61.5,2.9,8.0
HOT_PRE_ENTRY,2026-09-25 08:00:00+00:00,LINK,BINANCE:LINKUSD.P,4h,14.074,0.043910399050586024,0.0,2.5733234003033405,3.497129710290603,EXTREME,90.3,53.7,0.0,0.0
HOT_PRE_ENTRY,2026-09-25 08:00:00+00:00,NEAR,BINANCE:NEARUSD.P,4h,5.024,0.11273532668881514,0.0,2.558614612295559,4.070369793636316,NEUTRAL,94.3,61.5,0.0,0.0
HOT_PRE_ENTRY,2026-09-25 08:00:00+00:00,RENDER,BYBIT:RENDERUSDT.P,4h,1.962,0.05427189682966138,-0.004637335375531126,3.519733677788398,4.813113282491811,EXTREME,96.0,59.6,15.1,2.5
HOT_PRE_ENTRY,2026-09-25 08:00:00+00:00,SOL,BINANCE:SOLUSD.P,4h,120.75,0.037906137184115396,0.0,1.7352149241092782,2.787991712090004,NEUTRAL,88.0,48.5,0.0,0.0
OI_SURGE,2026-09-25 08:00:00+00:00,XLM,BINANCE:XLMUSDT.P,4h,0.22298,0.02746290664454909,0.004714368189550511,0.8231123349140627,1.7765224866095286,EXTREME,18.5,36.3,10.0,39.5
PRE_ENTRY,2026-09-25 08:00:00+00:00,MANA,OKX:MANAUSDT.P,4h,0.09094,0.004972925185103172,0.023417045670293124,1.1444290106452528,2.299130255416636,EXTREME,64.5,40.4,4.0,69.9
PRE_ENTRY,2026-09-25 08:00:00+00:00,SUI,BYBIT:SUIUSDT.P,4h,1.1389,0.12406237662850361,0.00967752004636746,1.5376322776270916,2.4592749015366855,NEUTRAL,100.0,81.6,0.0,0.0
VOLUME_SURGE,2026-09-25 08:00:00+00:00,ONDO,BINANCE:ONDOUSDT.P,4h,0.5389,-0.04888810448288028,0.02963979461603672,2.386712011629403,6.796043602903238,EXTREME,10.3,41.2,0.0,40.0
VOLUME_SURGE,2026-09-25 08:00:00+00:00,SAND,BYBIT:SANDUSDT.P,4h,0.04514,-0.0008853474988932408,-0.0004054865843958755,0.858093453052951,2.03423327806875,EXTREME,25.7,19.2,10.2,10.6
WHALE_ACCUM,2026-09-25 08:00:00+00:00,POL,BYBIT:POLUSDT.P,4h,0.1112,0.017569546120058455,-0.0046680614103183915,-0.4617501429297609,0.9014428293814815,EXTREME,33.5,20.0,11.9,100.0
WHALE_ACCUM,2026-09-25 08:00:00+00:00,TIA,BYBIT:TIAUSDT.P,4h,0.5004,0.026882823722552684,-0.005908806581934156,0.09436492235404476,1.4324686950571641,EXTREME,38.2,37.1,7.6,100.0
ENTRY,2026-09-25 04:00:00+00:00,ONDO,BINANCE:ONDOUSDT.P,4h,0.5666,0.07575469906967913,0.0005628113247808653,1.80234577552021,5.392540841194163,EXTREME,50.1,50.3,6.0,40.0
ENTRY,2026-09-25 04:00:00+00:00,OP,BYBIT:OPUSDT.P,4h,0.13381,0.028753747981856037,-0.006049432566388457,-0.9176038787664822,0.5299447130447432,EXTREME,36.2,36.1,7.6,56.2
ENTRY,2026-09-25 04:00:00+00:00,VIRTUAL,BINANCE:VIRTUALUSDT.P,4h,0.7706,0.047153145807854235,-0.02269033404523335,2.146544836938357,2.7832959228198475,EXTREME,72.1,38.5,10.3,0.0
HOT_PRE_ENTRY,2026-09-25 04:00:00+00:00,SAND,BYBIT:SANDUSDT.P,4h,0.04518,0.05094207955338437,-0.004564968658365309,3.5583551252042156,4.247621233602927,NEUTRAL,91.9,52.0,16.5,3.2
OI_SURGE,2026-09-25 04:00:00+00:00,HYPE,BYBIT:HYPEUSDT.P,4h,92.87,0.01408604498798871,0.01022262358164805,-1.0503219640208274,0.48629998803171737,NEGATIVE,51.5,23.7,34.4,0.0
OI_SURGE,2026-09-25 04:00:00+00:00,XLM,BINANCE:XLMUSDT.P,4h,0.21702,-0.007591000548747173,0.0376131489341911,1.036614637686301,1.9248575671604462,EXTREME,44.8,43.4,9.5,38.9
PRE_ENTRY,2026-09-25 04:00:00+00:00,BNB,BYBIT:BNBUSDT.P,4h,773.0,0.0005177323323841687,0.013906043130947898,0.3256719859238035,1.6242926998731466,NEGATIVE,43.8,21.1,18.2,0.0
WHALE_ACCUM,2026-09-25 04:00:00+00:00,LTC,BYBIT:LTCUSDT.P,4h,71.49,0.011460101867571959,-0.03199920528361433,0.31369485869164004,2.425191501880948,EXTREME,0.0,29.4,11.3,85.0
WHALE_ACCUM,2026-09-25 04:00:00+00:00,TIA,BYBIT:TIAUSDT.P,4h,0.4873,0.008067852709971124,0.003522672095843893,-0.5140669281254627,0.8490846977374311,EXTREME,24.9,27.2,5.5,100.0
ENTRY,2026-09-25 00:00:00+00:00,OP,BYBIT:OPUSDT.P,1d,0.14629,0.1139963448065795,0.04779398272215518,1.1072758719452063,1.7749726736778244,EXTREME,59.8,57.6,0.0,100.0
ENTRY,2026-09-25 00:00:00+00:00,SUI,BYBIT:SUIUSDT.P,1d,1.1944,0.17837411207576936,-0.006434624593724125,2.215513284921528,3.096265210077657,NEUTRAL,84.3,69.8,0.0,0.0
OI_SURGE,2026-09-25 00:00:00+00:00,ARB,BINANCE:ARBUSDT.P,4h,0.21688,0.0024034017378442574,-0.004141096435430702,-0.707347803921909,0.6770945907564965,NEGATIVE,20.0,25.0,29.0,0.0
OI_SURGE,2026-09-25 00:00:00+00:00,ETC,BINANCE:ETCUSDT.P,1d,9.497,0.012365419464875682,0.0856756592762753,1.4756327190943934,3.0468702490289274,EXTREME,32.9,33.5,0.0,0.0
OI_SURGE,2026-09-25 00:00:00+00:00,INJ,BINANCE:INJUSDT.P,4h,7.924,-0.014795474325500324,0.00492540621022064,-0.2163728221919497,1.127814229736575,EXTREME,25.2,27.3,10.8,0.0
OI_SURGE,2026-09-25 00:00:00+00:00,MANA,OKX:MANAUSDT.P,1d,0.09269,0.054493742889647256,0.0032479627769836927,0.07563158559995485,1.5751482428792078,EXTREME,51.8,28.5,6.8,11.5
OI_SURGE,2026-09-25 00:00:00+00:00,NEO,BINANCE:NEOUSDT.P,1d,2.7,0.03567318757192184,0.03272716670240472,0.06488404228343389,1.2681251669053126,EXTREME,45.8,25.6,0.0,0.0
OI_SURGE,2026-09-25 00:00:00+00:00,ONDO,BINANCE:ONDOUSDT.P,4h,0.5267,0.009003831417624397,-0.0007912505538233416,2.056024887332485,5.889680613864972,EXTREME,5.4,38.6,0.0,40.0
OI_SURGE,2026-09-25 00:00:00+00:00,ONDO,BINANCE:ONDOUSDT.P,1d,0.549,0.051724137931034475,0.5042001112715795,5.1071549866177115,6.479916771069673,EXTREME,37.6,55.8,0.0,0.0
OI_SURGE,2026-09-25 00:00:00+00:00,XLM,BINANCE:XLMUSDT.P,4h,0.21868,0.004363202131079769,0.04286919719309523,1.594608318200069,2.3618652747536637,EXTREME,63.7,41.8,10.3,38.9
OI_SURGE,2026-09-25 00:00:00+00:00,XLM,BINANCE:XLMUSDT.P,1d,0.22032,0.01189546686262788,0.07523678309112292,1.8925045948805035,2.7905490945901272,EXTREME,36.4,37.5,9.8,0.0
VOLUME_SURGE,2026-09-25 00:00:00+00:00,ARB,BINANCE:ARBUSDT.P,1d,0.22656,0.047143649473100346,0.049082490117888566,0.12858806167296563,2.405898347684147,NEGATIVE,0.0,29.1,15.0,0.0
VOLUME_SURGE,2026-09-25 00:00:00+00:00,BCH,BINANCE:BCHUSD.P,1d,342.86,0.01297013029219718,0.0,0.4450070815010662,2.1755142851064737,EXTREME,0.0,12.0,0.0,0.0
VOLUME_SURGE,2026-09-25 00:00:00+00:00,ETC,BINANCE:ETCUSDT.P,4h,9.424,0.004583733077496932,-0.08481589549177104,0.2326061901936763,1.7779093532024253,EXTREME,0.0,25.6,4.0,40.0
VOLUME_SURGE,2026-09-25 00:00:00+00:00,LINK,BINANCE:LINKUSD.P,1d,13.918,0.05407452287185688,0.0,3.1522420676387903,4.033777635373278,EXTREME,70.6,48.0,0.0,0.0
VOLUME_SURGE,2026-09-25 00:00:00+00:00,NEAR,BINANCE:NEARUSD.P,1d,4.943,0.07761063876171792,0.0,3.6535216388942606,5.716222715123887,EXTREME,41.7,53.1,0.0,0.0
VOLUME_SURGE,2026-09-25 00:00:00+00:00,TAO,BINANCE:TAOUSDT.P,1d,317.74,0.07268491948279943,0.011542347003598463,1.782074494935887,2.354643005719103,EXTREME,27.9,44.0,10.2,0.0
VOLUME_SURGE,2026-09-25 00:00:00+00:00,XRP,BYBIT:XRPUSDT.P,1d,1.5679,0.022099087353324665,-0.08498048075084352,1.19343129480732,2.506181456800607,NEUTRAL,35.9,35.4,1.7,0.0
WHALE_ACCUM,2026-09-25 00:00:00+00:00,ADA,BYBIT:ADAUSDT.P,1d,0.2587,0.044830371567043725,-0.03313728913606029,0.08862203684441708,1.107694730702633,EXTREME,36.8,32.4,0.0,100.0
WHALE_ACCUM,2026-09-25 00:00:00+00:00,ETH,BYBIT:ETHUSDT.P,1d,2690.39,0.001414432421768863,-0.01052894095826784,-0.17344564855899236,0.9602854977393545,NEGATIVE,20.0,25.0,9.5,88.3
WHALE_ACCUM,2026-09-25 00:00:00+00:00,HBAR,BYBIT:HBARUSDT.P,1d,0.09559,0.027738952800774097,-0.06236007421365408,0.9059614617500851,1.978577289212251,NEGATIVE,10.2,31.4,0.0,100.0
WHALE_ACCUM,2026-09-25 00:00:00+00:00,LTC,BYBIT:LTCUSDT.P,4h,70.68,-0.017378006395106338,0.00026330870299839937,0.5480336034563166,2.901868400729449,EXTREME,0.0,27.2,3.0,100.0
WHALE_ACCUM,2026-09-25 00:00:00+00:00,LTC,BYBIT:LTCUSDT.P,1d,72.55,0.008619491171972582,0.04663987158823435,2.0218818134134335,3.061712120900045,EXTREME,28.8,44.8,0.0,100.0
WHALE_ACCUM,2026-09-25 00:00:00+00:00,OP,BYBIT:OPUSDT.P,4h,0.13007,-0.009518732866280799,-0.0050711687409361605,-0.8303947536714177,0.586323016419902,EXTREME,20.0,24.3,16.8,100.0
WHALE_ACCUM,2026-09-25 00:00:00+00:00,POL,BYBIT:POLUSDT.P,1d,0.11611,0.06846415754117974,0.03682878180388682,0.36755776851134814,1.60151975878757,EXTREME,47.5,51.2,0.0,100.0
WHALE_ACCUM,2026-09-25 00:00:00+00:00,RENDER,BYBIT:RENDERUSDT.P,1d,1.945,0.04964921748515927,-0.008661466316830957,1.669987074380278,2.0069654285909713,EXTREME,32.3,34.5,1.3,100.0
WHALE_ACCUM,2026-09-25 00:00:00+00:00,THETA,BYBIT:THETAUSDT.P,1d,0.2366,0.06289308176100628,-0.017249643163033013,-0.20456964138862296,1.0800943271309822,EXTREME,13.9,39.4,0.0,100.0
WHALE_ACCUM,2026-09-25 00:00:00+00:00,TIA,BYBIT:TIAUSDT.P,4h,0.4834,-0.009426229508196715,-0.009677273323242974,-0.24466403981606652,1.1086297979402082,EXTREME,20.0,25.0,0.0,100.0
WHALE_ACCUM,2026-09-25 00:00:00+00:00,TIA,BYBIT:TIAUSDT.P,1d,0.4944,0.013114754098360715,-0.08470056548138749,0.308351600070781,1.2365322676274624,EXTREME,0.0,31.6,0.0,100.0
OI_SURGE,2026-09-24 20:00:00+00:00,ARB,BINANCE:ARBUSDT.P,4h,0.21636,-0.019664703217036728,0.025877044610244093,-0.8647538481004082,0.527320225721716,NEGATIVE,42.1,34.7,26.4,0.0
OI_SURGE,2026-09-24 20:00:00+00:00,ETC,BINANCE:ETCUSDT.P,4h,9.381,-0.03893043745517866,-0.017535264906657022,1.2476689846822144,3.211674915226973,EXTREME,0.0,24.2,3.7,40.0
OI_SURGE,2026-09-24 20:00:00+00:00,INJ,BINANCE:INJUSDT.P,4h,8.043,-0.025563363217833812,0.009789823611330073,-0.6292525936788487,0.7992235849990529,EXTREME,28.2,28.6,7.3,0.0
OI_SURGE,2026-09-24 20:00:00+00:00,ONDO,BINANCE:ONDOUSDT.P,4h,0.522,0.02052785923753686,-0.09964419226491061,0.6036286311188579,2.710690393242136,EXTREME,3.5,35.7,0.0,40.0
OI_SURGE,2026-09-24 20:00:00+00:00,XLM,BINANCE:XLMUSDT.P,4h,0.21773,0.021343465615911494,0.035766834117440194,0.14648171226192258,1.2834464807200976,EXTREME,57.0,48.0,9.8,25.1
VOLUME_SURGE,2026-09-24 20:00:00+00:00,AVAX,BYBIT:AVAXUSDT.P,4h,10.198,-0.024488234168739242,-3.2613536194547876e-05,0.9449044695917452,3.7600277236436277,NEUTRAL,25.8,28.8,2.3,0.0
VOLUME_SURGE,2026-09-24 20:00:00+00:00,NEAR,BINANCE:NEARUSD.P,4h,4.587,-0.03573680891318054,0.0,-0.14121456108068356,1.2062025335567936,EXTREME,20.0,29.0,4.7,0.0
WHALE_ACCUM,2026-09-24 20:00:00+00:00,LTC,BYBIT:LTCUSDT.P,4h,71.93,0.007846434075942321,-0.004677027516516441,0.8566577799269469,3.5249296762837643,NEGATIVE,0.0,34.2,13.6,100.0
WHALE_ACCUM,2026-09-24 20:00:00+00:00,OP,BYBIT:OPUSDT.P,4h,0.13132,-0.015370773037414631,0.008468652424845402,-1.0917672749529566,0.4369780442808593,EXTREME,22.8,26.2,11.4,100.0
WHALE_ACCUM,2026-09-24 20:00:00+00:00,TIA,BYBIT:TIAUSDT.P,4h,0.488,-0.010543390105433925,-0.01998128434954094,-0.34813640116667444,1.0120005674522559,EXTREME,20.0,25.0,0.0,100.0
HOT_PRE_ENTRY,2026-09-24 16:00:00+00:00,LINK,BINANCE:LINKUSD.P,4h,13.248,0.03743148003132335,0.0,2.629495546397721,3.620549733601496,EXTREME,77.4,45.0,10.9,0.0
OI_SURGE,2026-09-24 16:00:00+00:00,ETC,BINANCE:ETCUSDT.P,4h,9.761,-0.022237804267254413,0.08810568814598452,1.9515346820520436,4.141927077703645,EXTREME,68.7,65.3,0.0,40.0
OI_SURGE,2026-09-24 16:00:00+00:00,INJ,BINANCE:INJUSDT.P,4h,8.254,-0.02814082185329103,0.038169319062384854,1.3143953858077575,2.486425488706418,EXTREME,59.7,44.2,26.5,0.0
OI_SURGE,2026-09-24 16:00:00+00:00,ONDO,BINANCE:ONDOUSDT.P,4h,0.5115,-0.003312548713951702,0.5731885162052555,3.10243030010224,8.056118911990868,EXTREME,88.6,83.4,0.0,40.0
OI_SURGE,2026-09-24 16:00:00+00:00,VIRTUAL,BINANCE:VIRTUALUSDT.P,4h,0.7425,-0.005091786144981847,0.051856470514369146,0.8047523437674441,1.8211473787563104,EXTREME,75.3,38.0,6.0,0.0
PRE_ENTRY,2026-09-24 16:00:00+00:00,AAVE,BYBIT:AAVEUSDT.P,4h,146.79,0.02185868430212312,0.014042995060838726,0.5731840822365831,1.4124744732923666,NEUTRAL,65.0,33.2,14.0,0.0
PRE_ENTRY,2026-09-24 16:00:00+00:00,ARB,BINANCE:ARBUSDT.P,4h,0.2207,0.019211231181305966,0.030913512243979202,-0.5158347301445563,0.8339667036172177,NEGATIVE,52.1,39.0,31.7,0.0
VOLUME_SURGE,2026-09-24 16:00:00+00:00,BCH,BINANCE:BCHUSD.P,4h,336.73,-0.0018674413089874164,0.0,-0.10222410677444271,1.935582746261278,EXTREME,20.0,29.0,0.7,0.0
VOLUME_SURGE,2026-09-24 16:00:00+00:00,NEAR,BINANCE:NEARUSD.P,4h,4.757,0.04023616881696901,0.0,1.506445011132561,2.956084844535045,EXTREME,44.9,38.0,7.6,0.0
WHALE_ACCUM,2026-09-24 16:00:00+00:00,LTC,BYBIT:LTCUSDT.P,4h,71.37,-0.03305785123966942,0.0438010641432911,3.485315869249636,8.593750653482369,NEGATIVE,61.0,64.8,13.9,100.0
WHALE_ACCUM,2026-09-24 16:00:00+00:00,OP,BYBIT:OPUSDT.P,4h,0.13337,-0.0023189706762417606,0.09529339373538925,0.5622832445875463,1.4253777402632293,EXTREME,87.5,59.3,4.7,100.0
WHALE_ACCUM,2026-09-24 16:00:00+00:00,TIA,BYBIT:TIAUSDT.P,4h,0.4932,0.016697588126159735,-0.041879061815739194,0.6937411494784038,2.002150979997142,NEGATIVE,34.8,32.4,6.4,100.0
ENTRY,2026-09-24 12:00:00+00:00,AAVE,BYBIT:AAVEUSDT.P,4h,143.65,0.049996345296396516,-0.0022953736464232932,2.3010577988907346,2.3404876405319186,NEGATIVE,82.8,41.1,12.7,0.0
ENTRY,2026-09-24 12:00:00+00:00,BTC,BYBIT:BTCUSDT.P,4h,84379.8,0.0111771409671515,-0.006350575258797897,1.4690665511324885,3.0266023215295186,NEGATIVE,51.5,22.4,25.5,76.9
ENTRY,2026-09-24 12:00:00+00:00,LTC,BYBIT:LTCUSDT.P,4h,73.81,0.11310511235107823,-0.01405754416391991,10.286122412728298,15.835062132202099,EXTREME,100.0,91.0,0.0,70.2
ENTRY,2026-09-24 12:00:00+00:00,MANA,OKX:MANAUSDT.P,4h,0.0867,0.05065438681531753,6.568062346046233e-05,0.7131240419636243,1.9152286997843182,EXTREME,79.6,41.4,15.4,36.4
ENTRY,2026-09-24 12:00:00+00:00,ONDO,BINANCE:ONDOUSDT.P,4h,0.5132,0.19878533053025005,-0.024562982442727477,26.538598514309577,22.220402071580832,EXTREME,100.0,91.0,0.0,7.5
ENTRY,2026-09-24 12:00:00+00:00,RENDER,BYBIT:RENDERUSDT.P,4h,1.832,0.031531531531531654,0.00022162053393937065,1.4397838512472154,2.671327675543597,EXTREME,56.2,40.3,13.8,21.3
OI_SURGE,2026-09-24 12:00:00+00:00,ETC,BINANCE:ETCUSDT.P,4h,9.983,0.04577833647601093,0.057806252820165716,9.547648128718102,11.215281573757169,EXTREME,100.0,84.4,0.0,40.0
OI_SURGE,2026-09-24 12:00:00+00:00,RUNE,BINANCE:RUNEUSDT.P,4h,0.6326,0.018023817186997304,0.005406384999256497,-0.12892174788361485,1.3519416582652017,EXTREME,39.3,36.7,7.8,40.0
VOLUME_SURGE,2026-09-24 12:00:00+00:00,BCH,BINANCE:BCHUSD.P,4h,337.36,0.010120366489011268,0.0,0.7702508396222748,5.126733407489803,EXTREME,28.9,34.0,0.8,0.0
WHALE_ACCUM,2026-09-24 12:00:00+00:00,POL,BYBIT:POLUSDT.P,4h,0.10568,0.04282612985987755,0.015092889293774947,1.0067002978058504,2.442725301909406,EXTREME,74.1,33.7,7.2,100.0
WHALE_ACCUM,2026-09-24 12:00:00+00:00,TIA,BYBIT:TIAUSDT.P,4h,0.4851,0.054565217391304266,-0.007527607996263952,0.9372484244167688,2.2338805593666935,NEGATIVE,34.3,45.7,9.5,100.0
WHALE_ACCUM,2026-09-24 12:00:00+00:00,XRP,BYBIT:XRPUSDT.P,4h,1.5141,0.03105209397344244,0.004389915880620876,1.0863953999886822,2.1571168351662124,NEUTRAL,60.4,26.6,14.2,100.0
OI_SURGE,2026-09-24 08:00:00+00:00,ETC,BINANCE:ETCUSDT.P,4h,9.546,0.0012586532410319151,0.010012444529849951,4.986114784316381,5.9805827450435975,EXTREME,21.1,48.8,9.4,40.0
OI_SURGE,2026-09-24 08:00:00+00:00,ONDO,BINANCE:ONDOUSDT.P,4h,0.4281,-0.02438468550592532,0.06792902461675054,1.3161144400227727,2.2779852956687794,EXTREME,49.3,42.8,11.7,11.7
OI_SURGE,2026-09-24 08:00:00+00:00,RUNE,BINANCE:RUNEUSDT.P,4h,0.6214,-0.009089459416361079,0.032457296553113135,-0.12406287868361425,1.3744442276770683,EXTREME,42.4,36.1,5.8,40.0
OI_SURGE,2026-09-24 08:00:00+00:00,ZEC,BYBIT:ZECUSDT.P,4h,1485.55,-0.026226434882928196,0.053129404807156444,0.2739097542919645,1.2822573443402816,NEUTRAL,53.8,40.2,7.2,0.0
WHALE_ACCUM,2026-09-24 08:00:00+00:00,BTC,BYBIT:BTCUSDT.P,4h,83447.1,-0.012060502593949196,0.022166195545128442,0.8164687894090054,2.3064619270614983,NEGATIVE,50.9,20.1,28.1,83.2
WHALE_ACCUM,2026-09-24 08:00:00+00:00,DOGE,BYBIT:DOGEUSDT.P,4h,0.09264,-0.020408163265306145,-0.007296129236214588,0.1446086849738986,1.4075403809589861,NEUTRAL,20.9,6.9,6.8,100.0
WHALE_ACCUM,2026-09-24 08:00:00+00:00,LTC,BYBIT:LTCUSDT.P,4h,66.31,-0.03786999419616943,-0.0009476414592570759,3.5371079118831923,6.104633613618681,EXTREME,11.2,38.4,9.8,94.8
WHALE_ACCUM,2026-09-24 08:00:00+00:00,TIA,BYBIT:TIAUSDT.P,4h,0.46,-0.032190195665895205,-0.012726837354487208,0.8389916033638621,2.130962563830307,NEGATIVE,0.0,25.1,31.2,100.0
WHALE_ACCUM,2026-09-24 08:00:00+00:00,XRP,BYBIT:XRPUSDT.P,4h,1.4685,-0.0246413390010628,0.011581419377538316,0.7616656021965841,1.9035623221167812,NEUTRAL,33.8,11.3,6.5,100.0
ENTRY,2026-09-24 04:00:00+00:00,ATOM,BINANCE:ATOMUSDT.P,4h,1.719,0.025656324582338907,0.01152940231954691,-0.40848468812336386,0.8263146208118344,NEGATIVE,55.9,22.8,7.3,0.0
ENTRY,2026-09-24 04:00:00+00:00,ETC,BINANCE:ETCUSDT.P,4h,9.534,0.04826827927432653,0.03865359055320794,1.4497551102743604,2.6246528821053823,NEGATIVE,98.6,62.0,21.9,40.0
ENTRY,2026-09-24 04:00:00+00:00,FIL,BITGET:FILUSDT.P,4h,0.9911,0.05436170212765967,0.023169119656402337,-0.15391679264819808,1.2448087542269515,NEGATIVE,65.9,41.6,23.4,0.0
ENTRY,2026-09-24 04:00:00+00:00,ONDO,BINANCE:ONDOUSDT.P,4h,0.4388,0.04750537121031284,0.02026462138828733,0.7723537796497303,1.8422824060303178,EXTREME,78.3,48.5,13.5,0.0
PRE_ENTRY,2026-09-24 04:00:00+00:00,AAVE,BYBIT:AAVEUSDT.P,4h,140.03,0.014930782054069835,0.009372929054152213,-0.6108435346472171,0.7405198039389991,NEGATIVE,49.8,20.8,25.6,0.0
WHALE_ACCUM,2026-09-24 04:00:00+00:00,DOGE,BYBIT:DOGEUSDT.P,4h,0.09457,0.015571305841924454,-0.020333866895787978,-0.6961106321217151,0.6484600934064172,NEUTRAL,6.2,15.5,12.1,98.9
WHALE_ACCUM,2026-09-24 04:00:00+00:00,LTC,BYBIT:LTCUSDT.P,4h,68.92,0.03576795912233233,0.022495383349141473,4.564641502566658,7.352185353197757,NEGATIVE,83.2,74.0,14.8,93.8
WHALE_ACCUM,2026-09-24 04:00:00+00:00,OP,BYBIT:OPUSDT.P,4h,0.12491,0.00896607431340879,-0.013398732776182087,-0.4731467280813277,0.8075943617145128,NEGATIVE,24.8,22.0,34.1,100.0
WHALE_ACCUM,2026-09-24 04:00:00+00:00,TIA,BYBIT:TIAUSDT.P,4h,0.4753,0.02259036144578319,0.004560231721606023,0.8115550994349261,2.12546900197206,NEGATIVE,11.6,35.6,17.0,100.0
WHALE_ACCUM,2026-09-24 04:00:00+00:00,XRP,BYBIT:XRPUSDT.P,4h,1.5056,0.008169278157225124,-0.017652821064531365,-0.34983265028596744,0.924272550588822,NEGATIVE,27.4,10.0,26.7,100.0
ENTRY,2026-09-24 00:00:00+00:00,ETC,BINANCE:ETCUSDT.P,4h,9.095,0.04180985108820168,0.002137146525002409,1.5123492260462208,2.6923817793877007,EXTREME,64.5,41.7,3.8,27.9
ENTRY,2026-09-24 00:00:00+00:00,LTC,BYBIT:LTCUSDT.P,4h,66.54,0.07704758821625135,-0.012677947143871604,3.1059766592850595,5.26725752288901,NEGATIVE,96.6,82.1,15.1,71.1
ENTRY,2026-09-24 00:00:00+00:00,LTC,BYBIT:LTCUSDT.P,1d,71.93,0.16429265134347704,0.05110913005122719,9.923727282144245,7.662652385142802,NEGATIVE,100.0,100.0,15.2,100.0
OI_SURGE,2026-09-24 00:00:00+00:00,BTC,BYBIT:BTCUSDT.P,1d,84367.0,0.00013988467812309224,-0.023375102892859045,0.37773083940645774,1.255183281366369,NEUTRAL,22.3,20.6,7.1,14.4
OI_SURGE,2026-09-24 00:00:00+00:00,DOGE,BYBIT:DOGEUSDT.P,1d,0.09577,0.033563565724152644,0.020114997158426018,0.44292671749770646,1.505886522322532,NEUTRAL,44.9,20.5,5.2,64.5
OI_SURGE,2026-09-24 00:00:00+00:00,ETC,BINANCE:ETCUSDT.P,1d,9.381,0.07457044673539515,-0.05250926376591658,8.617329310203655,8.858022756254691,EXTREME,76.4,54.6,0.0,0.0
OI_SURGE,2026-09-24 00:00:00+00:00,POL,BYBIT:POLUSDT.P,1d,0.10867,0.07508903838543723,0.05125789263945735,0.13699318069311933,1.3601879864015656,NEGATIVE,50.8,54.3,20.5,42.8
OI_SURGE,2026-09-24 00:00:00+00:00,RUNE,BINANCE:RUNEUSDT.P,1d,0.6377,0.045409836065573916,-0.07273053236477256,-0.026633926793046617,1.384078323495019,EXTREME,41.7,38.5,0.0,0.0
OI_SURGE,2026-09-24 00:00:00+00:00,TAO,BINANCE:TAOUSDT.P,1d,296.21,0.031731104144897104,-0.01740658066977807,2.0437524638058053,2.5097031847417046,EXTREME,43.9,34.9,2.3,0.0
OI_SURGE,2026-09-24 00:00:00+00:00,XLM,BINANCE:XLMUSDT.P,1d,0.21773,0.07760455332838401,-0.0479769216750181,0.9411835085124287,2.0655599341604742,EXTREME,53.1,53.8,8.5,0.0
OI_SURGE,2026-09-24 00:00:00+00:00,XRP,BYBIT:XRPUSDT.P,1d,1.534,0.022530329289428108,-0.010442066687481044,0.8921772900600059,2.1892035442264284,NEGATIVE,34.5,27.8,0.0,11.4
PRE_ENTRY,2026-09-24 00:00:00+00:00,FIL,BITGET:FILUSDT.P,4h,0.94,0.004917682274962587,0.025734168130014945,-0.3135592068376747,1.0180443108443384,NEGATIVE,39.8,24.1,26.4,0.0
PRE_ENTRY,2026-09-24 00:00:00+00:00,MANA,OKX:MANAUSDT.P,4h,0.08273,0.005224787363304895,0.011558168459853357,-0.6854472132065893,0.6657932160033297,EXTREME,42.0,22.9,8.0,27.2
PRE_ENTRY,2026-09-24 00:00:00+00:00,RENDER,BYBIT:RENDERUSDT.P,4h,1.754,0.012117714945181657,0.014313361014671955,0.07642384692537108,1.3366179910675213,NEGATIVE,52.2,35.8,15.2,53.2
VOLUME_SURGE,2026-09-24 00:00:00+00:00,ARB,BINANCE:ARBUSDT.P,1d,0.21636,0.0019449847179773272,-0.10796489558876665,0.1668327564655573,2.4935885980145094,NEUTRAL,0.0,25.7,7.3,0.0
VOLUME_SURGE,2026-09-24 00:00:00+00:00,BCH,BINANCE:BCHUSD.P,1d,338.47,0.003617494440326219,0.0,0.9119051135922945,2.9175995064564852,EXTREME,0.0,15.3,0.0,0.0
VOLUME_SURGE,2026-09-24 00:00:00+00:00,S,BINANCE:SUSDT.P,1d,0.04086,0.01920678473434778,-0.0507543267711118,-0.1669701419149531,1.4367741341022953,EXTREME,0.0,21.2,2.7,0.0
VOLUME_SURGE,2026-09-24 00:00:00+00:00,LINK,BINANCE:LINKUSD.P,1d,13.204,0.06966947504860665,0.0,1.901451687530416,2.9214610701698174,NEGATIVE,63.7,46.7,26.3,0.0
VOLUME_SURGE,2026-09-24 00:00:00+00:00,NEAR,BINANCE:NEARUSD.P,1d,4.587,0.05910875086585077,0.0,3.256803681860941,5.012798279183778,EXTREME,25.8,49.2,0.0,0.0
VOLUME_SURGE,2026-09-24 00:00:00+00:00,ONDO,BINANCE:ONDOUSDT.P,1d,0.522,0.265761396702231,-0.09414243861963467,12.205182316061736,9.113309851645939,EXTREME,100.0,91.0,0.0,0.0
WHALE_ACCUM,2026-09-24 00:00:00+00:00,ADA,BYBIT:ADAUSDT.P,1d,0.2476,0.03902643726395283,-0.04685487609450811,-0.013727062301684754,1.0603025322382078,NEGATIVE,34.3,21.9,11.7,100.0
WHALE_ACCUM,2026-09-24 00:00:00+00:00,APT,BYBIT:APTUSDT.P,1d,0.8085,0.0728503184713376,0.010625197066758796,0.5790664495944581,1.6860127995935894,NEGATIVE,59.8,21.6,3.1,99.8
WHALE_ACCUM,2026-09-24 00:00:00+00:00,AVAX,BYBIT:AVAXUSDT.P,1d,10.198,-0.005461283401599348,-0.050213302444702346,0.8858347686168694,2.0720113175955803,NEGATIVE,0.0,28.5,15.4,77.1
WHALE_ACCUM,2026-09-24 00:00:00+00:00,DOGE,BYBIT:DOGEUSDT.P,4h,0.09312,0.004964385927044956,-0.010615150226392478,-0.2766892268490144,1.0318446657230367,NEUTRAL,0.0,8.9,0.0,100.0
WHALE_ACCUM,2026-09-24 00:00:00+00:00,HBAR,BYBIT:HBARUSDT.P,1d,0.09301,0.029099358265102904,-0.05894753950916565,0.8178693797974702,1.9004272310055874,NEGATIVE,10.8,24.4,18.2,100.0
WHALE_ACCUM,2026-09-24 00:00:00+00:00,OP,BYBIT:OPUSDT.P,4h,0.1238,0.007979156489171135,0.005035548078675678,-0.31738905181354193,0.8980036112441674,NEGATIVE,24.9,21.1,22.0,100.0
WHALE_ACCUM,2026-09-24 00:00:00+00:00,OP,BYBIT:OPUSDT.P,1d,0.13132,0.06920696954893324,0.013311392565712898,1.2203711077228943,1.8258618630868266,NEGATIVE,24.8,36.4,15.9,100.0
WHALE_ACCUM,2026-09-24 00:00:00+00:00,RENDER,BYBIT:RENDERUSDT.P,1d,1.853,0.06924408540103855,0.02735917907935126,0.9349320524588177,1.6341444641595684,NEGATIVE,43.8,36.7,24.6,100.0
WHALE_ACCUM,2026-09-24 00:00:00+00:00,THETA,BYBIT:THETAUSDT.P,1d,0.2226,0.042622950819672045,0.012182321727373324,-0.15092160746623084,1.1606247616748318,EXTREME,7.0,36.4,0.0,100.0
WHALE_ACCUM,2026-09-24 00:00:00+00:00,TIA,BYBIT:TIAUSDT.P,4h,0.4648,0.009776232891592462,0.008835050805630518,-0.37397961610848,0.9759331169150112,NEGATIVE,0.0,27.4,8.3,100.0
WHALE_ACCUM,2026-09-24 00:00:00+00:00,TIA,BYBIT:TIAUSDT.P,1d,0.488,0.06017814468824678,0.022113956208166252,1.2489709397865154,1.6915130674214647,NEGATIVE,50.4,40.0,9.5,100.0
VOLUME_SURGE,2026-09-23 20:00:00+00:00,AVAX,BYBIT:AVAXUSDT.P,4h,10.254,-0.0061064262867113195,-0.009535414209559279,-0.525345290665871,0.8762971989335795,NEUTRAL,0.0,25.0,16.0,0.0
VOLUME_SURGE,2026-09-23 20:00:00+00:00,BCH,BINANCE:BCHUSD.P,4h,337.25,-0.022690390634055868,0.0,0.03305499253328407,2.455444054189664,EXTREME,20.2,25.1,17.5,0.0
VOLUME_SURGE,2026-09-23 20:00:00+00:00,S,BINANCE:SUSDT.P,4h,0.04009,0.0035043804755945374,0.006015875874570975,-0.44688814488547324,0.6644514340913186,EXTREME,22.6,26.1,4.9,0.0
VOLUME_SURGE,2026-09-23 20:00:00+00:00,NEAR,BINANCE:NEARUSD.P,4h,4.331,-0.016352486940722,0.0,-0.4748820963879877,0.8048212919358528,EXTREME,20.0,29.0,4.0,0.0
WHALE_ACCUM,2026-09-23 20:00:00+00:00,BTC,BYBIT:BTCUSDT.P,4h,84355.2,-0.0012597440730462983,-0.002148961947267658,-0.7440637538842847,0.5484911121202489,NEUTRAL,20.0,6.8,16.7,75.8
WHALE_ACCUM,2026-09-23 20:00:00+00:00,DOGE,BYBIT:DOGEUSDT.P,4h,0.09266,0.004009101744501198,-0.010387437440232516,-0.6478837337910778,0.6933650014435118,NEGATIVE,0.0,8.0,14.8,100.0
WHALE_ACCUM,2026-09-23 20:00:00+00:00,LTC,BYBIT:LTCUSDT.P,4h,61.78,0.009972208598986398,-0.005487387697831303,-0.07629227793727998,1.324680325439627,NEGATIVE,0.7,20.9,19.4,81.2
WHALE_ACCUM,2026-09-23 20:00:00+00:00,OP,BYBIT:OPUSDT.P,4h,0.12282,-0.008556667742977142,-0.039251477668096446,-0.8806218122668172,0.5600326448826239,EXTREME,20.0,18.2,11.9,88.2
WHALE_ACCUM,2026-09-23 20:00:00+00:00,TIA,BYBIT:TIAUSDT.P,4h,0.4603,0.003925845147219054,0.000985934720078463,-0.3598400490673712,0.9740252138985163,EXTREME,0.0,23.1,3.8,100.0
WHALE_ACCUM,2026-09-23 20:00:00+00:00,XRP,BYBIT:XRPUSDT.P,4h,1.5002,0.005024452334695617,-0.027897539316137032,-0.3585213031492982,0.9145359154231495,EXTREME,24.3,8.3,17.5,100.0
OI_SURGE,2026-09-23 16:00:00+00:00,UNI,BYBIT:UNIUSDT.P,4h,9.196,0.008886450905101428,0.0459650902099662,0.09162082396092079,1.3760505648486785,EXTREME,45.0,49.2,19.4,54.8
VOLUME_SURGE,2026-09-23 16:00:00+00:00,AVAX,BYBIT:AVAXUSDT.P,4h,10.317,0.009194952557957548,-0.007843784855864788,-0.06337099993564058,1.757916946821378,NEUTRAL,0.0,26.9,1.0,0.0
VOLUME_SURGE,2026-09-23 16:00:00+00:00,BCH,BINANCE:BCHUSD.P,4h,345.08,0.008298270219728732,0.0,0.2540744993908122,3.354842026787321,EXTREME,24.6,31.4,0.0,0.0
VOLUME_SURGE,2026-09-23 16:00:00+00:00,ETC,BINANCE:ETCUSDT.P,4h,8.782,0.0031985378112864282,-0.07425780492980072,0.5756316415897784,1.8080703380276095,EXTREME,25.1,19.4,7.5,25.3
VOLUME_SURGE,2026-09-23 16:00:00+00:00,S,BINANCE:SUSDT.P,4h,0.03995,0.005790533736153014,-0.09849355576020713,-0.01267531941574067,2.116208528873395,EXTREME,21.6,29.7,2.3,0.0
VOLUME_SURGE,2026-09-23 16:00:00+00:00,LINK,BINANCE:LINKUSD.P,4h,12.27,0.007802874743326305,0.0,0.5066456444797632,1.7186408383613845,EXTREME,33.1,14.6,3.7,0.0
VOLUME_SURGE,2026-09-23 16:00:00+00:00,NEAR,BINANCE:NEARUSD.P,4h,4.403,0.04609170824423847,0.0,0.9063303723460873,2.328765369877041,EXTREME,44.9,37.1,21.6,0.0
VOLUME_SURGE,2026-09-23 16:00:00+00:00,POL,BYBIT:POLUSDT.P,4h,0.10103,0.0008916187834355771,0.007456847292686364,-0.4090885964193331,0.9334390905593446,NEUTRAL,26.3,2.9,10.0,0.0
VOLUME_SURGE,2026-09-23 16:00:00+00:00,RUNE,BINANCE:RUNEUSDT.P,4h,0.6099,0.005771767810026196,-0.055220982871833635,-0.17634592209248648,1.2766668449753147,EXTREME,23.6,26.3,1.1,40.0
VOLUME_SURGE,2026-09-23 16:00:00+00:00,TAO,BINANCE:TAOUSDT.P,4h,289.22,-0.003857546324998129,0.019101725754641086,1.093118865615722,2.2416429722174303,EXTREME,48.8,37.1,0.0,39.7
VOLUME_SURGE,2026-09-23 16:00:00+00:00,VIRTUAL,BINANCE:VIRTUALUSDT.P,4h,0.6981,0.00028657400773757224,-0.06645025265274196,0.5251853078406993,1.6444981013904723,EXTREME,23.7,8.6,3.0,0.0
WHALE_ACCUM,2026-09-23 16:00:00+00:00,BTC,BYBIT:BTCUSDT.P,4h,84461.6,0.006010219517133875,-0.01013443668192282,0.3676135641259277,1.7951753044051875,NEUTRAL,34.1,13.6,17.8,75.1
WHALE_ACCUM,2026-09-23 16:00:00+00:00,DOGE,BYBIT:DOGEUSDT.P,4h,0.09229,-0.004208027621924959,0.013820947360737579,0.6601218241699431,1.8864448536287162,NEGATIVE,11.5,16.3,13.3,100.0
WHALE_ACCUM,2026-09-23 16:00:00+00:00,LTC,BYBIT:LTCUSDT.P,4h,61.17,0.029104979811574783,0.03207799127206035,1.9707156586241492,3.813663243680961,NEGATIVE,74.5,54.8,31.2,84.1
WHALE_ACCUM,2026-09-23 16:00:00+00:00,OP,BYBIT:OPUSDT.P,4h,0.12388,0.009041296733729665,0.01862545480721467,1.3797125220988415,1.8987123337769238,EXTREME,43.7,31.6,21.8,100.0
WHALE_ACCUM,2026-09-23 16:00:00+00:00,TIA,BYBIT:TIAUSDT.P,4h,0.4585,-0.012917115177610294,-0.003532296434657578,0.15441084091284243,1.550342257612968,NEUTRAL,0.0,22.5,0.0,100.0
WHALE_ACCUM,2026-09-23 16:00:00+00:00,XRP,BYBIT:XRPUSDT.P,4h,1.4927,-0.008436296001062993,0.008091750283966803,0.6678967394292205,1.779401679399487,EXTREME,29.9,11.2,4.7,100.0
OI_SURGE,2026-09-23 12:00:00+00:00,S,BINANCE:SUSDT.P,4h,0.03972,-0.07109448082319925,-4.139931703450728e-05,0.9625171846844903,5.443152868091674,EXTREME,25.8,28.9,9.7,40.0
VOLUME_SURGE,2026-09-23 12:00:00+00:00,AVAX,BYBIT:AVAXUSDT.P,4h,10.223,-0.079672308246309,-0.003127418145895011,3.043955409735214,7.427346224355705,EXTREME,8.3,37.2,0.0,0.0
VOLUME_SURGE,2026-09-23 12:00:00+00:00,BCH,BINANCE:BCHUSD.P,4h,342.24,-0.014342491791947465,0.0,2.749863408391472,13.042298314428072,EXTREME,36.5,40.0,0.0,0.0
VOLUME_SURGE,2026-09-23 12:00:00+00:00,ETC,BINANCE:ETCUSDT.P,4h,8.754,-0.0617363344051447,0.017870504974380585,3.588498315016073,4.545409211033384,EXTREME,56.1,32.8,10.7,40.0
VOLUME_SURGE,2026-09-23 12:00:00+00:00,LINK,BINANCE:LINKUSD.P,4h,12.175,-0.045247804265997504,0.0,5.4582765713860795,5.596109288074992,EXTREME,44.0,23.4,11.9,0.0
VOLUME_SURGE,2026-09-23 12:00:00+00:00,LTC,BYBIT:LTCUSDT.P,4h,59.44,-0.04789364087778314,-0.016192903443169815,6.274417538143691,7.840874069170704,EXTREME,14.0,32.0,13.5,54.5
VOLUME_SURGE,2026-09-23 12:00:00+00:00,NEAR,BINANCE:NEARUSD.P,4h,4.209,-0.1023672424824057,0.0,5.933929744276176,7.004713663155001,EXTREME,44.0,49.0,2.3,0.0
VOLUME_SURGE,2026-09-23 12:00:00+00:00,POL,BYBIT:POLUSDT.P,4h,0.10094,-0.05751633986928106,0.0007486548848096852,3.7356789981767764,5.13871262327069,EXTREME,42.5,15.1,15.3,0.0
VOLUME_SURGE,2026-09-23 12:00:00+00:00,RUNE,BINANCE:RUNEUSDT.P,4h,0.6064,-0.042022116903633444,0.016154496380143435,1.686248988673161,4.871218035427247,EXTREME,10.6,35.5,0.4,40.0
VOLUME_SURGE,2026-09-23 12:00:00+00:00,SAND,BYBIT:SANDUSDT.P,4h,0.0411,-0.060141779099016746,-0.02733444089213033,2.8488394184356354,3.7470316900095986,NEUTRAL,37.1,15.9,12.7,0.6
VOLUME_SURGE,2026-09-23 12:00:00+00:00,UNI,BYBIT:UNIUSDT.P,4h,9.115,-0.06397617580612025,0.015990212395011527,2.5256535263354163,3.694404179997177,EXTREME,22.2,42.5,5.9,1.0
VOLUME_SURGE,2026-09-23 12:00:00+00:00,VIRTUAL,BINANCE:VIRTUALUSDT.P,4h,0.6979,-0.08074288724973655,0.018762232103392673,5.843008174689276,4.984056433032935,EXTREME,64.4,35.2,2.9,23.8
WHALE_ACCUM,2026-09-23 12:00:00+00:00,BTC,BYBIT:BTCUSDT.P,4h,83957.0,-0.019392108837816724,0.012906979765527904,2.940343092366373,4.598264689511222,NEUTRAL,52.2,24.5,18.3,88.4
WHALE_ACCUM,2026-09-23 12:00:00+00:00,DOGE,BYBIT:DOGEUSDT.P,4h,0.09268,-0.06694855532064836,0.013924473670255288,4.949150128431245,5.326193594090846,EXTREME,32.0,34.1,16.7,100.0
WHALE_ACCUM,2026-09-23 12:00:00+00:00,DOT,BYBIT:DOTUSDT.P,4h,1.0967,-0.05129757785467115,0.010121042860448126,1.9811951045422778,3.023865617528095,EXTREME,43.4,24.5,10.8,88.4
WHALE_ACCUM,2026-09-23 12:00:00+00:00,OP,BYBIT:OPUSDT.P,4h,0.12277,-0.09468328294373574,0.011576903725353693,4.557834992527997,3.563353021639633,NEUTRAL,49.5,39.0,9.4,91.3
WHALE_ACCUM,2026-09-23 12:00:00+00:00,TIA,BYBIT:TIAUSDT.P,4h,0.4645,-0.09489477786438028,-0.00779415619450885,3.781543959848809,5.6198855354543475,EXTREME,12.7,38.7,1.3,100.0
WHALE_ACCUM,2026-09-23 12:00:00+00:00,XRP,BYBIT:XRPUSDT.P,4h,1.5054,-0.042792649583518694,-0.0040017753018462,3.1431151128193817,3.7684322766140355,EXTREME,38.9,19.5,14.4,100.0
VOLUME_SURGE,2026-09-23 08:00:00+00:00,BCH,BINANCE:BCHUSD.P,4h,347.22,-0.003787226717163028,0.0,3.9062785747550786,16.545712526436965,EXTREME,43.4,44.6,0.0,0.0
VOLUME_SURGE,2026-09-23 08:00:00+00:00,LTC,BYBIT:LTCUSDT.P,4h,62.43,-0.012496045555204005,0.05557001579598597,2.7013679973657774,4.018102092513635,EXTREME,80.0,60.8,8.7,70.6
VOLUME_SURGE,2026-09-23 08:00:00+00:00,NEAR,BINANCE:NEARUSD.P,4h,4.689,0.06543967280163598,0.0,4.52329504364541,5.26772790691982,EXTREME,82.8,60.6,0.0,0.0
WHALE_ACCUM,2026-09-23 08:00:00+00:00,ADA,BYBIT:ADAUSDT.P,4h,0.2508,-0.01992966002344665,-0.012044277179227625,0.24553681499109734,1.319473825100842,NEUTRAL,21.5,18.1,4.7,100.0
WHALE_ACCUM,2026-09-23 08:00:00+00:00,DOGE,BYBIT:DOGEUSDT.P,4h,0.09933,-0.014974216580721955,-0.012782590965643492,0.9692718532100023,2.0550753540079607,EXTREME,0.0,18.1,4.9,100.0
WHALE_ACCUM,2026-09-23 08:00:00+00:00,OP,BYBIT:OPUSDT.P,4h,0.13561,-0.01689140205886619,0.018869886571492023,0.6778780922315397,1.4510657152252346,NEUTRAL,35.1,36.5,0.0,84.2
WHALE_ACCUM,2026-09-23 08:00:00+00:00,TIA,BYBIT:TIAUSDT.P,4h,0.5132,-0.009266409266409315,0.0146871708464964,2.3840705649529523,3.953225279067292,EXTREME,9.6,40.8,0.0,100.0
WHALE_ACCUM,2026-09-23 08:00:00+00:00,XRP,BYBIT:XRPUSDT.P,4h,1.5727,-0.026914985769088018,0.015257730110739276,1.158267949829726,2.1525421708982906,EXTREME,39.2,21.8,7.1,100.0
OI_SURGE,2026-09-23 04:00:00+00:00,VIRTUAL,BINANCE:VIRTUALUSDT.P,4h,0.7509,-0.021883548261039554,0.07386638277481672,2.191283895615092,2.6303450845997003,EXTREME,100.0,64.9,0.0,35.9
OI_SURGE,2026-09-23 04:00:00+00:00,XLM,BINANCE:XLMUSDT.P,4h,0.21832,-0.016620872933651776,0.025121438035493382,1.3972488660589528,2.220711131507321,EXTREME,44.9,33.5,7.5,40.0
PRE_ENTRY,2026-09-23 04:00:00+00:00,S,BINANCE:SUSDT.P,4h,0.0432,0.0016230002318571302,0.03657882976984417,-0.2130063040413584,1.4605569218974817,EXTREME,38.5,37.1,0.0,36.5
VOLUME_SURGE,2026-09-23 04:00:00+00:00,BCH,BINANCE:BCHUSD.P,4h,348.54,0.024545107146006773,0.0,4.889348250086907,18.186437501673225,EXTREME,56.8,54.1,0.0,0.0
VOLUME_SURGE,2026-09-23 04:00:00+00:00,UNI,BYBIT:UNIUSDT.P,4h,10.426,-0.026062587575899077,-0.014646978888630313,0.5080362023090546,1.7434090783883114,EXTREME,0.0,27.0,0.2,0.0
WHALE_ACCUM,2026-09-23 04:00:00+00:00,ADA,BYBIT:ADAUSDT.P,4h,0.2559,-0.014252696456086178,0.023682157186610597,0.23062461037349122,1.3113752445462408,EXTREME,44.0,30.5,2.1,94.4
WHALE_ACCUM,2026-09-23 04:00:00+00:00,DOGE,BYBIT:DOGEUSDT.P,4h,0.10084,-0.02917107923365747,0.026689227411053285,0.3986975033077993,1.5731986366667412,EXTREME,28.7,33.5,5.5,100.0
WHALE_ACCUM,2026-09-23 04:00:00+00:00,TIA,BYBIT:TIAUSDT.P,4h,0.518,0.007586072748492434,0.008913661947755225,0.24559714036054603,1.621566316170224,EXTREME,0.0,32.8,0.0,100.0
WHALE_ACCUM,2026-09-23 04:00:00+00:00,XRP,BYBIT:XRPUSDT.P,4h,1.6162,-0.001174216673876738,0.011474091102869899,1.713831248891504,2.6188101037673204,EXTREME,39.3,29.8,0.0,100.0
ENTRY,2026-09-23 00:00:00+00:00,AAVE,BYBIT:AAVEUSDT.P,4h,152.34,0.02974178721103149,-0.013015778555570123,1.9874242058088865,2.1482007187724133,EXTREME,70.3,39.5,5.1,50.0
ENTRY,2026-09-23 00:00:00+00:00,SAND,BYBIT:SANDUSDT.P,4h,0.04453,0.029595375722543338,-0.020009061653069593,0.3704949498060909,1.6410133739135124,EXTREME,64.8,33.8,0.0,6.3
ENTRY,2026-09-23 00:00:00+00:00,UNI,BYBIT:UNIUSDT.P,4h,10.705,0.04714858652059073,0.017836060971095247,1.9351511906426733,3.1063905728716823,EXTREME,85.1,52.6,0.0,0.0
OI_SURGE,2026-09-23 00:00:00+00:00,ARB,BINANCE:ARBUSDT.P,1d,0.21594,-0.08188775510204083,0.01919958427120383,0.96152667439635,4.454076954662022,EXTREME,0.0,32.8,0.0,0.0
OI_SURGE,2026-09-23 00:00:00+00:00,DOGE,BYBIT:DOGEUSDT.P,1d,0.09266,-0.07681578160805014,0.052083559346118635,1.942623464596934,2.652989345671438,EXTREME,52.2,22.3,7.8,67.7
OI_SURGE,2026-09-23 00:00:00+00:00,ETC,BINANCE:ETCUSDT.P,4h,9.528,0.00964289498781401,0.011590145984485156,1.9419078549790854,3.2618973409844183,EXTREME,55.4,41.1,0.0,40.0
OI_SURGE,2026-09-23 00:00:00+00:00,ETC,BINANCE:ETCUSDT.P,1d,8.73,-0.074917876443785,0.0559342360955577,3.22916580179367,3.968455223514914,EXTREME,39.4,25.1,14.4,0.0
OI_SURGE,2026-09-23 00:00:00+00:00,S,BINANCE:SUSDT.P,1d,0.04009,-0.07349202680841238,-0.019509969130473648,0.14438035713261227,2.57851723664238,EXTREME,0.0,17.6,0.9,0.0
OI_SURGE,2026-09-23 00:00:00+00:00,NEO,BINANCE:NEOUSDT.P,1d,2.478,-0.06136363636363629,0.058908595072809655,1.1946107917875148,2.1119471472090776,EXTREME,27.2,13.3,0.0,0.0
OI_SURGE,2026-09-23 00:00:00+00:00,ONDO,BINANCE:ONDOUSDT.P,1d,0.4124,-0.0657000453103761,-0.03801887576408669,1.5724070499278526,2.1904623147407634,EXTREME,29.4,33.8,6.7,0.0
OI_SURGE,2026-09-23 00:00:00+00:00,RUNE,BINANCE:RUNEUSDT.P,1d,0.61,-0.04836193447737913,0.00479514823641769,0.30038771970056005,1.9168206516951214,EXTREME,21.8,26.2,4.4,0.0
OI_SURGE,2026-09-23 00:00:00+00:00,TAO,BINANCE:TAOUSDT.P,1d,287.1,-0.08932309839497543,0.016733066945314956,2.4411260537000605,2.872634008387994,EXTREME,34.6,28.0,1.9,0.0
OI_SURGE,2026-09-23 00:00:00+00:00,XLM,BINANCE:XLMUSDT.P,1d,0.20205,-0.06639866925422788,0.029530575237151524,1.3850855776510558,2.55377036600202,EXTREME,28.3,23.4,0.0,0.0
VOLUME_SURGE,2026-09-23 00:00:00+00:00,AVAX,BYBIT:AVAXUSDT.P,4h,11.231,-0.007072761029086716,0.020670578849365517,0.32256675649237876,2.5011371928627053,NEUTRAL,12.8,39.4,5.6,71.7
VOLUME_SURGE,2026-09-23 00:00:00+00:00,BCH,BINANCE:BCHUSD.P,4h,340.19,-0.013884862890602423,0.0,0.6908553149154134,4.351517479830965,EXTREME,24.1,31.8,0.0,0.0
VOLUME_SURGE,2026-09-23 00:00:00+00:00,BCH,BINANCE:BCHUSD.P,1d,337.25,-0.022407096063539966,0.0,5.657503175006153,9.259957027676728,EXTREME,14.0,27.1,16.7,0.0
VOLUME_SURGE,2026-09-23 00:00:00+00:00,HBAR,BYBIT:HBARUSDT.P,4h,0.10029,0.012723417146319305,0.013928354746807203,0.2000245343446377,1.4168449657410582,EXTREME,12.8,39.3,0.0,63.4
VOLUME_SURGE,2026-09-23 00:00:00+00:00,LINK,BINANCE:LINKUSD.P,1d,12.344,-0.053229022856266406,0.0,2.6328293943466963,3.465165011214354,EXTREME,35.8,39.5,4.3,0.0
VOLUME_SURGE,2026-09-23 00:00:00+00:00,NEAR,BINANCE:NEARUSD.P,1d,4.331,-0.02057892356399804,0.0,6.082465766805313,7.21414893337958,EXTREME,14.0,49.0,0.0,0.0
VOLUME_SURGE,2026-09-23 00:00:00+00:00,SUI,BYBIT:SUIUSDT.P,1d,0.9592,-0.06254886630179834,-0.08655728920578798,1.900499580993728,2.7840790173000007,NEUTRAL,1.4,21.6,12.7,25.3
WHALE_ACCUM,2026-09-23 00:00:00+00:00,ADA,BYBIT:ADAUSDT.P,4h,0.2596,0.02124311565696302,-0.00041185716403258077,0.06067837782135533,1.204290282656815,EXTREME,47.1,30.0,0.0,78.1
WHALE_ACCUM,2026-09-23 00:00:00+00:00,ADA,BYBIT:ADAUSDT.P,1d,0.2383,-0.0625491738788354,0.06040645717030402,0.6459008300445991,1.3758596015250364,EXTREME,47.2,24.1,1.8,100.0
WHALE_ACCUM,2026-09-23 00:00:00+00:00,AVAX,BYBIT:AVAXUSDT.P,1d,10.254,-0.09344885509680845,-0.00233121905423761,1.5392422327956943,2.6150237867465793,NEUTRAL,0.0,31.2,15.9,100.0
WHALE_ACCUM,2026-09-23 00:00:00+00:00,BNB,BYBIT:BNBUSDT.P,1d,767.0,-0.026649746192893398,0.011363928244189525,0.5960431477537664,1.4231590673012389,NEUTRAL,28.0,25.8,14.6,100.0
WHALE_ACCUM,2026-09-23 00:00:00+00:00,BTC,BYBIT:BTCUSDT.P,1d,84355.2,-0.02103910844036261,-0.0012565472170069647,0.6204673771506866,1.3786847824982322,NEUTRAL,23.7,21.7,4.6,100.0
WHALE_ACCUM,2026-09-23 00:00:00+00:00,DOGE,BYBIT:DOGEUSDT.P,4h,0.10387,0.03487097738368039,-0.015929124104504977,0.8429159702294612,1.9391461020734824,EXTREME,37.5,45.6,8.9,92.5
WHALE_ACCUM,2026-09-23 00:00:00+00:00,ETH,BYBIT:ETHUSDT.P,1d,2683.39,-0.025228491303526668,-0.0565999462944442,0.45454815022767253,1.2543608547267637,NEUTRAL,22.7,26.8,0.0,100.0
WHALE_ACCUM,2026-09-23 00:00:00+00:00,FIL,BITGET:FILUSDT.P,1d,0.9354,-0.10342183456340448,0.011006985260411772,1.4927549721276117,2.8406112142240096,EXTREME,32.1,18.6,4.2,100.0
WHALE_ACCUM,2026-09-23 00:00:00+00:00,HBAR,BYBIT:HBARUSDT.P,1d,0.09038,-0.08734726850449359,-0.04549943933392908,1.60736845032388,2.517693899211862,EXTREME,0.0,17.4,6.1,100.0
WHALE_ACCUM,2026-09-23 00:00:00+00:00,LTC,BYBIT:LTCUSDT.P,1d,61.78,-0.01811824539097262,0.03200703284287698,4.4430541435500075,3.799301075612482,EXTREME,30.8,47.4,0.0,100.0
WHALE_ACCUM,2026-09-23 00:00:00+00:00,MANA,OKX:MANAUSDT.P,1d,0.0823,-0.06615227504822419,0.024365447128295026,-0.0946171740406116,1.3017995521187524,EXTREME,27.7,12.1,0.0,82.8
WHALE_ACCUM,2026-09-23 00:00:00+00:00,OP,BYBIT:OPUSDT.P,4h,0.13776,0.0193873020571258,-0.01875661059527689,0.3459986213837487,1.2671403315778753,EXTREME,34.1,35.7,0.0,87.9
WHALE_ACCUM,2026-09-23 00:00:00+00:00,OP,BYBIT:OPUSDT.P,1d,0.12282,-0.09116471807014959,0.015176900245976066,2.6005886506251583,2.535979223000483,EXTREME,9.0,23.8,13.3,100.0
WHALE_ACCUM,2026-09-23 00:00:00+00:00,RENDER,BYBIT:RENDERUSDT.P,1d,1.733,-0.06222943722943719,-0.002307828217539609,0.579093470820027,1.4722475078235493,EXTREME,0.0,11.1,0.0,100.0
WHALE_ACCUM,2026-09-23 00:00:00+00:00,THETA,BYBIT:THETAUSDT.P,1d,0.2135,-0.0777537796976242,0.0002451978393545051,0.32969965407892005,1.8120115785822986,EXTREME,0.0,30.3,5.3,100.0
WHALE_ACCUM,2026-09-23 00:00:00+00:00,TIA,BYBIT:TIAUSDT.P,4h,0.5141,-0.010775447373484792,-0.05342485149895071,0.9231558342133184,2.3692275949788715,EXTREME,0.0,32.7,0.0,100.0
WHALE_ACCUM,2026-09-23 00:00:00+00:00,TIA,BYBIT:TIAUSDT.P,1d,0.4603,-0.11429670964017713,0.21891927428118318,3.495757922065426,2.6751694068389633,EXTREME,100.0,69.3,6.4,100.0
WHALE_ACCUM,2026-09-23 00:00:00+00:00,XRP,BYBIT:XRPUSDT.P,4h,1.6181,0.029325699745547107,-0.01302351396581325,0.33859885466937084,1.4837314684152767,EXTREME,30.4,33.9,0.0,85.2
WHALE_ACCUM,2026-09-23 00:00:00+00:00,XRP,BYBIT:XRPUSDT.P,1d,1.5002,-0.04567430025445296,0.026844359803307016,1.949453478879507,3.204941446782839,EXTREME,41.3,29.7,10.8,100.0
ENTRY,2026-09-22 20:00:00+00:00,AAVE,BYBIT:AAVEUSDT.P,4h,147.94,0.025509496741993765,-0.012379777464745723,0.3438661385172953,1.2824940671277587,NEGATIVE,48.6,32.1,10.2,67.0
ENTRY,2026-09-22 20:00:00+00:00,ATOM,BINANCE:ATOMUSDT.P,4h,1.846,0.03070910106086,-0.015141678596588881,0.07857890813992939,1.3597161862491813,NEGATIVE,55.9,31.9,0.0,0.0
ENTRY,2026-09-22 20:00:00+00:00,DOT,BYBIT:DOTUSDT.P,4h,1.2183,0.03289529461636276,-0.009023514733874194,-0.1743437853198059,1.1125514638065714,EXTREME,40.9,37.9,0.0,47.1
ENTRY,2026-09-22 20:00:00+00:00,ETC,BINANCE:ETCUSDT.P,4h,9.437,0.02087840761575066,-0.008942676912697678,0.4013152854686115,1.7380289309574644,EXTREME,47.7,34.7,0.0,38.1
ENTRY,2026-09-22 20:00:00+00:00,MANA,OKX:MANAUSDT.P,4h,0.08813,0.018961729679731754,0.004541108517200909,1.8116910063009286,2.871944813536967,EXTREME,66.0,40.2,0.0,3.0
ENTRY,2026-09-22 20:00:00+00:00,OP,BYBIT:OPUSDT.P,4h,0.13514,0.04170199645417405,-0.006673861694910799,0.7594558271217899,1.4941419271919179,EXTREME,61.1,40.5,5.9,100.0
ENTRY,2026-09-22 20:00:00+00:00,TIA,BYBIT:TIAUSDT.P,4h,0.5197,0.04799354708610615,0.281809842691791,3.202653246652471,4.824090537472069,EXTREME,100.0,94.5,0.5,100.0
ENTRY,2026-09-22 20:00:00+00:00,ZEC,BYBIT:ZECUSDT.P,4h,1628.93,0.07277253478922319,-0.02821152341184696,0.7228403819527471,1.5677909922117763,NEUTRAL,73.8,50.0,0.0,0.0
OI_SURGE,2026-09-22 20:00:00+00:00,LTC,BYBIT:LTCUSDT.P,4h,62.92,0.002709163346613641,0.014197060572045617,0.7645968626666555,2.0414603578079626,EXTREME,13.5,30.6,16.3,53.7
OI_SURGE,2026-09-22 20:00:00+00:00,SAND,BYBIT:SANDUSDT.P,4h,0.04325,0.01812617702448205,0.031767467830788876,0.2067756303198123,1.5012113129558888,EXTREME,83.0,38.3,0.0,26.4
PRE_ENTRY,2026-09-22 20:00:00+00:00,APT,BYBIT:APTUSDT.P,4h,0.8291,0.05349428208386264,0.011093809126338394,0.404355359713478,1.6066175238011153,NEGATIVE,71.1,48.4,12.3,0.0
VOLUME_SURGE,2026-09-22 20:00:00+00:00,AVAX,BYBIT:AVAXUSDT.P,4h,11.311,0.030896828290193357,-0.010802926232121313,0.7982191553498887,3.432783486777478,NEUTRAL,15.0,41.0,6.4,73.4
VOLUME_SURGE,2026-09-22 20:00:00+00:00,BCH,BINANCE:BCHUSD.P,4h,344.98,0.026451248177571607,0.0,1.2253640598181983,6.085670380330388,EXTREME,41.4,40.1,0.0,0.0
VOLUME_SURGE,2026-09-22 20:00:00+00:00,S,BINANCE:SUSDT.P,4h,0.04327,-0.009159606136936005,-0.00858000899226019,-0.18661712604472486,1.5267823155173363,EXTREME,20.0,29.0,0.0,15.8
VOLUME_SURGE,2026-09-22 20:00:00+00:00,UNI,BYBIT:UNIUSDT.P,4h,10.223,0.10878524945770063,-0.0029466175771111214,3.563074651492702,4.4478457509582405,EXTREME,100.0,73.5,0.0,0.0
WHALE_ACCUM,2026-09-22 20:00:00+00:00,DOGE,BYBIT:DOGEUSDT.P,4h,0.10037,0.003900780156031125,0.00766622845906606,0.17300571341967347,1.3779331639846146,EXTREME,4.8,22.5,9.1,100.0
WHALE_ACCUM,2026-09-22 20:00:00+00:00,HBAR,BYBIT:HBARUSDT.P,4h,0.09903,0.0032418194711782977,-0.027166998682984667,1.0941764985993463,2.3999022186014156,EXTREME,0.0,34.0,0.0,82.9
WHALE_ACCUM,2026-09-22 20:00:00+00:00,XRP,BYBIT:XRPUSDT.P,4h,1.572,-0.009763779527558913,-0.0032762571984431554,0.24043328830417232,1.409084493942154,EXTREME,0.0,13.1,5.5,86.6
ENTRY,2026-09-22 16:00:00+00:00,LTC,BYBIT:LTCUSDT.P,4h,62.75,0.02281988590057038,0.02246997584220689,1.2564516548319737,2.4947602698416897,EXTREME,86.0,49.6,9.2,55.4
ENTRY,2026-09-22 16:00:00+00:00,TIA,BYBIT:TIAUSDT.P,4h,0.4959,0.10322580645161294,-0.007137680417618086,4.116685322944075,5.438476256394989,NEGATIVE,100.0,82.9,13.0,100.0
OI_SURGE,2026-09-22 16:00:00+00:00,ETC,BINANCE:ETCUSDT.P,4h,9.244,-0.008580008580008625,0.06685124954408317,1.018120489410143,2.400140399184022,EXTREME,87.8,54.3,0.0,40.0
OI_SURGE,2026-09-22 16:00:00+00:00,RUNE,BINANCE:RUNEUSDT.P,4h,0.6451,-0.022427640551598738,0.0037063033184694394,0.21174673166860464,2.055565653998505,EXTREME,0.0,30.4,6.4,40.0
OI_SURGE,2026-09-22 16:00:00+00:00,SAND,BYBIT:SANDUSDT.P,4h,0.04248,0.008307619273676625,0.02573930929748225,0.17970952105270216,1.4857475042676633,EXTREME,57.5,28.6,0.0,0.0
VOLUME_SURGE,2026-09-22 16:00:00+00:00,BCH,BINANCE:BCHUSD.P,4h,336.09,0.02291818845872884,0.0,2.7479536410958607,10.789144393831293,EXTREME,48.4,53.2,0.0,0.0
VOLUME_SURGE,2026-09-22 16:00:00+00:00,S,BINANCE:SUSDT.P,4h,0.04367,-0.002056672760511913,-0.05020440852635666,-0.030436301487990394,2.047816109918723,EXTREME,20.0,29.0,0.0,9.6
VOLUME_SURGE,2026-09-22 16:00:00+00:00,UNI,BYBIT:UNIUSDT.P,4h,9.22,0.005452562704471253,0.007184362373487518,0.10698949020052412,1.3258877582815234,EXTREME,30.0,29.5,23.0,0.0
WHALE_ACCUM,2026-09-22 16:00:00+00:00,AAVE,BYBIT:AAVEUSDT.P,4h,144.26,0.008176672024599707,-0.008143361115801828,-0.09857801190709897,1.0462348880414323,NEGATIVE,28.0,20.0,12.1,81.7
WHALE_ACCUM,2026-09-22 16:00:00+00:00,ADA,BYBIT:ADAUSDT.P,4h,0.2526,0.0019833399444664224,0.01874907065669551,0.24490579478557514,1.3475942637971157,EXTREME,39.0,31.2,0.0,100.0
WHALE_ACCUM,2026-09-22 16:00:00+00:00,AVAX,BYBIT:AVAXUSDT.P,4h,10.972,-0.011353397008470156,0.007579362473195905,0.3059763864179471,2.459670359263323,NEUTRAL,0.0,29.5,9.3,86.7
WHALE_ACCUM,2026-09-22 16:00:00+00:00,DOGE,BYBIT:DOGEUSDT.P,4h,0.09998,0.00010003000900260517,-0.006727371653067915,0.818350391715948,1.9663180424582842,EXTREME,0.0,18.8,4.5,100.0
WHALE_ACCUM,2026-09-22 16:00:00+00:00,HBAR,BYBIT:HBARUSDT.P,4h,0.09871,0.0024372905453438065,-0.015725434357269252,2.2145485093651422,3.6363427822636702,EXTREME,3.6,38.0,0.0,100.0
WHALE_ACCUM,2026-09-22 16:00:00+00:00,OP,BYBIT:OPUSDT.P,4h,0.12973,0.005658914728682296,0.03463221508934633,0.4234129888839819,1.3302447168554692,EXTREME,46.4,37.1,12.6,100.0
WHALE_ACCUM,2026-09-22 16:00:00+00:00,RENDER,BYBIT:RENDERUSDT.P,4h,1.829,-0.004896626768226442,-0.015944306969866928,-0.44467751574385334,0.8286133957637265,EXTREME,20.0,27.8,6.4,80.6
WHALE_ACCUM,2026-09-22 16:00:00+00:00,XRP,BYBIT:XRPUSDT.P,4h,1.5875,0.009924295438640929,-0.016486979561297188,1.4601965730408972,2.458054096327998,EXTREME,8.2,27.3,0.0,100.0
ENTRY,2026-09-22 12:00:00+00:00,ADA,BYBIT:ADAUSDT.P,4h,0.2521,0.02479674796747955,0.018202731325450472,1.8893339507247642,2.4282506399299613,EXTREME,78.5,43.2,0.4,80.0
ENTRY,2026-09-22 12:00:00+00:00,AVAX,BYBIT:AVAXUSDT.P,4h,11.098,0.023234372118753566,0.022754801571126526,0.7773180226881488,3.378209165396191,EXTREME,62.2,44.5,16.3,88.4
ENTRY,2026-09-22 12:00:00+00:00,DOGE,BYBIT:DOGEUSDT.P,4h,0.09997,0.02177023712183157,0.018890089738127225,1.6272363314825244,2.6327934948192957,EXTREME,81.8,44.9,0.0,100.0
ENTRY,2026-09-22 12:00:00+00:00,MANA,OKX:MANAUSDT.P,4h,0.08696,0.02390203697162363,0.004157826266285136,0.6505113126649896,1.89827347344439,EXTREME,57.3,33.0,5.0,0.0
ENTRY,2026-09-22 12:00:00+00:00,NEO,BINANCE:NEOUSDT.P,4h,2.565,0.02846832397754606,-0.008529898403057623,1.1380147729317187,2.245411366850423,EXTREME,65.6,40.2,0.0,25.9
ENTRY,2026-09-22 12:00:00+00:00,THETA,BYBIT:THETAUSDT.P,4h,0.2287,0.03531009506564042,-0.013831331937631974,0.2712812516647328,2.1831636128352203,EXTREME,46.6,39.7,10.6,0.0
ENTRY,2026-09-22 12:00:00+00:00,TIA,BYBIT:TIAUSDT.P,4h,0.4495,0.020894844424256265,-0.035211945586100746,0.39353775819201786,1.7045262044309588,NEUTRAL,38.5,33.8,0.0,100.0
OI_SURGE,2026-09-22 12:00:00+00:00,S,BINANCE:SUSDT.P,4h,0.04376,-0.01241254795757174,-0.01709694606086054,1.3651081966468441,6.679456718074963,EXTREME,28.2,30.5,5.0,19.1
OI_SURGE,2026-09-22 12:00:00+00:00,RUNE,BINANCE:RUNEUSDT.P,4h,0.6599,0.029164067373674385,0.017669256958571466,1.1455262795799803,3.928761334167034,EXTREME,36.7,51.0,9.0,40.0
OI_SURGE,2026-09-22 12:00:00+00:00,SAND,BYBIT:SANDUSDT.P,4h,0.04213,0.014691714836223557,-0.009961098006234792,0.2606330955370919,1.5548397082399685,NEGATIVE,38.8,19.7,9.8,0.0
OI_SURGE,2026-09-22 12:00:00+00:00,TAO,BINANCE:TAOUSDT.P,4h,312.28,-0.022046849555305115,0.02120794459877473,2.2836990547283276,3.2500848556014446,EXTREME,20.5,57.0,0.0,40.0
PRE_ENTRY,2026-09-22 12:00:00+00:00,ATOM,BINANCE:ATOMUSDT.P,4h,1.755,0.009781357882623576,0.010921439157555834,-0.06722183625052285,1.2559440953072338,EXTREME,40.1,22.9,10.8,0.0
PRE_ENTRY,2026-09-22 12:00:00+00:00,DOT,BYBIT:DOTUSDT.P,4h,1.1751,0.00866952789699571,0.01627397386797691,0.27826494175259553,1.520323630451928,EXTREME,42.6,31.0,9.7,53.9
PRE_ENTRY,2026-09-22 12:00:00+00:00,ZEC,BYBIT:ZECUSDT.P,4h,1543.09,0.006293040484140144,0.03796404556220079,0.5320619861235885,1.4430577504776285,NEUTRAL,48.0,42.0,19.4,0.0
VOLUME_SURGE,2026-09-22 12:00:00+00:00,BCH,BINANCE:BCHUSD.P,4h,328.56,0.21634828964904496,0.0,14.717635927493896,29.4781080851305,NEUTRAL,100.0,91.0,0.0,0.0
VOLUME_SURGE,2026-09-22 12:00:00+00:00,ETC,BINANCE:ETCUSDT.P,4h,9.324,0.07135470527404353,-0.014626035528685577,6.1589744143354155,6.884977462978336,EXTREME,100.0,74.8,0.0,30.1
VOLUME_SURGE,2026-09-22 12:00:00+00:00,NEAR,BINANCE:NEARUSD.P,4h,4.401,-0.03359683794466417,0.0,2.6491409092221048,3.5622637031008937,EXTREME,35.9,39.6,4.9,0.0
WHALE_ACCUM,2026-09-22 12:00:00+00:00,AAVE,BYBIT:AAVEUSDT.P,4h,143.09,0.013816069151197485,0.014941938322458048,1.5281155352645246,1.9671884146356187,EXTREME,65.8,33.9,11.5,90.5
WHALE_ACCUM,2026-09-22 12:00:00+00:00,HBAR,BYBIT:HBARUSDT.P,4h,0.09847,0.04945113503143994,0.011036547249707152,2.000961177337248,3.526327263989087,EXTREME,71.4,59.8,10.3,100.0
WHALE_ACCUM,2026-09-22 12:00:00+00:00,OP,BYBIT:OPUSDT.P,4h,0.129,0.042340012928248294,-0.0021780884802369282,0.737774024798125,1.5423075375783566,EXTREME,53.0,40.5,14.5,100.0
WHALE_ACCUM,2026-09-22 12:00:00+00:00,RENDER,BYBIT:RENDERUSDT.P,4h,1.838,0.009335529928610642,0.004487756045389757,0.5211760484430904,1.7093224003423244,EXTREME,4.9,31.8,23.7,99.4
WHALE_ACCUM,2026-09-22 12:00:00+00:00,XRP,BYBIT:XRPUSDT.P,4h,1.5719,0.022706571242680607,0.01891701864546058,3.1147345262211115,3.7600098296989217,EXTREME,47.8,46.0,10.9,100.0
OI_SURGE,2026-09-22 08:00:00+00:00,S,BINANCE:SUSDT.P,4h,0.04431,0.0029425079221367945,0.07543958133517803,4.67270209564336,16.42425912728574,EXTREME,84.2,65.3,0.0,25.5
OI_SURGE,2026-09-22 08:00:00+00:00,NEO,BINANCE:NEOUSDT.P,4h,2.494,-0.009924573243350499,0.00999436868581749,-0.425288648553965,0.949922341619753,EXTREME,0.0,23.1,0.0,25.8
OI_SURGE,2026-09-22 08:00:00+00:00,RUNE,BINANCE:RUNEUSDT.P,4h,0.6412,-0.0034193347839601707,0.03942643213333086,0.5453325973565821,2.7374456077832505,EXTREME,20.0,42.9,0.0,40.0
OI_SURGE,2026-09-22 08:00:00+00:00,SAND,BYBIT:SANDUSDT.P,4h,0.04152,-0.019830028328611915,0.04016743630284125,0.7119433370599488,1.9754655314310832,NEGATIVE,67.9,27.5,24.9,22.2
OI_SURGE,2026-09-22 08:00:00+00:00,TAO,BINANCE:TAOUSDT.P,4h,319.32,0.0041193673154933386,0.013639688364144975,1.0148871400737418,2.1691237233558613,EXTREME,5.1,48.5,0.0,40.0
VOLUME_SURGE,2026-09-22 08:00:00+00:00,NEAR,BINANCE:NEARUSD.P,4h,4.554,0.044495412844036686,0.0,0.7122675629788863,1.8543028345586672,EXTREME,43.8,40.4,0.0,0.0
WHALE_ACCUM,2026-09-22 08:00:00+00:00,AAVE,BYBIT:AAVEUSDT.P,4h,141.14,-0.0024031665253039236,0.002911472082622435,0.4077216845153597,1.3353574537567705,EXTREME,27.5,14.3,31.4,89.4
WHALE_ACCUM,2026-09-22 08:00:00+00:00,ADA,BYBIT:ADAUSDT.P,4h,0.246,0.0020366598778003286,0.022128132249504606,0.10294791379116215,1.2633884050082942,EXTREME,41.3,25.3,0.5,87.8
WHALE_ACCUM,2026-09-22 08:00:00+00:00,AVAX,BYBIT:AVAXUSDT.P,4h,10.846,0.01118776804027588,-0.011389021031117386,0.32543314520287325,2.4787596310319686,EXTREME,27.5,28.7,15.8,81.8
WHALE_ACCUM,2026-09-22 08:00:00+00:00,DOGE,BYBIT:DOGEUSDT.P,4h,0.09784,-0.009415814518578536,-0.002686167554720287,0.7863493267689984,1.9902527986488971,EXTREME,0.0,16.5,1.9,100.0
WHALE_ACCUM,2026-09-22 08:00:00+00:00,HBAR,BYBIT:HBARUSDT.P,4h,0.09383,-0.010023211648027108,-0.01994536373824274,1.7077158802432906,3.323154234083407,EXTREME,0.2,31.3,0.0,100.0
WHALE_ACCUM,2026-09-22 08:00:00+00:00,RENDER,BYBIT:RENDERUSDT.P,4h,1.821,0.00830564784053145,0.02408057042123346,-0.23487162947076956,1.0147122757776446,EXTREME,32.5,42.2,4.1,95.2
WHALE_ACCUM,2026-09-22 08:00:00+00:00,THETA,BYBIT:THETAUSDT.P,4h,0.2209,-0.004954954954954904,-0.0031700635041927994,0.19715234431602166,2.0850327866009724,EXTREME,21.2,20.5,15.8,82.2
WHALE_ACCUM,2026-09-22 08:00:00+00:00,TIA,BYBIT:TIAUSDT.P,4h,0.4403,-0.011450381679389277,0.03768577628528891,0.9180790551211847,2.2163813194485997,EXTREME,49.6,33.1,17.0,100.0
WHALE_ACCUM,2026-09-22 08:00:00+00:00,XRP,BYBIT:XRPUSDT.P,4h,1.537,0.012449772742243459,0.009422306242887979,0.45104620776441723,1.559341120388666,EXTREME,12.8,20.7,9.3,100.0
OI_SURGE,2026-09-22 04:00:00+00:00,ETC,BINANCE:ETCUSDT.P,4h,8.74,-0.012094495309144304,-0.004921970146657406,-0.0642683842320958,1.262106506473043,EXTREME,20.0,17.3,5.2,37.6
OI_SURGE,2026-09-22 04:00:00+00:00,NEO,BINANCE:NEOUSDT.P,4h,2.519,-0.004347826086956386,0.04828465689405448,-0.21608770476441946,1.1396721476785754,EXTREME,35.5,40.3,0.0,26.6
OI_SURGE,2026-09-22 04:00:00+00:00,RUNE,BINANCE:RUNEUSDT.P,4h,0.6434,0.013228346456692908,-0.008666722900764423,0.18842617562449057,2.0167738819998964,EXTREME,0.0,65.7,0.0,40.0
OI_SURGE,2026-09-22 04:00:00+00:00,SAND,BYBIT:SANDUSDT.P,4h,0.04236,0.009051929490233368,0.03409981772114401,0.9265525601907638,2.1824166930537063,NEUTRAL,82.6,32.9,0.0,0.0
VOLUME_SURGE,2026-09-22 04:00:00+00:00,S,BINANCE:SUSDT.P,4h,0.04418,0.11848101265822786,0.007282129984093055,0.9456481117515743,5.1098276415194395,EXTREME,100.0,65.8,0.0,0.0
VOLUME_SURGE,2026-09-22 04:00:00+00:00,NEAR,BINANCE:NEARUSD.P,4h,4.36,-0.004793426158411274,0.0,1.5497571458335158,2.6219703301295447,EXTREME,29.3,35.2,4.4,0.0
VOLUME_SURGE,2026-09-22 04:00:00+00:00,TAO,BINANCE:TAOUSDT.P,4h,318.01,0.009299225593500049,0.014405022554103475,1.4204105529606503,2.4848868341106414,EXTREME,2.9,75.5,0.0,40.0
WHALE_ACCUM,2026-09-22 04:00:00+00:00,AAVE,BYBIT:AAVEUSDT.P,4h,141.48,-0.012907276913416754,0.00631437680585023,0.4621193733635262,1.365945699763556,EXTREME,32.2,20.9,16.7,94.7
WHALE_ACCUM,2026-09-22 04:00:00+00:00,AVAX,BYBIT:AVAXUSDT.P,4h,10.726,-0.02473176941262034,-0.030066982496486983,1.2710988425344096,4.289135216504233,EXTREME,0.0,34.1,0.1,97.5
WHALE_ACCUM,2026-09-22 04:00:00+00:00,DOGE,BYBIT:DOGEUSDT.P,4h,0.09877,-0.03100166781124314,0.05118584258320569,3.3822238381979783,4.153563994690104,EXTREME,88.8,66.4,0.0,100.0
WHALE_ACCUM,2026-09-22 04:00:00+00:00,HBAR,BYBIT:HBARUSDT.P,4h,0.09478,0.008941877794336861,-0.007804576310619815,0.9180482557434724,2.3949296767408255,EXTREME,11.8,33.2,0.0,100.0
WHALE_ACCUM,2026-09-22 04:00:00+00:00,OP,BYBIT:OPUSDT.P,4h,0.12485,-0.017625304902037953,0.01822951887541291,0.2319278920047002,1.2481232295071836,EXTREME,31.2,31.3,10.3,100.0
WHALE_ACCUM,2026-09-22 04:00:00+00:00,THETA,BYBIT:THETAUSDT.P,4h,0.222,-0.014209591474245165,0.03753652030574428,0.5357177929397201,2.887147680224687,EXTREME,38.7,29.5,27.5,80.3
WHALE_ACCUM,2026-09-22 04:00:00+00:00,TIA,BYBIT:TIAUSDT.P,4h,0.4454,0.00792034396922392,0.010670137467725826,0.006863141329920314,1.3068357026034767,EXTREME,31.5,29.5,10.8,100.0
WHALE_ACCUM,2026-09-22 04:00:00+00:00,XRP,BYBIT:XRPUSDT.P,4h,1.5181,0.0014512830661652654,0.03188472764626882,0.15042993832802237,1.32591448949589,EXTREME,18.5,25.6,0.0,100.0
ENTRY,2026-09-22 00:00:00+00:00,TIA,BYBIT:TIAUSDT.P,1d,0.5197,0.18680063941539182,0.05505437543835123,3.8050432626962714,2.739342810144943,EXTREME,100.0,75.3,0.0,76.6
HOT_PRE_ENTRY,2026-09-22 00:00:00+00:00,UNI,BYBIT:UNIUSDT.P,1d,10.223,0.1375319906531658,0.022771172250636518,2.385481252886674,3.058456941376441,EXTREME,58.0,58.5,0.0,0.0
OI_SURGE,2026-09-22 00:00:00+00:00,AAVE,BYBIT:AAVEUSDT.P,1d,147.94,0.014608051573966163,-0.025824053621433363,0.016918073474944513,1.2750913906569128,EXTREME,0.0,29.9,0.0,0.0
OI_SURGE,2026-09-22 00:00:00+00:00,BTC,BYBIT:BTCUSDT.P,4h,85653.4,-0.010699955416852536,-0.0051167539005608775,0.47185047942868275,1.934610146351808,EXTREME,0.0,11.3,0.0,30.8
OI_SURGE,2026-09-22 00:00:00+00:00,DOGE,BYBIT:DOGEUSDT.P,1d,0.10037,0.0053084935897436125,0.05914459545573125,2.269879916029405,2.907992024269542,EXTREME,59.3,34.7,12.3,51.2
OI_SURGE,2026-09-22 00:00:00+00:00,ETC,BINANCE:ETCUSDT.P,4h,8.847,-0.005284461434675092,0.005148171965945414,0.38815106071742084,1.6762584975458368,EXTREME,26.3,22.1,0.0,40.0
OI_SURGE,2026-09-22 00:00:00+00:00,ETC,BINANCE:ETCUSDT.P,1d,9.437,0.061052394872948,0.05047379814350905,3.293654878875543,3.8914666316031448,EXTREME,74.8,50.3,0.0,0.0
OI_SURGE,2026-09-22 00:00:00+00:00,INJ,BINANCE:INJUSDT.P,1d,7.904,0.0064943333757798705,0.041306969138768634,0.9645223233114341,1.7759961960385644,EXTREME,26.2,33.0,4.8,0.0
OI_SURGE,2026-09-22 00:00:00+00:00,ONDO,BINANCE:ONDOUSDT.P,1d,0.4414,-0.03603406857392433,0.08411954530665544,1.5982388872593452,2.1836120190104666,EXTREME,29.6,35.4,0.0,0.0
OI_SURGE,2026-09-22 00:00:00+00:00,RUNE,BINANCE:RUNEUSDT.P,4h,0.635,-0.029645476772616086,0.050397037492107444,2.478869015230659,6.64930650311918,EXTREME,40.2,54.4,0.0,40.0
OI_SURGE,2026-09-22 00:00:00+00:00,RUNE,BINANCE:RUNEUSDT.P,1d,0.641,-0.020476772616136896,0.15765300894687795,1.1551547080582663,3.2933869591538403,EXTREME,26.9,33.6,0.0,0.0
OI_SURGE,2026-09-22 00:00:00+00:00,TAO,BINANCE:TAOUSDT.P,1d,315.26,-0.013733771312372856,0.06882851320475813,3.2771988987493295,3.5281759361136937,EXTREME,31.7,50.1,0.0,0.0
OI_SURGE,2026-09-22 00:00:00+00:00,THETA,BYBIT:THETAUSDT.P,4h,0.2252,0.0013339261894176335,0.03038544029668433,-0.26055309876160154,1.0901165424335428,EXTREME,32.4,31.9,13.3,55.0
OI_SURGE,2026-09-22 00:00:00+00:00,XLM,BINANCE:XLMUSDT.P,4h,0.2137,-0.008674676439207718,0.0034362535619274492,0.7306588652640991,1.7598146955148524,EXTREME,24.4,22.0,0.0,40.0
OI_SURGE,2026-09-22 00:00:00+00:00,XLM,BINANCE:XLMUSDT.P,1d,0.21642,0.003943034745094387,0.14347141207500225,0.7826636879626611,1.992635414875256,EXTREME,17.5,37.7,7.8,0.0
OI_SURGE,2026-09-22 00:00:00+00:00,XRP,BYBIT:XRPUSDT.P,1d,1.572,0.023304257258169647,0.09664500636663842,1.5505984606634482,2.794739747220214,EXTREME,78.1,51.0,2.1,27.8
PRE_ENTRY,2026-09-22 00:00:00+00:00,MANA,OKX:MANAUSDT.P,4h,0.08687,0.014480906224454193,0.023193080182555725,-0.2238196581981467,1.0810422651925118,EXTREME,79.1,42.5,0.0,0.0
VOLUME_SURGE,2026-09-22 00:00:00+00:00,ARB,BINANCE:ARBUSDT.P,1d,0.2352,0.0425069810735339,0.03612221304319596,0.3229408445246746,2.8460197993985346,NEGATIVE,0.0,33.4,0.0,0.0
VOLUME_SURGE,2026-09-22 00:00:00+00:00,BCH,BINANCE:BCHUSD.P,1d,344.98,0.29259245381992605,0.0,5.356977889219302,7.924121939285638,NEGATIVE,100.0,75.3,0.0,0.0
VOLUME_SURGE,2026-09-22 00:00:00+00:00,S,BINANCE:SUSDT.P,1d,0.04327,0.09627565239422364,-0.04426569464532348,1.0925484607275646,6.092129376004151,EXTREME,32.0,45.4,0.0,0.0
VOLUME_SURGE,2026-09-22 00:00:00+00:00,LINK,BINANCE:LINKUSD.P,1d,13.038,-0.010097942449320385,0.0,2.251767640048203,3.0894713232938162,EXTREME,33.5,38.0,5.8,0.0
VOLUME_SURGE,2026-09-22 00:00:00+00:00,NEAR,BINANCE:NEARUSD.P,1d,4.422,0.035839775122979534,0.0,3.8982084108652475,4.823519012331128,EXTREME,22.0,48.3,0.0,0.0
VOLUME_SURGE,2026-09-22 00:00:00+00:00,TAO,BINANCE:TAOUSDT.P,4h,315.08,-0.014296887220397236,0.030231058290618007,3.270822348000439,3.8665171947915717,EXTREME,46.4,58.2,0.0,40.0
WHALE_ACCUM,2026-09-22 00:00:00+00:00,AAVE,BYBIT:AAVEUSDT.P,4h,143.33,-0.017008435635415875,0.0029716102697849855,0.6738354729646008,1.4887607347615237,EXTREME,28.9,21.4,8.3,84.3
WHALE_ACCUM,2026-09-22 00:00:00+00:00,ADA,BYBIT:ADAUSDT.P,4h,0.248,0.011831905344757088,-0.00017727888536878122,0.7442310215395038,1.702591854148147,EXTREME,34.3,28.4,0.0,76.0
WHALE_ACCUM,2026-09-22 00:00:00+00:00,ADA,BYBIT:ADAUSDT.P,1d,0.2542,0.03712770297837609,0.05038057074208879,0.9694687944895176,1.5585134528811306,EXTREME,66.7,37.0,9.1,100.0
WHALE_ACCUM,2026-09-22 00:00:00+00:00,APT,BYBIT:APTUSDT.P,4h,0.7689,-0.031612090680100735,-0.008012379994985608,0.4414127464334026,1.6327042065832804,EXTREME,22.6,26.8,5.6,78.5
WHALE_ACCUM,2026-09-22 00:00:00+00:00,APT,BYBIT:APTUSDT.P,1d,0.8291,0.04420654911838784,0.01462645777992666,1.380372180260328,2.2448258741952483,EXTREME,57.4,27.3,0.0,100.0
WHALE_ACCUM,2026-09-22 00:00:00+00:00,AVAX,BYBIT:AVAXUSDT.P,4h,10.998,-0.02030999465526473,0.021798629150351356,0.1142974186945653,2.0276515436339815,EXTREME,11.1,34.4,3.1,100.0
WHALE_ACCUM,2026-09-22 00:00:00+00:00,AVAX,BYBIT:AVAXUSDT.P,1d,11.311,0.007571708533760768,-0.061003189481889764,1.7477240945485657,2.7561917691846594,EXTREME,1.2,36.3,0.0,100.0
WHALE_ACCUM,2026-09-22 00:00:00+00:00,BNB,BYBIT:BNBUSDT.P,1d,788.0,-0.013767209011264048,-0.012300812166456065,0.5268700876341873,1.4186330023763676,NEUTRAL,23.2,27.1,0.0,100.0
WHALE_ACCUM,2026-09-22 00:00:00+00:00,BTC,BYBIT:BTCUSDT.P,1d,86168.1,-0.004755150739548908,0.08413177854445486,0.31024464063398716,1.2419984361917538,EXTREME,54.7,37.5,3.4,100.0
WHALE_ACCUM,2026-09-22 00:00:00+00:00,DOGE,BYBIT:DOGEUSDT.P,4h,0.10193,0.020933493589743613,0.010845955086800974,1.967105380703272,2.9569264495036407,EXTREME,42.9,48.2,0.0,86.9
WHALE_ACCUM,2026-09-22 00:00:00+00:00,DOT,BYBIT:DOTUSDT.P,1d,1.2183,0.011289117622644396,0.03372357152362704,0.2212339947405629,1.1803005589863322,EXTREME,36.8,24.7,5.3,92.5
WHALE_ACCUM,2026-09-22 00:00:00+00:00,ETH,BYBIT:ETHUSDT.P,4h,2738.13,-0.01319047258652195,-0.01112518685201802,0.30745689326693987,1.5710352668520449,NEUTRAL,0.0,11.7,0.0,78.0
WHALE_ACCUM,2026-09-22 00:00:00+00:00,ETH,BYBIT:ETHUSDT.P,1d,2752.84,-0.007889055872102868,0.05584736497043563,0.2483264230763972,1.1696139104842727,NEUTRAL,42.0,35.0,0.0,100.0
WHALE_ACCUM,2026-09-22 00:00:00+00:00,HBAR,BYBIT:HBARUSDT.P,4h,0.09394,0.006643806258036733,-0.005634964608094428,0.6032670063364689,2.0189427042975105,EXTREME,7.3,29.9,0.0,100.0
WHALE_ACCUM,2026-09-22 00:00:00+00:00,HBAR,BYBIT:HBARUSDT.P,1d,0.09903,0.06118731247321052,0.060476898274705926,3.924472478495638,4.123064706087187,EXTREME,78.1,66.0,0.0,100.0
WHALE_ACCUM,2026-09-22 00:00:00+00:00,LTC,BYBIT:LTCUSDT.P,1d,62.92,0.015166182639561265,-0.011972915320631383,1.7166167131121723,2.1450468432435437,EXTREME,7.9,34.8,6.7,100.0
WHALE_ACCUM,2026-09-22 00:00:00+00:00,MANA,OKX:MANAUSDT.P,1d,0.08813,0.02919537545252826,-0.00797335971187918,-0.20108944495710385,1.1341912016861115,EXTREME,40.4,21.6,0.0,100.0
WHALE_ACCUM,2026-09-22 00:00:00+00:00,OP,BYBIT:OPUSDT.P,4h,0.12709,-0.001806471881872329,-0.014093549389767257,-0.33934929827101606,0.8924822702290885,EXTREME,20.0,28.5,11.6,100.0
WHALE_ACCUM,2026-09-22 00:00:00+00:00,OP,BYBIT:OPUSDT.P,1d,0.13514,0.06142004398366341,0.08368937287454248,1.4425594833842674,1.9181052987395766,EXTREME,56.9,50.9,4.5,100.0
WHALE_ACCUM,2026-09-22 00:00:00+00:00,RENDER,BYBIT:RENDERUSDT.P,4h,1.845,-0.013896312132549493,-0.006952797676788913,1.2963606633853277,2.4583521672960047,EXTREME,0.0,34.2,0.0,79.7
WHALE_ACCUM,2026-09-22 00:00:00+00:00,RENDER,BYBIT:RENDERUSDT.P,1d,1.848,-0.012292891501870629,-0.0027208734291259695,0.4600894236232353,1.4186559691641367,EXTREME,0.0,17.7,0.0,100.0
WHALE_ACCUM,2026-09-22 00:00:00+00:00,SUI,BYBIT:SUIUSDT.P,1d,1.0232,-0.018795550441119913,0.07072580796077621,2.411413610979766,3.1746828666251323,EXTREME,35.7,45.0,2.2,100.0
WHALE_ACCUM,2026-09-22 00:00:00+00:00,THETA,BYBIT:THETAUSDT.P,1d,0.2315,0.029346376167185495,0.02203196850344802,0.9009368431513735,2.590835394422527,EXTREME,17.2,38.6,0.0,100.0
WHALE_ACCUM,2026-09-22 00:00:00+00:00,TIA,BYBIT:TIAUSDT.P,4h,0.4419,0.009134505594884601,0.00674745167125157,-0.09201515013289756,1.2106159211029777,EXTREME,29.8,28.0,9.9,99.6
WHALE_ACCUM,2026-09-22 00:00:00+00:00,XRP,BYBIT:XRPUSDT.P,4h,1.5159,-0.01321442520505145,-0.020060579661676403,0.04229462116427404,1.2446387676626154,EXTREME,0.0,13.1,0.0,100.0
ENTRY,2026-09-21 20:00:00+00:00,APT,BYBIT:APTUSDT.P,4h,0.794,0.03398880062508147,-0.02550784758222746,-0.04463894272012483,1.217961620731783,NEUTRAL,48.3,37.9,0.0,74.9
ENTRY,2026-09-21 20:00:00+00:00,ONDO,BINANCE:ONDOUSDT.P,4h,0.4579,0.030609948233175865,-0.015618594613469039,1.1372097398149055,2.1110089998737362,EXTREME,52.4,44.4,0.0,40.0
ENTRY,2026-09-21 20:00:00+00:00,RUNE,BINANCE:RUNEUSDT.P,4h,0.6544,0.02538389219680348,0.05869199515464896,1.3984162286237296,4.417795207232032,EXTREME,100.0,64.6,0.0,40.0
OI_SURGE,2026-09-21 20:00:00+00:00,ETC,BINANCE:ETCUSDT.P,4h,8.894,0.008847549909255736,0.049811987417953896,0.4542867680365503,1.7300996961984478,EXTREME,77.3,45.3,0.0,35.0
OI_SURGE,2026-09-21 20:00:00+00:00,SAND,BYBIT:SANDUSDT.P,4h,0.04178,0.005293551491819093,0.016342855258282274,-0.053175585269363536,1.2435988340928965,NEGATIVE,45.2,21.3,0.0,0.0
OI_SURGE,2026-09-21 20:00:00+00:00,UNI,BYBIT:UNIUSDT.P,4h,8.987,0.0204382877256728,0.012485293761204552,0.003001602774260741,1.2034927924871446,NEGATIVE,43.0,39.1,26.6,0.0
OI_SURGE,2026-09-21 20:00:00+00:00,XLM,BINANCE:XLMUSDT.P,4h,0.21557,0.015115841024675225,0.037640335177326456,1.1117983482231697,2.1384899301392295,EXTREME,73.9,41.9,0.0,40.0
PRE_ENTRY,2026-09-21 20:00:00+00:00,DOT,BYBIT:DOTUSDT.P,4h,1.2047,0.02067271032788298,0.013009553680580987,-0.35682380850005263,0.9317170036546967,EXTREME,53.2,39.8,0.0,44.4
VOLUME_SURGE,2026-09-21 20:00:00+00:00,BCH,BINANCE:BCHUSD.P,4h,266.89,0.0017265322974138186,0.0,0.4278193381676364,2.50634010769498,EXTREME,23.4,9.5,0.3,0.0
VOLUME_SURGE,2026-09-21 20:00:00+00:00,DOGE,BYBIT:DOGEUSDT.P,4h,0.09984,0.013398294762484886,0.017968378682992725,2.617923854135473,3.4611550073784967,EXTREME,48.9,49.5,0.0,55.4
VOLUME_SURGE,2026-09-21 20:00:00+00:00,S,BINANCE:SUSDT.P,4h,0.03947,-0.002779181404749864,0.01082972919380576,-0.14319394177680533,1.5992730743067216,EXTREME,24.7,31.0,3.1,40.0
VOLUME_SURGE,2026-09-21 20:00:00+00:00,TAO,BINANCE:TAOUSDT.P,4h,319.65,0.04276766490506945,-0.022473166320257643,3.949522293302725,4.158447020134477,EXTREME,35.3,89.6,0.0,18.5
WHALE_ACCUM,2026-09-21 20:00:00+00:00,ADA,BYBIT:ADAUSDT.P,4h,0.2451,0.001634654679198988,-2.886658253753449e-05,-0.13749307400027785,1.1338158749240221,EXTREME,20.0,19.9,0.0,89.6
WHALE_ACCUM,2026-09-21 20:00:00+00:00,AVAX,BYBIT:AVAXUSDT.P,4h,11.226,0.012445887445887704,-0.021161445709418913,1.350767492797068,4.405541650686794,NEGATIVE,4.3,37.1,17.9,98.1
WHALE_ACCUM,2026-09-21 20:00:00+00:00,BTC,BYBIT:BTCUSDT.P,4h,86579.8,0.0014238341273724586,0.01008007736343619,0.4530841680233702,1.9103708777229882,NEUTRAL,5.4,18.0,0.0,78.8
WHALE_ACCUM,2026-09-21 20:00:00+00:00,ETH,BYBIT:ETHUSDT.P,4h,2774.73,0.005169428283691824,0.00456325348790676,0.0945898794497816,1.3958274464538405,EXTREME,0.0,16.4,0.0,100.0
WHALE_ACCUM,2026-09-21 20:00:00+00:00,HBAR,BYBIT:HBARUSDT.P,4h,0.09332,0.021565407772304424,-0.008982619071181364,0.026491932965471168,1.352184761822231,EXTREME,13.1,34.5,0.0,100.0
WHALE_ACCUM,2026-09-21 20:00:00+00:00,LTC,BYBIT:LTCUSDT.P,4h,61.98,-0.005296100144439153,0.0030192367666648234,-0.19878669055160972,1.0929960390856368,NEUTRAL,22.1,19.3,0.0,79.3
WHALE_ACCUM,2026-09-21 20:00:00+00:00,OP,BYBIT:OPUSDT.P,4h,0.12732,0.024296057924376502,0.037027440217105134,-0.14830540791799166,1.0152652168253593,NEUTRAL,58.9,46.0,9.6,100.0
WHALE_ACCUM,2026-09-21 20:00:00+00:00,RENDER,BYBIT:RENDERUSDT.P,4h,1.871,0.0314222712238148,-0.0017386428814456512,0.6759159202272644,1.8638476241497295,EXTREME,30.0,43.9,0.0,94.4
WHALE_ACCUM,2026-09-21 20:00:00+00:00,SUI,BYBIT:SUIUSDT.P,4h,1.0428,0.005981092031641877,0.020208858854572576,0.11552715655576781,1.338968606236242,EXTREME,12.5,39.0,0.0,100.0
WHALE_ACCUM,2026-09-21 20:00:00+00:00,TIA,BYBIT:TIAUSDT.P,4h,0.4379,0.01342281879194629,0.02929859017203662,-0.14894318804435192,1.1560371492262473,EXTREME,48.0,31.1,9.7,100.0
WHALE_ACCUM,2026-09-21 20:00:00+00:00,XRP,BYBIT:XRPUSDT.P,4h,1.5362,0.01910574499137585,0.016293999358607314,1.7324917378246487,2.664236969293611,EXTREME,42.3,36.3,0.0,100.0
ENTRY,2026-09-21 16:00:00+00:00,TAO,BINANCE:TAOUSDT.P,4h,306.54,0.061389841071985085,0.001654240555338804,2.5043902774760896,3.0192335420938856,EXTREME,64.8,61.7,0.0,8.8
OI_SURGE,2026-09-21 16:00:00+00:00,ONDO,BINANCE:ONDOUSDT.P,4h,0.4443,0.0006756756756756133,0.012326589856973325,0.6060691733206927,1.7025002159796703,EXTREME,31.5,31.0,0.0,40.0
OI_SURGE,2026-09-21 16:00:00+00:00,TIA,BYBIT:TIAUSDT.P,4h,0.4321,-0.013019643672910086,0.019012990680598696,0.11969478638362226,1.4225312892074373,EXTREME,32.6,27.1,0.0,56.3
OI_SURGE,2026-09-21 16:00:00+00:00,XLM,BINANCE:XLMUSDT.P,4h,0.21236,0.012153853486487787,0.01010788939618057,0.2122644546739685,1.4216275540810404,EXTREME,28.4,34.2,0.0,40.0
PRE_ENTRY,2026-09-21 16:00:00+00:00,ATOM,BINANCE:ATOMUSDT.P,4h,1.796,0.0011148272017837968,0.027266414359979008,-0.3826014212139206,0.8883232469161612,EXTREME,53.3,31.8,1.5,0.0
VOLUME_SURGE,2026-09-21 16:00:00+00:00,BCH,BINANCE:BCHUSD.P,4h,266.43,0.01023774314639958,0.0,-0.13833592910523082,1.4113253430606219,EXTREME,29.3,15.5,0.0,0.0
VOLUME_SURGE,2026-09-21 16:00:00+00:00,DOGE,BYBIT:DOGEUSDT.P,4h,0.09852,0.012642614862781398,-0.0018514116566121785,3.684048380374821,4.183862581159026,EXTREME,34.2,35.7,0.3,42.3
VOLUME_SURGE,2026-09-21 16:00:00+00:00,ETC,BINANCE:ETCUSDT.P,4h,8.816,0.0017043517782071582,-0.0001304701363972205,1.4694087005997927,2.6468917921419846,EXTREME,28.8,24.7,0.0,14.0
VOLUME_SURGE,2026-09-21 16:00:00+00:00,S,BINANCE:SUSDT.P,4h,0.03958,0.014611638041527764,-0.014972555268841115,-0.013235675018091546,2.0370016739105545,NEUTRAL,27.2,32.2,3.4,40.0
VOLUME_SURGE,2026-09-21 16:00:00+00:00,LINK,BINANCE:LINKUSD.P,4h,13.02,0.000768639508070601,0.0,0.7820619269930575,1.9185388127853882,EXTREME,24.7,18.9,0.0,0.0
VOLUME_SURGE,2026-09-21 16:00:00+00:00,RUNE,BINANCE:RUNEUSDT.P,4h,0.6382,0.04984372429675932,0.012451366081196236,1.126244696307472,3.834365167879525,EXTREME,100.0,62.4,0.0,25.2
VOLUME_SURGE,2026-09-21 16:00:00+00:00,SOL,BINANCE:SOLUSD.P,4h,118.29,0.003648396402511578,0.0,0.5639475456837837,1.7749468778022441,EXTREME,26.3,20.3,0.0,0.0
WHALE_ACCUM,2026-09-21 16:00:00+00:00,ADA,BYBIT:ADAUSDT.P,4h,0.2447,0.0,-0.007006313123631425,-0.3410291742276228,0.9913142222084634,EXTREME,20.0,15.9,0.1,83.6
WHALE_ACCUM,2026-09-21 16:00:00+00:00,APT,BYBIT:APTUSDT.P,4h,0.7679,-0.00453720508166966,0.0007979287298951476,0.1974201010611073,1.4210214102055092,NEUTRAL,21.2,29.8,8.5,100.0
WHALE_ACCUM,2026-09-21 16:00:00+00:00,AVAX,BYBIT:AVAXUSDT.P,4h,11.088,0.0020786262991414617,-0.0015640360139578258,0.993072842650616,3.7198054629143322,NEGATIVE,0.0,33.0,16.7,100.0
WHALE_ACCUM,2026-09-21 16:00:00+00:00,BTC,BYBIT:BTCUSDT.P,4h,86456.7,0.006718700694110513,0.04972935293149572,0.7369321132763124,2.2474513951447967,NEUTRAL,82.7,48.7,9.0,80.9
WHALE_ACCUM,2026-09-21 16:00:00+00:00,ETH,BYBIT:ETHUSDT.P,4h,2760.46,0.0021600938097883216,0.020128997054564612,0.11526465809407235,1.4176985521835872,EXTREME,8.9,20.1,3.0,100.0
WHALE_ACCUM,2026-09-21 16:00:00+00:00,HBAR,BYBIT:HBARUSDT.P,4h,0.09135,-0.012325656827765208,0.0008710789169688038,0.7713103150565891,2.265839430369436,EXTREME,0.0,25.1,0.0,100.0
WHALE_ACCUM,2026-09-21 16:00:00+00:00,LTC,BYBIT:LTCUSDT.P,4h,62.31,-0.009064885496183228,-0.006469608132619098,0.7393441632480676,1.9634569054968958,NEUTRAL,24.4,22.2,0.0,85.0
WHALE_ACCUM,2026-09-21 16:00:00+00:00,OP,BYBIT:OPUSDT.P,4h,0.1243,-0.012865311308767557,0.015016619949602905,1.1219158702396423,1.813944667764676,NEUTRAL,34.8,34.3,6.8,100.0
WHALE_ACCUM,2026-09-21 16:00:00+00:00,RENDER,BYBIT:RENDERUSDT.P,4h,1.814,0.020821609454136247,-0.010908186618324378,0.2783400898805027,1.4941483311792576,EXTREME,9.5,36.9,0.0,100.0
WHALE_ACCUM,2026-09-21 16:00:00+00:00,SUI,BYBIT:SUIUSDT.P,4h,1.0366,0.01807110587310934,0.011714029222913203,1.3634489158045826,2.284832226036272,EXTREME,21.7,44.7,0.0,79.4
WHALE_ACCUM,2026-09-21 16:00:00+00:00,XRP,BYBIT:XRPUSDT.P,4h,1.5074,0.008496688298655464,0.030022565497459297,0.4524477902694868,1.5723522512694101,EXTREME,27.4,29.6,0.0,100.0
ENTRY,2026-09-21 12:00:00+00:00,DOGE,BYBIT:DOGEUSDT.P,4h,0.09729,0.04254179168452632,0.005264556042868795,5.407674022110835,5.087053962679517,EXTREME,85.6,65.4,0.0,43.0
ENTRY,2026-09-21 12:00:00+00:00,ETH,BYBIT:ETHUSDT.P,4h,2754.51,0.011025997716987312,0.02346350162343458,1.3595529236572783,2.717457249175506,NEUTRAL,73.6,33.4,0.0,100.0
ENTRY,2026-09-21 12:00:00+00:00,HBAR,BYBIT:HBARUSDT.P,4h,0.09249,0.027324225258247292,0.027779194110423733,2.6536807671847904,4.445498765016468,NEUTRAL,94.6,56.5,0.0,100.0
HOT_PRE_ENTRY,2026-09-21 12:00:00+00:00,BNB,BYBIT:BNBUSDT.P,4h,802.4,0.015567649664599337,-0.003943288343941087,2.194189472699718,3.603966539027193,EXTREME,67.4,32.5,3.5,19.9
OI_SURGE,2026-09-21 12:00:00+00:00,ONDO,BINANCE:ONDOUSDT.P,4h,0.444,-0.017046712419747534,0.07868123996455911,2.234950865848181,3.0464332506099656,EXTREME,98.5,62.6,0.0,40.0
OI_SURGE,2026-09-21 12:00:00+00:00,SUI,BYBIT:SUIUSDT.P,4h,1.0182,0.00275753397675782,0.029471607970330105,3.7656709923988165,3.9270279768069547,EXTREME,41.4,56.7,0.0,63.2
OI_SURGE,2026-09-21 12:00:00+00:00,TAO,BINANCE:TAOUSDT.P,4h,288.81,0.01707987040428227,0.01974920129912361,1.6323908257839113,2.373707523794318,EXTREME,36.7,48.8,0.0,16.9
OI_SURGE,2026-09-21 12:00:00+00:00,XLM,BINANCE:XLMUSDT.P,4h,0.20981,-0.003751187084520491,0.05841229031757056,1.910211131605247,2.8846672648894014,EXTREME,75.8,44.5,0.0,40.0
VOLUME_SURGE,2026-09-21 12:00:00+00:00,BCH,BINANCE:BCHUSD.P,4h,263.73,-0.012764842404731525,0.0,3.1670767770814763,7.475884430548318,EXTREME,39.0,19.1,12.5,0.0
VOLUME_SURGE,2026-09-21 12:00:00+00:00,BTC,BYBIT:BTCUSDT.P,4h,85879.7,0.01203057314032252,0.013299156750321561,2.7143542601623256,4.5372238611346845,EXTREME,58.4,40.2,4.8,39.3
VOLUME_SURGE,2026-09-21 12:00:00+00:00,S,BINANCE:SUSDT.P,4h,0.03901,-0.028877271595718068,0.012504750078196736,0.5834795159082251,4.04344147246865,NEUTRAL,0.0,33.7,1.7,40.0
VOLUME_SURGE,2026-09-21 12:00:00+00:00,LINK,BINANCE:LINKUSD.P,4h,13.01,-0.001764751016649968,0.0,3.089654814753385,3.787546950219542,EXTREME,38.5,24.2,8.2,0.0
VOLUME_SURGE,2026-09-21 12:00:00+00:00,SOL,BINANCE:SOLUSD.P,4h,117.86,0.009680459179302714,0.0,3.3329353703975544,4.21885441003447,EXTREME,59.4,34.9,6.9,0.0
WHALE_ACCUM,2026-09-21 12:00:00+00:00,ADA,BYBIT:ADAUSDT.P,4h,0.2447,0.012412081092263216,0.03389404297404108,1.2839710770880364,2.09697498389879,EXTREME,78.0,43.7,0.0,100.0
WHALE_ACCUM,2026-09-21 12:00:00+00:00,APT,BYBIT:APTUSDT.P,4h,0.7714,-0.0015531969971523951,0.02798331600378212,1.2337755290555046,2.2989507244708656,NEUTRAL,50.3,44.0,9.0,100.0
WHALE_ACCUM,2026-09-21 12:00:00+00:00,AVAX,BYBIT:AVAXUSDT.P,4h,11.065,-0.020709797327197133,-0.0028368679856113355,1.9101826303885663,5.503226580352428,NEGATIVE,1.5,32.6,33.5,100.0
WHALE_ACCUM,2026-09-21 12:00:00+00:00,LTC,BYBIT:LTCUSDT.P,4h,62.88,0.04347826086956519,-0.0037066453017472467,4.726563534106859,5.324448445585946,NEUTRAL,100.0,64.6,0.0,76.9
WHALE_ACCUM,2026-09-21 12:00:00+00:00,OP,BYBIT:OPUSDT.P,4h,0.12592,-0.015865572489253688,0.02295501365748631,1.4531250484163452,2.0186809909300583,EXTREME,42.4,35.9,10.7,100.0
WHALE_ACCUM,2026-09-21 12:00:00+00:00,RENDER,BYBIT:RENDERUSDT.P,4h,1.777,0.005090497737556543,-0.0012902373635035325,1.4551762072195198,2.6603770870465246,NEGATIVE,1.5,32.7,9.3,100.0
WHALE_ACCUM,2026-09-21 12:00:00+00:00,XRP,BYBIT:XRPUSDT.P,4h,1.4947,0.006125471190091547,0.07513969470470072,1.6746799631583869,2.6068847813092786,EXTREME,78.2,48.8,0.0,95.7
ENTRY,2026-09-21 08:00:00+00:00,AAVE,BYBIT:AAVEUSDT.P,4h,145.91,0.05289363544523007,-0.002149329640684705,3.932184622423104,3.207152460544207,NEGATIVE,100.0,61.8,23.0,84.3
ENTRY,2026-09-21 08:00:00+00:00,ADA,BYBIT:ADAUSDT.P,4h,0.2417,0.04091300602928505,0.002022285110813371,1.1241627441496376,1.9731681286557592,EXTREME,74.7,40.9,0.0,54.1
ENTRY,2026-09-21 08:00:00+00:00,BNB,BYBIT:BNBUSDT.P,4h,790.1,0.028508200989325605,0.0005488453448472264,1.6230495735865251,3.0330505987958873,EXTREME,90.1,40.1,11.5,3.1
ENTRY,2026-09-21 08:00:00+00:00,BTC,BYBIT:BTCUSDT.P,4h,84858.8,0.038602383213715674,0.01478571899632053,4.202719329999916,5.87131093438102,EXTREME,100.0,76.5,0.0,25.8
ENTRY,2026-09-21 08:00:00+00:00,DOGE,BYBIT:DOGEUSDT.P,4h,0.09332,0.040124832813196676,0.0068419577920684205,4.2699699840202765,4.057767875824334,EXTREME,88.5,55.3,0.0,55.4
ENTRY,2026-09-21 08:00:00+00:00,ETH,BYBIT:ETHUSDT.P,4h,2724.47,0.023894260942767254,0.0019936884755171747,1.4912479577363367,2.8863207471341763,NEUTRAL,79.4,35.1,0.0,100.0
ENTRY,2026-09-21 08:00:00+00:00,ONDO,BINANCE:ONDOUSDT.P,4h,0.4517,0.04535987040037037,0.015341141135602143,2.5910738488911114,3.294656356825839,EXTREME,95.1,60.5,0.0,35.2
ENTRY,2026-09-21 08:00:00+00:00,POL,BYBIT:POLUSDT.P,4h,0.11315,0.049823714974948974,0.01912059347421846,1.7183696697333917,3.5245833616745026,EXTREME,100.0,48.2,0.9,43.8
ENTRY,2026-09-21 08:00:00+00:00,SUI,BYBIT:SUIUSDT.P,4h,1.0154,0.050703642384106073,0.024107190739878437,5.511380043462969,4.719403819621582,EXTREME,86.7,77.3,0.0,47.7
ENTRY,2026-09-21 08:00:00+00:00,TAO,BINANCE:TAOUSDT.P,4h,283.96,0.04435454211107026,0.017808751775850284,3.7390088929804186,3.7135761253726036,EXTREME,100.0,65.1,0.0,10.2
ENTRY,2026-09-21 08:00:00+00:00,VIRTUAL,BINANCE:VIRTUALUSDT.P,4h,0.705,0.03463457587320207,0.019750186303709505,1.3431144028641504,2.121766578864846,EXTREME,100.0,38.4,0.0,13.1
ENTRY,2026-09-21 08:00:00+00:00,XRP,BYBIT:XRPUSDT.P,4h,1.4856,0.0328860460265592,0.02154230838473392,2.323228103483304,3.181793572099486,EXTREME,100.0,42.4,10.7,34.1
HOT_PRE_ENTRY,2026-09-21 08:00:00+00:00,ETC,BINANCE:ETCUSDT.P,4h,8.746,0.022804350368377913,-0.007525085068651793,2.813577086297838,3.753418972104377,EXTREME,57.9,38.7,10.5,0.8
HOT_PRE_ENTRY,2026-09-21 08:00:00+00:00,LINK,BINANCE:LINKUSD.P,4h,13.033,0.03815516966703836,0.0,3.4809846760937564,3.9479097456613603,EXTREME,91.6,48.8,0.0,0.0
HOT_PRE_ENTRY,2026-09-21 08:00:00+00:00,LTC,BYBIT:LTCUSDT.P,4h,60.26,0.030966638152266857,-0.0006594544593196972,2.3499349200127964,3.210471046883768,NEUTRAL,83.9,43.4,15.2,70.5
HOT_PRE_ENTRY,2026-09-21 08:00:00+00:00,XLM,BINANCE:XLMUSDT.P,4h,0.2106,0.05368489518186825,0.01898609286704933,2.6085291534775297,3.434459511417773,EXTREME,100.0,65.7,0.0,33.6
PRE_ENTRY,2026-09-21 08:00:00+00:00,SAND,BYBIT:SANDUSDT.P,4h,0.04179,0.035174634629675516,-0.010345484696484886,0.5614616434681712,1.9336791919626768,NEUTRAL,75.8,28.1,3.7,0.0
VOLUME_SURGE,2026-09-21 08:00:00+00:00,BCH,BINANCE:BCHUSD.P,4h,267.14,0.04805994742830233,0.0,2.022031951343578,5.311509041352832,NEUTRAL,89.0,41.4,0.0,0.0
VOLUME_SURGE,2026-09-21 08:00:00+00:00,S,BINANCE:SUSDT.P,4h,0.04017,0.04013464526152233,-0.004410461396993415,0.8738562348820492,4.990131283641333,NEUTRAL,18.9,38.8,14.4,40.0
VOLUME_SURGE,2026-09-21 08:00:00+00:00,NEAR,BINANCE:NEARUSD.P,4h,4.173,-0.022029528943051435,0.0,1.6236166868497695,2.647695253233148,EXTREME,29.7,35.5,0.0,0.0
VOLUME_SURGE,2026-09-21 08:00:00+00:00,SOL,BINANCE:SOLUSD.P,4h,116.73,0.04186004998214932,0.0,3.8541823801174266,4.446865488062153,EXTREME,100.0,57.5,0.5,0.0
WHALE_ACCUM,2026-09-21 08:00:00+00:00,APT,BYBIT:APTUSDT.P,4h,0.7726,0.004812069189751522,0.03089541739737589,1.0100573664548427,2.18915563865101,NEUTRAL,53.1,40.8,12.1,100.0
WHALE_ACCUM,2026-09-21 08:00:00+00:00,AVAX,BYBIT:AVAXUSDT.P,4h,11.299,0.03404411091790971,-0.033568233830882366,1.5003073112488046,4.642389297943785,NEGATIVE,22.1,41.1,13.0,100.0
WHALE_ACCUM,2026-09-21 08:00:00+00:00,HBAR,BYBIT:HBARUSDT.P,4h,0.09003,0.03554175293305728,0.022804781986577538,1.5718047573351537,3.154698611108393,NEUTRAL,95.5,48.4,0.0,100.0
WHALE_ACCUM,2026-09-21 08:00:00+00:00,OP,BYBIT:OPUSDT.P,4h,0.12795,0.013144350304853836,0.0026296125424822847,0.9169780503417724,1.6852197450706563,EXTREME,32.7,35.8,10.1,100.0
WHALE_ACCUM,2026-09-21 08:00:00+00:00,RENDER,BYBIT:RENDERUSDT.P,4h,1.768,0.0051165434906197405,0.015613610995337535,2.175721259977254,3.2923695421085863,EXTREME,28.2,41.0,6.6,100.0
OI_SURGE,2026-09-21 04:00:00+00:00,ONDO,BINANCE:ONDOUSDT.P,4h,0.4321,0.004183128050197382,-0.014499694910268257,0.14423133850496966,1.3203531186929596,EXTREME,15.0,31.9,8.2,28.2
OI_SURGE,2026-09-21 04:00:00+00:00,TAO,BINANCE:TAOUSDT.P,4h,271.9,0.01804702710798267,0.02086265312390445,0.3009364150531607,1.4025404046336523,EXTREME,62.8,38.6,10.4,1.4
PRE_ENTRY,2026-09-21 04:00:00+00:00,ADA,BYBIT:ADAUSDT.P,4h,0.2322,0.0017256255392579245,0.02125998060706835,-0.568407060606375,0.827481403719703,EXTREME,41.0,23.7,9.7,40.0
VOLUME_SURGE,2026-09-21 04:00:00+00:00,S,BINANCE:SUSDT.P,4h,0.03862,-0.0010346611484738366,-0.04665384282570917,0.27430751399392084,2.9683012254873318,EXTREME,0.0,30.1,0.0,40.0
VOLUME_SURGE,2026-09-21 04:00:00+00:00,NEAR,BINANCE:NEARUSD.P,4h,4.267,-0.03066787823716488,0.0,1.7463683557860337,2.7221840907448884,EXTREME,30.5,32.0,0.0,0.0
VOLUME_SURGE,2026-09-21 04:00:00+00:00,POL,BYBIT:POLUSDT.P,4h,0.10778,-0.0076420219132676825,-0.035378111364609,1.5688124857889012,3.3299276502001,EXTREME,29.4,19.2,9.5,15.9
WHALE_ACCUM,2026-09-21 04:00:00+00:00,AAVE,BYBIT:AAVEUSDT.P,4h,138.58,-0.00266282835552345,-0.015543379501653076,0.08136546202481208,1.1298412601408645,NEGATIVE,20.5,10.3,22.2,79.2
WHALE_ACCUM,2026-09-21 04:00:00+00:00,APT,BYBIT:APTUSDT.P,4h,0.7689,0.03042079871348169,-0.010366218809687133,0.7220974631571292,1.9418793067994466,NEGATIVE,42.5,35.8,20.9,100.0
WHALE_ACCUM,2026-09-21 04:00:00+00:00,AVAX,BYBIT:AVAXUSDT.P,4h,10.927,-0.030520805607310852,-0.0242689872925268,1.3900865052013442,4.37993142689088,EXTREME,0.0,30.6,12.7,100.0
WHALE_ACCUM,2026-09-21 04:00:00+00:00,ETH,BYBIT:ETHUSDT.P,4h,2660.89,-0.0014935062498357965,0.015991557352785124,-0.1593913947285272,1.139713776706392,NEUTRAL,33.1,13.9,16.0,92.2
WHALE_ACCUM,2026-09-21 04:00:00+00:00,HBAR,BYBIT:HBARUSDT.P,4h,0.08694,-0.0009193288899103091,0.022829827011132453,0.5417256872908504,1.9244690212839617,EXTREME,40.2,22.4,8.1,100.0
WHALE_ACCUM,2026-09-21 04:00:00+00:00,OP,BYBIT:OPUSDT.P,4h,0.12629,-0.009179350384434182,0.01814267761092969,-0.48585491013644455,0.7884375940056374,EXTREME,30.2,33.5,8.6,100.0
WHALE_ACCUM,2026-09-21 04:00:00+00:00,RENDER,BYBIT:RENDERUSDT.P,4h,1.759,0.01676300578034673,0.002762679383410571,1.516788420595601,2.7083629722579667,EXTREME,15.4,38.1,0.0,100.0
ENTRY,2026-09-21 00:00:00+00:00,APT,BYBIT:APTUSDT.P,1d,0.794,0.07442489851150214,0.028883562171463817,2.0583011576947445,2.7215130354965793,NEGATIVE,86.6,33.7,0.0,100.0
ENTRY,2026-09-21 00:00:00+00:00,HBAR,BYBIT:HBARUSDT.P,1d,0.09332,0.07971769061668388,0.06860022474563165,3.2487844800653907,3.556261578197722,EXTREME,91.0,63.7,0.0,100.0
ENTRY,2026-09-21 00:00:00+00:00,RENDER,BYBIT:RENDERUSDT.P,1d,1.871,0.0808781051415366,0.056275997474517725,2.3394446968881333,2.5683081911723273,EXTREME,100.0,57.0,0.0,100.0
ENTRY,2026-09-21 00:00:00+00:00,SUI,BYBIT:SUIUSDT.P,4h,0.9497,0.05863337420577408,0.01035926047240987,3.17974303248198,3.11889346569651,EXTREME,77.4,67.4,0.0,35.2
ENTRY,2026-09-21 00:00:00+00:00,SUI,BYBIT:SUIUSDT.P,1d,1.0428,0.16241221714413112,-0.0347644064171474,5.187939314364637,5.011597351133832,EXTREME,96.9,80.8,0.0,100.0
HOT_PRE_ENTRY,2026-09-21 00:00:00+00:00,DOGE,BYBIT:DOGEUSDT.P,1d,0.09984,0.14416685766674298,2.362813275680331e-05,3.674163645185995,3.795456438376054,EXTREME,100.0,67.3,10.0,0.0
HOT_PRE_ENTRY,2026-09-21 00:00:00+00:00,ETC,BINANCE:ETCUSDT.P,1d,8.894,0.04365172494719549,-0.0010276996686557904,2.3792913854766535,3.107759470884204,EXTREME,53.6,36.4,12.7,0.0
HOT_PRE_ENTRY,2026-09-21 00:00:00+00:00,LINK,BINANCE:LINKUSD.P,1d,13.171,0.052921896234710886,0.0,3.396596736061425,3.836718206503445,EXTREME,64.6,53.2,6.9,0.0
HOT_PRE_ENTRY,2026-09-21 00:00:00+00:00,SOL,BINANCE:SOLUSD.P,1d,118.85,0.06994958588404754,0.0,2.8034240808960353,3.6427786771723514,EXTREME,79.5,51.4,2.5,0.0
OI_SURGE,2026-09-21 00:00:00+00:00,AAVE,BYBIT:AAVEUSDT.P,1d,145.81,0.060744943983704225,0.04779686347376311,0.3687171000606274,1.5882015951718849,NEGATIVE,62.0,43.9,9.8,0.0
OI_SURGE,2026-09-21 00:00:00+00:00,S,BINANCE:SUSDT.P,4h,0.03866,-0.03132047105988478,-0.05438406546398522,1.5982599063835798,7.386089853995858,NEUTRAL,0.0,31.4,16.7,40.0
OI_SURGE,2026-09-21 00:00:00+00:00,S,BINANCE:SUSDT.P,1d,0.03947,-0.011024805813079519,0.1362213269593482,0.44208596895817587,3.6980431915468626,NEUTRAL,0.0,21.1,0.0,0.0
OI_SURGE,2026-09-21 00:00:00+00:00,HYPE,BYBIT:HYPEUSDT.P,1d,94.02,0.003950880939668888,0.016025426333767356,-0.39041603125242524,0.9335991483606181,EXTREME,26.6,27.9,2.9,0.0
OI_SURGE,2026-09-21 00:00:00+00:00,INJ,BINANCE:INJUSDT.P,1d,7.853,0.008993961197481637,-0.096373635450687,1.0344771088285947,1.809954071187286,EXTREME,27.3,29.6,3.1,0.0
OI_SURGE,2026-09-21 00:00:00+00:00,ONDO,BINANCE:ONDOUSDT.P,4h,0.4303,-0.005546568061012169,0.015401906011991429,1.3533148797862622,2.339949235476613,EXTREME,40.0,32.7,7.7,25.8
OI_SURGE,2026-09-21 00:00:00+00:00,ONDO,BINANCE:ONDOUSDT.P,1d,0.4579,0.05823896464062872,0.014894492358203504,2.853142878120682,2.9379236448750947,EXTREME,67.5,50.2,0.0,0.0
OI_SURGE,2026-09-21 00:00:00+00:00,POL,BYBIT:POLUSDT.P,1d,0.11205,0.03167295829113348,0.02527070566596845,1.1061292365156281,2.523748657211229,NEGATIVE,30.9,44.9,11.2,0.0
OI_SURGE,2026-09-21 00:00:00+00:00,RUNE,BINANCE:RUNEUSDT.P,4h,0.5709,0.010800283286118928,0.00601697303767601,-0.163331681423434,1.2019145255369816,EXTREME,36.1,27.7,0.0,17.4
OI_SURGE,2026-09-21 00:00:00+00:00,RUNE,BINANCE:RUNEUSDT.P,1d,0.6544,0.15864022662889532,-0.00299421453547144,0.87235922300546,2.812438763769161,EXTREME,100.0,74.5,0.0,0.0
OI_SURGE,2026-09-21 00:00:00+00:00,TIA,BYBIT:TIAUSDT.P,1d,0.4379,0.04710664753706362,-0.017578205159192395,0.742165280453094,1.4035584306883058,EXTREME,39.5,31.4,6.0,0.0
OI_SURGE,2026-09-21 00:00:00+00:00,XLM,BINANCE:XLMUSDT.P,1d,0.21557,0.09287705956907488,0.008105859143860972,1.281398001793941,2.4249551917994703,EXTREME,77.5,49.3,7.3,0.0
OI_SURGE,2026-09-21 00:00:00+00:00,ZEC,BYBIT:ZECUSDT.P,4h,1516.59,0.005169705525619905,-0.06399457334641656,-0.15815855890248168,1.0319266176917032,NEUTRAL,0.0,29.1,14.0,0.0
VOLUME_SURGE,2026-09-21 00:00:00+00:00,ARB,BINANCE:ARBUSDT.P,1d,0.22561,0.036620106598051816,0.018582650557007696,0.9062691709512865,4.3029908570796405,NEGATIVE,1.2,31.1,16.7,0.0
VOLUME_SURGE,2026-09-21 00:00:00+00:00,NEAR,BINANCE:NEARUSD.P,4h,4.402,0.057156580211335406,0.0,3.946285956082942,4.396573696475386,NEUTRAL,76.1,55.5,0.0,0.0
VOLUME_SURGE,2026-09-21 00:00:00+00:00,NEAR,BINANCE:NEARUSD.P,1d,4.269,0.025216138328530313,0.0,4.3769551876147705,4.893533892187339,NEUTRAL,19.2,48.8,0.0,0.0
VOLUME_SURGE,2026-09-21 00:00:00+00:00,TAO,BINANCE:TAOUSDT.P,1d,319.65,0.2216234808530151,0.009568253645143354,3.4269700930511626,3.8638112959036666,EXTREME,100.0,100.0,0.0,0.0
WHALE_ACCUM,2026-09-21 00:00:00+00:00,AAVE,BYBIT:AAVEUSDT.P,4h,138.95,0.01083951695038543,-0.003143809174287915,0.46354117932466415,1.3447566860953661,NEGATIVE,34.8,17.7,18.3,90.9
WHALE_ACCUM,2026-09-21 00:00:00+00:00,ADA,BYBIT:ADAUSDT.P,1d,0.2451,0.07547169811320753,-0.022774439509336664,0.34912602240511337,1.2674906093058522,EXTREME,59.6,32.8,4.9,100.0
WHALE_ACCUM,2026-09-21 00:00:00+00:00,APT,BYBIT:APTUSDT.P,4h,0.7462,0.009742895805141982,-0.005904594714710831,-0.239311296560757,1.114392594707377,NEGATIVE,24.7,26.2,14.5,100.0
WHALE_ACCUM,2026-09-21 00:00:00+00:00,AVAX,BYBIT:AVAXUSDT.P,4h,11.271,-0.0033601556282605305,0.016030011270815603,1.5975029126518807,4.749055087847085,EXTREME,14.2,37.8,0.0,100.0
WHALE_ACCUM,2026-09-21 00:00:00+00:00,AVAX,BYBIT:AVAXUSDT.P,1d,11.226,-0.007339287293306129,0.07122694918379957,3.5034928241102,4.067126502755223,EXTREME,31.2,51.8,0.0,100.0
WHALE_ACCUM,2026-09-21 00:00:00+00:00,BNB,BYBIT:BNBUSDT.P,1d,799.0,0.03497409326424861,0.01271313538962393,2.0809019240965942,2.262494083652683,EXTREME,74.5,48.2,0.4,100.0
WHALE_ACCUM,2026-09-21 00:00:00+00:00,ETH,BYBIT:ETHUSDT.P,1d,2774.73,0.049658402245541744,-0.03370471250406304,1.2170206942495307,1.6611650392423505,NEUTRAL,60.4,40.8,0.0,100.0
WHALE_ACCUM,2026-09-21 00:00:00+00:00,FIL,BITGET:FILUSDT.P,1d,0.9856,0.04561850201570139,0.00405707232473973,1.065454747649187,2.3855442092968873,NEUTRAL,43.1,32.8,5.0,88.7
WHALE_ACCUM,2026-09-21 00:00:00+00:00,HBAR,BYBIT:HBARUSDT.P,4h,0.08702,0.006826333449033717,0.023968564174027707,1.5254675508032798,3.1591323148905914,EXTREME,54.0,30.1,10.4,100.0
WHALE_ACCUM,2026-09-21 00:00:00+00:00,LTC,BYBIT:LTCUSDT.P,4h,58.97,0.004942058623040202,-0.0019295103080663178,0.6056977907937222,1.7397305063352662,NEUTRAL,28.6,18.1,10.8,89.8
WHALE_ACCUM,2026-09-21 00:00:00+00:00,LTC,BYBIT:LTCUSDT.P,1d,61.98,0.056237218813905976,-0.00411054037506231,2.1094201169823927,2.3911223896099196,NEUTRAL,46.1,46.8,0.0,100.0
WHALE_ACCUM,2026-09-21 00:00:00+00:00,MANA,OKX:MANAUSDT.P,1d,0.08563,0.0456710221028207,-0.0066839259643411975,-0.293894267078612,0.9870190055777975,EXTREME,48.5,21.9,0.0,78.8
WHALE_ACCUM,2026-09-21 00:00:00+00:00,OP,BYBIT:OPUSDT.P,4h,0.12746,0.02008803521408553,0.01995423278096231,0.29849221477006627,1.3020494665090252,EXTREME,45.6,36.6,11.8,100.0
WHALE_ACCUM,2026-09-21 00:00:00+00:00,OP,BYBIT:OPUSDT.P,1d,0.12732,0.018967587034813826,-0.032373048950076644,1.8593643813360952,2.1388761434457066,EXTREME,7.1,30.2,0.0,100.0
WHALE_ACCUM,2026-09-21 00:00:00+00:00,POL,BYBIT:POLUSDT.P,4h,0.10861,0.0,0.048329628697442395,2.174861005932042,3.961043848069122,NEGATIVE,78.4,42.4,19.3,100.0
WHALE_ACCUM,2026-09-21 00:00:00+00:00,RENDER,BYBIT:RENDERUSDT.P,4h,1.73,-0.0005777007510110455,0.006448894144141404,1.75102711689166,3.02097844139601,EXTREME,8.5,33.6,0.0,100.0
WHALE_ACCUM,2026-09-21 00:00:00+00:00,THETA,BYBIT:THETAUSDT.P,1d,0.2249,0.05586854460093904,-0.07528081604708659,0.3242823792361066,1.808087251534289,EXTREME,13.6,39.8,0.0,100.0
ENTRY,2026-09-20 20:00:00+00:00,HBAR,BYBIT:HBARUSDT.P,4h,0.08643,0.015867418899859098,-0.013130735291109197,0.3974367036815843,1.8190702654281932,EXTREME,40.2,21.9,7.6,100.0
HOT_PRE_ENTRY,2026-09-20 20:00:00+00:00,BNB,BYBIT:BNBUSDT.P,4h,772.0,0.003379256563555977,0.02789739772979405,1.8232028475947903,3.145699956783485,NEUTRAL,70.1,33.0,10.9,28.1
OI_SURGE,2026-09-20 20:00:00+00:00,S,BINANCE:SUSDT.P,4h,0.03991,0.004783484390735282,0.11286095324373036,9.125588336122076,24.542683173661963,NEUTRAL,80.6,74.1,16.7,40.0
OI_SURGE,2026-09-20 20:00:00+00:00,NEO,BINANCE:NEOUSDT.P,4h,2.404,-0.0008312551953451042,0.02517183657376254,-0.11995408076638404,1.1880140208438985,EXTREME,14.6,27.5,7.0,2.2
OI_SURGE,2026-09-20 20:00:00+00:00,RUNE,BINANCE:RUNEUSDT.P,4h,0.5648,0.00426742532005675,0.009964537613870839,-0.29843101723915105,0.9084207483944717,EXTREME,30.9,24.4,0.0,13.9
OI_SURGE,2026-09-20 20:00:00+00:00,ZEC,BYBIT:ZECUSDT.P,4h,1508.79,-0.004427581656219148,0.09104259987823449,0.4488116787713946,1.4451503235400625,NEUTRAL,48.2,55.1,15.6,6.7
PRE_ENTRY,2026-09-20 20:00:00+00:00,ONDO,BINANCE:ONDOUSDT.P,4h,0.4327,0.011453950444132666,0.04675157304749833,0.6217528726727207,1.7965774690107341,EXTREME,72.0,46.5,8.3,40.0
PRE_ENTRY,2026-09-20 20:00:00+00:00,VIRTUAL,BINANCE:VIRTUALUSDT.P,4h,0.6746,0.0028244388286011723,0.01928015209123024,-0.20902481431680422,1.0956297765499896,EXTREME,59.1,14.7,9.4,21.9
VOLUME_SURGE,2026-09-20 20:00:00+00:00,NEAR,BINANCE:NEARUSD.P,4h,4.164,0.0021660649819492672,0.0,1.0325060621633477,2.0151746455440476,NEUTRAL,26.2,33.1,0.0,0.0
WHALE_ACCUM,2026-09-20 20:00:00+00:00,AAVE,BYBIT:AAVEUSDT.P,4h,137.46,0.00306479859894937,0.028496105951633766,-0.4759776814584949,0.8089425809359388,NEGATIVE,64.8,29.2,9.5,99.9
WHALE_ACCUM,2026-09-20 20:00:00+00:00,APT,BYBIT:APTUSDT.P,4h,0.739,-0.013614522156967457,0.0009772642983336688,-0.411643085074968,0.9481638390583801,EXTREME,20.0,23.2,4.1,100.0
WHALE_ACCUM,2026-09-20 20:00:00+00:00,AVAX,BYBIT:AVAXUSDT.P,4h,11.309,0.015170556552962289,-0.020752378305092578,0.9303210390368503,3.505138298316954,NEUTRAL,4.2,32.5,0.0,100.0
WHALE_ACCUM,2026-09-20 20:00:00+00:00,ETH,BYBIT:ETHUSDT.P,4h,2643.46,0.004232008266472187,0.04587659484266782,-0.2563082025217387,1.0565573004108826,NEUTRAL,67.5,28.5,16.4,79.8
WHALE_ACCUM,2026-09-20 20:00:00+00:00,OP,BYBIT:OPUSDT.P,4h,0.12495,-0.006519837799157102,-0.03225431264623535,-0.014055558484792074,1.1147441334331207,EXTREME,20.0,28.3,7.4,100.0
WHALE_ACCUM,2026-09-20 20:00:00+00:00,RENDER,BYBIT:RENDERUSDT.P,4h,1.731,0.03652694610778462,0.02369506218792572,2.3588854239191157,3.589487197039776,NEGATIVE,73.5,63.1,9.6,100.0
WHALE_ACCUM,2026-09-20 20:00:00+00:00,UNI,BYBIT:UNIUSDT.P,4h,8.723,-0.0008018327605956443,0.0054290544344688385,-0.0627661150127934,1.14491001345356,NEGATIVE,26.3,27.7,9.1,100.0
ENTRY,2026-09-20 16:00:00+00:00,DOGE,BYBIT:DOGEUSDT.P,4h,0.08733,0.018069480065283416,0.02421692488310412,0.8349085975152728,1.7785902335930217,NEUTRAL,88.7,33.7,12.8,62.0
ENTRY,2026-09-20 16:00:00+00:00,DOT,BYBIT:DOTUSDT.P,4h,1.1643,0.049107947377905914,0.00021297346351656365,0.667162585159564,1.865748526396194,NEUTRAL,57.0,43.6,10.5,0.0
ENTRY,2026-09-20 16:00:00+00:00,S,BINANCE:SUSDT.P,4h,0.03972,0.14963820549927642,-0.00646483463763281,4.534595887795362,12.33696673190862,EXTREME,100.0,85.1,6.4,40.0
ENTRY,2026-09-20 16:00:00+00:00,NEO,BINANCE:NEOUSDT.P,4h,2.406,0.018628281117696988,0.027014696520365034,0.25145100981519114,1.5392726684047646,EXTREME,68.5,38.6,7.0,0.0
ENTRY,2026-09-20 16:00:00+00:00,TAO,BINANCE:TAOUSDT.P,4h,264.68,0.040163483455159854,-0.01767277208940987,1.4962738276818446,2.2231532553130413,EXTREME,62.6,37.6,7.4,0.0
ENTRY,2026-09-20 16:00:00+00:00,ZEC,BYBIT:ZECUSDT.P,4h,1515.5,0.05062843594667488,0.05676923631807229,0.5438985588245324,1.5102359078012384,NEUTRAL,87.3,55.2,17.6,0.0
OI_SURGE,2026-09-20 16:00:00+00:00,AAVE,BYBIT:AAVEUSDT.P,4h,137.04,0.00831432565668444,-0.002634435760158871,0.9906732974569666,1.6587937368754337,NEGATIVE,35.1,17.4,14.9,68.6
OI_SURGE,2026-09-20 16:00:00+00:00,XLM,BINANCE:XLMUSDT.P,4h,0.19618,0.010299721907508497,0.04141109085280825,0.4203047216216048,1.592493560606033,EXTREME,63.4,30.4,14.6,26.5
PRE_ENTRY,2026-09-20 16:00:00+00:00,RUNE,BINANCE:RUNEUSDT.P,4h,0.5624,0.006082289803220009,0.02902113715752308,0.3737628814691721,2.3821205311851585,EXTREME,57.6,32.8,0.0,13.0
VOLUME_SURGE,2026-09-20 16:00:00+00:00,NEAR,BINANCE:NEARUSD.P,4h,4.155,0.06402048655569792,0.0,6.100232284531325,5.40805472518202,NEUTRAL,80.6,61.5,0.0,0.0
WHALE_ACCUM,2026-09-20 16:00:00+00:00,APT,BYBIT:APTUSDT.P,4h,0.7492,0.03709856035437431,0.019827014494743,1.13862818838202,2.438536498530244,EXTREME,66.1,46.7,10.2,100.0
WHALE_ACCUM,2026-09-20 16:00:00+00:00,AVAX,BYBIT:AVAXUSDT.P,4h,11.14,-0.02237823606845102,0.05114005570795643,3.5141922422963936,8.427204452965974,NEUTRAL,64.8,66.6,0.0,100.0
WHALE_ACCUM,2026-09-20 16:00:00+00:00,HBAR,BYBIT:HBARUSDT.P,4h,0.08508,-0.01664355062413314,0.048227597908388375,3.498325368399104,5.448649574480294,EXTREME,81.5,46.6,0.0,100.0
WHALE_ACCUM,2026-09-20 16:00:00+00:00,OP,BYBIT:OPUSDT.P,4h,0.12577,0.016076910647923714,-0.006041514164728867,2.1253436715416005,2.5040942729702333,EXTREME,42.5,37.8,15.8,100.0
WHALE_ACCUM,2026-09-20 16:00:00+00:00,RENDER,BYBIT:RENDERUSDT.P,4h,1.67,0.061665607120152455,-0.0020109005960482484,9.62125536415263,8.142583495667619,EXTREME,84.2,62.6,8.6,100.0
WHALE_ACCUM,2026-09-20 16:00:00+00:00,TIA,BYBIT:TIAUSDT.P,4h,0.4186,0.008431703204047292,0.02591197389798494,-0.052481860512773995,1.2427415352373827,EXTREME,42.1,24.6,20.0,80.8
WHALE_ACCUM,2026-09-20 16:00:00+00:00,UNI,BYBIT:UNIUSDT.P,4h,8.73,0.0013764624913972234,-0.0004040680651929973,0.03193333134297756,1.2278200438298366,NEGATIVE,20.2,25.1,11.2,100.0
WHALE_ACCUM,2026-09-20 16:00:00+00:00,XRP,BYBIT:XRPUSDT.P,4h,1.4089,0.013305523590333657,0.023400815727987467,0.19565235781543952,1.4544936419591252,NEUTRAL,30.3,20.5,11.3,100.0
ENTRY,2026-09-20 12:00:00+00:00,AVAX,BYBIT:AVAXUSDT.P,4h,11.395,0.09588382381227167,0.025304783341643322,6.917303183679242,12.823793024995588,NEUTRAL,100.0,91.8,16.7,100.0
ENTRY,2026-09-20 12:00:00+00:00,MANA,OKX:MANAUSDT.P,4h,0.08164,0.02011745595401715,-0.010601717061828664,-0.40995457297446064,0.8925133982207397,EXTREME,43.7,24.9,7.1,0.0
ENTRY,2026-09-20 12:00:00+00:00,RENDER,BYBIT:RENDERUSDT.P,4h,1.573,0.03282994090610636,0.015645419088811563,-0.10228670230703174,1.1322599414515486,EXTREME,77.4,37.9,6.9,100.0
HOT_PRE_ENTRY,2026-09-20 12:00:00+00:00,NEAR,BINANCE:NEARUSD.P,4h,3.905,0.08022130013831252,0.0,3.894162614651024,3.6626399853130165,EXTREME,81.6,61.3,11.0,0.0
OI_SURGE,2026-09-20 12:00:00+00:00,S,BINANCE:SUSDT.P,4h,0.03455,-0.028402699662542275,0.05264833040237016,1.9993271019507575,6.516113163508692,EXTREME,32.7,48.3,0.0,40.0
PRE_ENTRY,2026-09-20 12:00:00+00:00,AAVE,BYBIT:AAVEUSDT.P,4h,135.91,0.0013999410551135405,0.017065222258697332,0.46514347057985433,1.3770940059167707,EXTREME,49.4,26.2,2.1,73.6
PRE_ENTRY,2026-09-20 12:00:00+00:00,DOT,BYBIT:DOTUSDT.P,4h,1.1098,0.008359076867163306,0.022387390946934982,-0.6813123094512368,0.635470287893455,EXTREME,45.4,28.1,7.4,0.0
WHALE_ACCUM,2026-09-20 12:00:00+00:00,APT,BYBIT:APTUSDT.P,4h,0.7224,-0.010952902519167584,0.004732194021622282,-0.4608969121599121,0.9053426419667424,EXTREME,22.8,26.1,1.3,100.0
WHALE_ACCUM,2026-09-20 12:00:00+00:00,HBAR,BYBIT:HBARUSDT.P,4h,0.08652,0.05938533121097089,-0.012951289218897988,12.376322783219273,10.72723374480394,EXTREME,100.0,71.3,0.0,91.9
WHALE_ACCUM,2026-09-20 12:00:00+00:00,OP,BYBIT:OPUSDT.P,4h,0.12378,0.0017805114923923337,-0.010600997336027818,0.38506874329164253,1.3823415876619443,EXTREME,22.3,29.2,6.3,100.0
WHALE_ACCUM,2026-09-20 12:00:00+00:00,THETA,BYBIT:THETAUSDT.P,4h,0.2114,-0.005176470588235227,0.02170062172955567,-0.3155694998060524,1.006455912070269,EXTREME,28.5,25.0,13.6,86.2
WHALE_ACCUM,2026-09-20 12:00:00+00:00,UNI,BYBIT:UNIUSDT.P,4h,8.718,-0.003998629041471524,-0.005371422253061531,-0.429690170304537,0.8566604483800754,NEUTRAL,20.0,25.0,2.2,100.0
ENTRY,2026-09-20 08:00:00+00:00,AVAX,BYBIT:AVAXUSDT.P,4h,10.398,0.08448060075093866,0.0005603413862358408,1.7404041356624669,4.320479386567118,NEUTRAL,100.0,67.3,16.7,100.0
OI_SURGE,2026-09-20 08:00:00+00:00,ARB,BINANCE:ARBUSDT.P,4h,0.2141,0.024107911604324128,-0.03250218679721106,-0.5638312340612983,0.7920377910937928,EXTREME,0.0,27.8,15.2,0.0
PRE_ENTRY,2026-09-20 08:00:00+00:00,DOT,BYBIT:DOTUSDT.P,4h,1.1006,0.017472496995470044,0.018976442431571927,-0.6962423002824464,0.6252811761614172,EXTREME,49.0,33.0,6.0,0.0
VOLUME_SURGE,2026-09-20 08:00:00+00:00,S,BINANCE:SUSDT.P,4h,0.03556,0.017453505007153147,0.06507587430232786,3.350928179562254,9.26757412097125,EXTREME,69.7,65.0,0.0,40.0
WHALE_ACCUM,2026-09-20 08:00:00+00:00,APT,BYBIT:APTUSDT.P,4h,0.7304,0.013037447988904383,0.0003702027666301344,-0.23597414047945867,1.1243491151917484,EXTREME,27.3,25.6,4.6,100.0
WHALE_ACCUM,2026-09-20 08:00:00+00:00,HBAR,BYBIT:HBARUSDT.P,4h,0.08167,0.003316953316953475,0.008473685136569431,0.6427099532250796,1.7076697888443002,EXTREME,32.6,17.1,0.0,100.0
WHALE_ACCUM,2026-09-20 08:00:00+00:00,OP,BYBIT:OPUSDT.P,4h,0.12356,0.02428914863632592,-0.008054946418339703,0.5188722381950357,1.4698484872382547,EXTREME,39.0,32.7,9.4,100.0
WHALE_ACCUM,2026-09-20 08:00:00+00:00,RENDER,BYBIT:RENDERUSDT.P,4h,1.523,-0.001965923984272644,0.010127978074013111,-0.431978579606752,0.8863281047602554,EXTREME,34.6,15.8,3.1,100.0
WHALE_ACCUM,2026-09-20 08:00:00+00:00,THETA,BYBIT:THETAUSDT.P,4h,0.2125,-0.0018788163457023055,-0.019663301408488487,-0.06483139371056926,1.640776968986957,EXTREME,20.0,22.1,5.1,84.4
WHALE_ACCUM,2026-09-20 08:00:00+00:00,UNI,BYBIT:UNIUSDT.P,4h,8.753,0.006902105142068349,-0.007375191945996007,-0.6095548829759679,0.7124401929983306,NEUTRAL,21.9,25.8,18.8,100.0
ENTRY,2026-09-20 04:00:00+00:00,S,BINANCE:SUSDT.P,4h,0.03495,0.05748865355521926,-0.030695667940529026,1.7803360796997687,5.588670342364869,EXTREME,52.0,55.0,0.0,36.7
OI_SURGE,2026-09-20 04:00:00+00:00,ARB,BINANCE:ARBUSDT.P,4h,0.20906,-0.03154676425626535,0.06612693910729783,-0.33218910966242454,1.1134665401442294,EXTREME,40.7,47.2,2.2,0.0
VOLUME_SURGE,2026-09-20 04:00:00+00:00,INJ,BINANCE:INJUSDT.P,4h,7.665,0.010680379746835555,-0.04484377298859632,-0.3518009637563582,1.0521184050546504,EXTREME,23.6,30.6,0.0,21.7
VOLUME_SURGE,2026-09-20 04:00:00+00:00,NEO,BINANCE:NEOUSDT.P,4h,2.38,-0.001677852348993314,-0.012847272727032455,-0.21935339203774745,1.1464893680447195,EXTREME,20.0,16.3,0.0,0.0
WHALE_ACCUM,2026-09-20 04:00:00+00:00,APT,BYBIT:APTUSDT.P,4h,0.721,0.0008328706274292053,0.008733331849487547,-0.5811510598611386,0.7861585246920637,EXTREME,26.4,23.8,1.7,100.0
WHALE_ACCUM,2026-09-20 04:00:00+00:00,AVAX,BYBIT:AVAXUSDT.P,4h,9.588,0.003138731952291307,-0.001551718990170814,1.074760633559758,3.23412177935702,EXTREME,0.0,29.4,1.2,100.0
WHALE_ACCUM,2026-09-20 04:00:00+00:00,HBAR,BYBIT:HBARUSDT.P,4h,0.0814,0.011305752267362301,0.013468531230099057,0.36685808639468,1.4963578421007888,EXTREME,45.5,22.1,0.0,100.0
WHALE_ACCUM,2026-09-20 04:00:00+00:00,LTC,BYBIT:LTCUSDT.P,4h,56.72,-0.00873820342537579,-0.0011921218520386523,-0.7256664185580943,0.6033324213084321,EXTREME,0.0,9.9,8.4,78.7
WHALE_ACCUM,2026-09-20 04:00:00+00:00,OP,BYBIT:OPUSDT.P,4h,0.12063,-0.03022751025002013,0.004936676660222128,-0.1069999146722143,1.0609644143031338,EXTREME,21.2,21.5,6.1,100.0
WHALE_ACCUM,2026-09-20 04:00:00+00:00,RENDER,BYBIT:RENDERUSDT.P,4h,1.526,-0.0071567989590110015,0.0013150960271690604,-0.7159814402650945,0.674036529274449,EXTREME,20.5,10.0,3.3,100.0
WHALE_ACCUM,2026-09-20 04:00:00+00:00,THETA,BYBIT:THETAUSDT.P,4h,0.2129,-0.021149425287356305,-0.033924133243550925,0.007114394434186751,1.8197325078298803,EXTREME,20.0,22.6,5.2,100.0
WHALE_ACCUM,2026-09-20 04:00:00+00:00,UNI,BYBIT:UNIUSDT.P,4h,8.693,-0.004580327493415859,0.00913081256335646,-0.28154085686404645,0.9982898492882493,EXTREME,29.4,33.1,1.7,100.0
ENTRY,2026-09-20 00:00:00+00:00,ARB,BINANCE:ARBUSDT.P,4h,0.21587,0.04781089214639356,0.02448489011592092,0.03409324762776583,1.6155998726544996,EXTREME,55.5,40.6,5.1,0.0
ENTRY,2026-09-20 00:00:00+00:00,AVAX,BYBIT:AVAXUSDT.P,1d,11.309,0.1213683688646503,0.12158815022886471,7.199565858368097,5.932463261488509,EXTREME,100.0,82.7,0.0,100.0
ENTRY,2026-09-20 00:00:00+00:00,HBAR,BYBIT:HBARUSDT.P,1d,0.08643,0.061924069295982376,0.04062795435819311,6.837808058553626,5.254675239220012,EXTREME,81.7,49.5,17.6,100.0
ENTRY,2026-09-20 00:00:00+00:00,RENDER,BYBIT:RENDERUSDT.P,1d,1.731,0.09904761904761905,0.025466069953645754,2.2926993543563823,2.5623966363185953,EXTREME,100.0,47.6,0.0,100.0
OI_SURGE,2026-09-20 00:00:00+00:00,AAVE,BYBIT:AAVEUSDT.P,4h,137.48,-0.025033685554216034,0.01656365197270948,1.3836690867271324,1.8694121516905304,EXTREME,54.5,31.6,3.5,26.5
OI_SURGE,2026-09-20 00:00:00+00:00,DOGE,BYBIT:DOGEUSDT.P,1d,0.08726,-0.004676628265084859,0.016960436858076244,0.21142564716774132,1.2962698970301965,EXTREME,26.5,3.1,0.8,0.0
OI_SURGE,2026-09-20 00:00:00+00:00,S,BINANCE:SUSDT.P,1d,0.03991,0.19491017964071866,-0.09575273495111414,1.9965342522209888,9.429094311804231,EXTREME,77.2,51.3,16.7,0.0
OI_SURGE,2026-09-20 00:00:00+00:00,HYPE,BYBIT:HYPEUSDT.P,1d,93.65,0.01605728545079743,0.012788702266160357,-0.806712298593142,0.6603612570566003,EXTREME,29.1,29.0,0.0,0.0
OI_SURGE,2026-09-20 00:00:00+00:00,INJ,BINANCE:INJUSDT.P,1d,7.783,-0.017917981072555156,0.1072155138841544,2.0808677702767344,2.4275361019197805,EXTREME,32.5,33.3,0.0,0.0
OI_SURGE,2026-09-20 00:00:00+00:00,ONDO,BINANCE:ONDOUSDT.P,1d,0.4327,0.02974773917182283,0.028899870912553416,1.6970677763401563,2.19506824879896,EXTREME,41.3,40.6,0.0,0.0
OI_SURGE,2026-09-20 00:00:00+00:00,POL,BYBIT:POLUSDT.P,1d,0.10861,0.03903185688319133,0.03218368932882898,0.23971881591705962,1.551664448438145,EXTREME,25.6,39.6,15.3,0.0
OI_SURGE,2026-09-20 00:00:00+00:00,RUNE,BINANCE:RUNEUSDT.P,1d,0.5648,0.016741674167416676,-0.01394709072346656,-0.11064468856424789,1.2267446921908978,EXTREME,36.4,32.7,0.0,0.0
OI_SURGE,2026-09-20 00:00:00+00:00,TIA,BYBIT:TIAUSDT.P,4h,0.4262,0.01235154394299287,0.006885289179924037,0.07502797812271578,1.3845905044701783,EXTREME,33.3,27.7,0.0,13.5
OI_SURGE,2026-09-20 00:00:00+00:00,UNI,BYBIT:UNIUSDT.P,1d,8.723,0.006693594922100532,-0.0016614900403350008,0.10891669596306876,1.2825479602850895,EXTREME,0.0,25.4,1.8,0.0
OI_SURGE,2026-09-20 00:00:00+00:00,VIRTUAL,BINANCE:VIRTUALUSDT.P,1d,0.6746,0.0005932957579353193,0.004444872305577885,0.2004793903866905,1.2992235577876587,EXTREME,21.2,3.4,2.1,0.0
OI_SURGE,2026-09-20 00:00:00+00:00,XRP,BYBIT:XRPUSDT.P,1d,1.4103,7.091192738628571e-05,0.04068945121166245,0.05923183907835787,1.316926103285597,EXTREME,36.7,18.3,8.0,0.0
VOLUME_SURGE,2026-09-20 00:00:00+00:00,ARB,BINANCE:ARBUSDT.P,1d,0.21764,0.056402291039704844,-0.04421017579191955,0.7980129286681837,4.010311306551879,EXTREME,5.2,32.8,0.0,0.0
VOLUME_SURGE,2026-09-20 00:00:00+00:00,FIL,BITGET:FILUSDT.P,4h,0.9559,-0.005720823798627039,-0.006440090721285707,0.41024989564922215,2.252383871637869,EXTREME,22.5,28.3,2.0,0.0
VOLUME_SURGE,2026-09-20 00:00:00+00:00,INJ,BINANCE:INJUSDT.P,4h,7.584,-0.04302839116719248,-0.0034205546850673008,2.5083615619408706,4.234084270864068,EXTREME,35.1,39.0,0.0,40.0
VOLUME_SURGE,2026-09-20 00:00:00+00:00,NEAR,BINANCE:NEARUSD.P,1d,4.164,0.16118237590630224,0.0,4.756184419119181,4.793058031439221,EXTREME,72.0,69.9,0.0,0.0
VOLUME_SURGE,2026-09-20 00:00:00+00:00,NEO,BINANCE:NEOUSDT.P,4h,2.384,-0.0160957490713991,-0.009464298372301228,3.554009607261291,4.567397288241868,EXTREME,41.3,30.9,0.0,0.0
WHALE_ACCUM,2026-09-20 00:00:00+00:00,ADA,BYBIT:ADAUSDT.P,1d,0.2279,0.0004389815627743321,0.03486533977339268,0.08242613410467177,1.1421521119497948,EXTREME,34.0,12.6,9.1,100.0
WHALE_ACCUM,2026-09-20 00:00:00+00:00,APT,BYBIT:APTUSDT.P,4h,0.7204,-0.005659075224292653,-0.015650306411513992,0.036194831839116336,1.3786994768708842,EXTREME,0.0,21.3,4.0,89.4
WHALE_ACCUM,2026-09-20 00:00:00+00:00,APT,BYBIT:APTUSDT.P,1d,0.739,0.0200138026224983,0.02367540148664915,0.908051240499105,1.8836138884924476,EXTREME,41.4,10.6,0.0,100.0
WHALE_ACCUM,2026-09-20 00:00:00+00:00,AVAX,BYBIT:AVAXUSDT.P,4h,9.558,-0.05225582548339125,0.05880531878943285,7.44804561299246,11.093536912196607,EXTREME,80.1,73.9,4.5,100.0
WHALE_ACCUM,2026-09-20 00:00:00+00:00,BNB,BYBIT:BNBUSDT.P,1d,772.0,0.013389341034392377,-0.0010619234164126468,0.8594531980630378,1.6035262114064552,NEUTRAL,34.9,30.4,10.9,97.5
WHALE_ACCUM,2026-09-20 00:00:00+00:00,BTC,BYBIT:BTCUSDT.P,1d,81141.1,-0.0011546761305791797,-0.024003764583291787,-0.7970628756501025,0.6514338166097148,NEUTRAL,20.0,15.1,21.0,100.0
WHALE_ACCUM,2026-09-20 00:00:00+00:00,ETH,BYBIT:ETHUSDT.P,4h,2586.68,-0.0170694634442925,0.0019546855149685793,0.24335330891036008,1.6436627769503809,NEUTRAL,0.0,7.3,13.6,100.0
WHALE_ACCUM,2026-09-20 00:00:00+00:00,ETH,BYBIT:ETHUSDT.P,1d,2643.46,0.004506763945888448,0.05053272398606801,-0.26521101947410597,0.9206948511235221,NEUTRAL,38.9,33.3,10.6,100.0
WHALE_ACCUM,2026-09-20 00:00:00+00:00,FIL,BITGET:FILUSDT.P,1d,0.9426,-0.01955481589348873,0.02800288865416567,0.6428865377958003,1.948706085564748,EXTREME,33.9,19.1,0.0,100.0
WHALE_ACCUM,2026-09-20 00:00:00+00:00,HBAR,BYBIT:HBARUSDT.P,4h,0.08049,-0.011057869517139718,-0.05756824757586365,5.657640351931598,5.0844134557261995,EXTREME,44.0,25.4,1.5,100.0
WHALE_ACCUM,2026-09-20 00:00:00+00:00,LTC,BYBIT:LTCUSDT.P,1d,58.68,0.007554945054945028,0.043487778242191855,-0.09804561369589387,1.0739940298730835,EXTREME,16.2,27.8,20.8,100.0
WHALE_ACCUM,2026-09-20 00:00:00+00:00,OP,BYBIT:OPUSDT.P,4h,0.12439,0.02336487042369395,-0.001729128697301574,0.5552798893240309,1.5015308356285708,EXTREME,38.0,37.6,6.9,100.0
WHALE_ACCUM,2026-09-20 00:00:00+00:00,OP,BYBIT:OPUSDT.P,1d,0.12495,0.027972027972027913,0.1703947753323658,1.9203311422883527,2.149215064165179,EXTREME,74.0,57.3,0.0,100.0
WHALE_ACCUM,2026-09-20 00:00:00+00:00,RENDER,BYBIT:RENDERUSDT.P,4h,1.537,-0.024126984126984108,0.005993983411515691,0.5727453529997228,1.6195233330062972,EXTREME,31.4,16.4,4.2,100.0
WHALE_ACCUM,2026-09-20 00:00:00+00:00,SUI,BYBIT:SUIUSDT.P,4h,0.8259,-0.03696361940298509,0.003769733979969825,2.455566326052391,2.497992387784797,EXTREME,7.9,20.2,0.0,81.2
WHALE_ACCUM,2026-09-20 00:00:00+00:00,SUI,BYBIT:SUIUSDT.P,1d,0.8971,0.04605876865671643,0.07053129693496474,2.7631366667843884,3.168253280904056,EXTREME,97.6,45.0,4.0,100.0
WHALE_ACCUM,2026-09-20 00:00:00+00:00,THETA,BYBIT:THETAUSDT.P,4h,0.2175,-0.014499320344358857,-0.0009923064340939813,0.45410852550794784,2.9788978603170566,EXTREME,22.7,27.2,6.2,100.0
WHALE_ACCUM,2026-09-20 00:00:00+00:00,THETA,BYBIT:THETAUSDT.P,1d,0.213,-0.03488898957861353,0.10717309545371667,0.512300216012881,2.0863098937456956,EXTREME,16.8,41.4,10.4,100.0
WHALE_ACCUM,2026-09-20 00:00:00+00:00,TIA,BYBIT:TIAUSDT.P,1d,0.4182,-0.0066508313539191954,0.10264256403766159,-0.13209480195583836,1.030862842445495,EXTREME,51.8,30.4,10.4,100.0
WHALE_ACCUM,2026-09-20 00:00:00+00:00,UNI,BYBIT:UNIUSDT.P,4h,8.733,0.007847663012117811,-0.009021497818373136,0.24572114461458042,1.4622962112557056,EXTREME,23.3,30.8,2.5,100.0
ENTRY,2026-09-19 20:00:00+00:00,AVAX,BYBIT:AVAXUSDT.P,4h,10.085,0.04964612822647796,0.008656433607574066,4.328221079877662,6.534527592863389,EXTREME,80.7,68.0,0.0,100.0
ENTRY,2026-09-19 20:00:00+00:00,S,BINANCE:SUSDT.P,4h,0.0334,0.030864197530864335,0.018011817188144486,0.2213252614129835,2.140483726247607,EXTREME,54.4,39.3,7.5,40.0
OI_SURGE,2026-09-19 20:00:00+00:00,ONDO,BINANCE:ONDOUSDT.P,4h,0.4202,-0.011061426217933601,-0.023915265069768377,0.5009357341156907,1.7600799807359626,EXTREME,23.0,22.3,0.0,40.0
OI_SURGE,2026-09-19 20:00:00+00:00,SUI,BYBIT:SUIUSDT.P,4h,0.8576,-0.02010968921389389,0.03286344163570143,1.159587776025387,1.7656858019645498,EXTREME,30.9,36.8,0.0,65.6
OI_SURGE,2026-09-19 20:00:00+00:00,TIA,BYBIT:TIAUSDT.P,4h,0.421,0.003336510962821837,0.02135201009761145,0.12941741216672784,1.4396343864956944,EXTREME,35.6,27.6,0.0,5.3
PRE_ENTRY,2026-09-19 20:00:00+00:00,ETC,BINANCE:ETCUSDT.P,4h,8.579,0.0032744708221261742,0.01785796661910921,-0.27657993797730573,1.0153503707657465,EXTREME,38.1,25.6,10.5,26.3
VOLUME_SURGE,2026-09-19 20:00:00+00:00,FIL,BITGET:FILUSDT.P,4h,0.9614,-0.07415254237288127,0.040853523850618245,1.5425846294046408,4.104178789938423,EXTREME,58.4,42.5,3.1,0.0
VOLUME_SURGE,2026-09-19 20:00:00+00:00,INJ,BINANCE:INJUSDT.P,4h,7.925,-0.003645964294694437,-0.025842429772747644,2.0398444579650548,3.735072410560141,EXTREME,32.2,37.2,0.0,39.2
WHALE_ACCUM,2026-09-19 20:00:00+00:00,ADA,BYBIT:ADAUSDT.P,4h,0.2278,-0.00999565406345071,0.008369624788483465,0.1502412821567621,1.3063118906862814,EXTREME,27.3,16.9,7.6,84.3
WHALE_ACCUM,2026-09-19 20:00:00+00:00,APT,BYBIT:APTUSDT.P,4h,0.7245,-0.016960651289009476,0.012963265802385937,-0.19149191463824417,1.177085032449088,EXTREME,0.2,30.5,1.7,89.3
WHALE_ACCUM,2026-09-19 20:00:00+00:00,ETH,BYBIT:ETHUSDT.P,4h,2631.6,-0.0008921961312856608,0.00638832546332746,-0.5376015192903285,0.72449102145085,EXTREME,0.0,10.2,14.2,100.0
WHALE_ACCUM,2026-09-19 20:00:00+00:00,HBAR,BYBIT:HBARUSDT.P,4h,0.08139,-0.007681053401609295,0.043153033656568196,1.9721029762815716,2.5941996222716033,NEUTRAL,70.6,35.5,0.0,100.0
WHALE_ACCUM,2026-09-19 20:00:00+00:00,LTC,BYBIT:LTCUSDT.P,4h,58.24,0.0032730404823428927,0.006323319287445228,0.355190664482934,1.510115953854107,EXTREME,1.5,18.7,9.3,100.0
WHALE_ACCUM,2026-09-19 20:00:00+00:00,OP,BYBIT:OPUSDT.P,4h,0.12155,-0.01928352428594471,0.023707323474363218,0.17874939721979335,1.2558035701916694,EXTREME,34.6,33.0,4.2,100.0
WHALE_ACCUM,2026-09-19 20:00:00+00:00,RENDER,BYBIT:RENDERUSDT.P,4h,1.575,0.00190839694656475,-0.0007861822193421242,-0.40897591689820717,0.8989064054446186,EXTREME,20.8,13.7,0.0,76.3
WHALE_ACCUM,2026-09-19 20:00:00+00:00,THETA,BYBIT:THETAUSDT.P,4h,0.2207,-0.013851653261840902,-0.007306923845511126,0.013201264602745797,1.8384175869991106,EXTREME,20.1,27.5,7.5,100.0
WHALE_ACCUM,2026-09-19 20:00:00+00:00,UNI,BYBIT:UNIUSDT.P,4h,8.665,-0.004366310467654899,-0.021536796655590162,-0.054859861112728905,1.2116487140048118,EXTREME,20.0,25.0,1.4,100.0
ENTRY,2026-09-19 16:00:00+00:00,INJ,BINANCE:INJUSDT.P,4h,7.954,0.06994888350820538,-0.006983159831973285,1.2387194579401941,2.8854880401612855,EXTREME,75.4,47.4,0.0,40.0
ENTRY,2026-09-19 16:00:00+00:00,SUI,BYBIT:SUIUSDT.P,4h,0.8752,0.037827582117870184,0.0174719429621204,1.5246108027091465,1.956958196276693,EXTREME,89.6,48.8,0.0,29.8
OI_SURGE,2026-09-19 16:00:00+00:00,TIA,BYBIT:TIAUSDT.P,4h,0.4196,0.011571841851494735,0.031182523112881055,-0.37124459964227535,0.9145412715741466,EXTREME,48.7,32.9,0.0,0.0
OI_SURGE,2026-09-19 16:00:00+00:00,XLM,BINANCE:XLMUSDT.P,4h,0.19917,0.0054013124684504366,0.017706274361814822,0.24555524679471993,1.4741381822847897,EXTREME,36.9,16.9,0.0,7.1
OI_SURGE,2026-09-19 16:00:00+00:00,XRP,BYBIT:XRPUSDT.P,4h,1.4274,-0.0018879798615480947,-0.011758364606343497,-0.08077923316099919,1.1271925175633193,EXTREME,0.0,8.8,8.7,55.1
PRE_ENTRY,2026-09-19 16:00:00+00:00,DOGE,BYBIT:DOGEUSDT.P,4h,0.08922,0.00348667191542007,0.018933475042308023,0.7448878237795094,1.7516083697886218,EXTREME,56.1,26.2,0.0,58.1
VOLUME_SURGE,2026-09-19 16:00:00+00:00,FIL,BITGET:FILUSDT.P,4h,1.0384,0.04288440293261009,-0.013334190786579603,2.840880941468892,6.057859734445668,EXTREME,70.9,51.7,11.0,0.0
WHALE_ACCUM,2026-09-19 16:00:00+00:00,ADA,BYBIT:ADAUSDT.P,4h,0.2301,0.013210039630118908,-0.010568547373839166,0.1305828678360478,1.2954989038416602,EXTREME,31.3,19.9,8.7,89.5
WHALE_ACCUM,2026-09-19 16:00:00+00:00,APT,BYBIT:APTUSDT.P,4h,0.737,-0.00013566680233345618,0.0017608225438572322,-0.37976685960852424,0.9597249606739239,EXTREME,0.0,28.6,3.7,90.9
WHALE_ACCUM,2026-09-19 16:00:00+00:00,AVAX,BYBIT:AVAXUSDT.P,4h,9.608,0.017581020970133476,0.022230944604984648,4.070444650307096,5.875815434286651,EXTREME,62.3,62.9,0.0,100.0
WHALE_ACCUM,2026-09-19 16:00:00+00:00,ETH,BYBIT:ETHUSDT.P,4h,2633.95,-0.0024163646210890732,0.001687116777528086,-0.3672249172989196,0.9054749774099348,EXTREME,0.0,8.6,17.1,100.0
WHALE_ACCUM,2026-09-19 16:00:00+00:00,HBAR,BYBIT:HBARUSDT.P,4h,0.08202,0.01246759659301322,0.0325633090129227,1.6871302166036124,2.3678303016627305,NEUTRAL,82.3,33.7,0.0,100.0
WHALE_ACCUM,2026-09-19 16:00:00+00:00,LTC,BYBIT:LTCUSDT.P,4h,58.05,0.0010346611484737256,0.00806008322196372,0.25990412458203443,1.4389871246169106,EXTREME,0.8,22.0,8.9,100.0
WHALE_ACCUM,2026-09-19 16:00:00+00:00,OP,BYBIT:OPUSDT.P,4h,0.12394,-0.003377291733676402,0.05563447268576205,0.09386282947081363,1.2002852007856526,EXTREME,56.0,44.9,6.5,100.0
WHALE_ACCUM,2026-09-19 16:00:00+00:00,RENDER,BYBIT:RENDERUSDT.P,4h,1.572,-0.006321112515802807,0.004941979468252589,-0.2675239642501351,1.0039009241312908,EXTREME,26.0,15.9,6.0,99.1
WHALE_ACCUM,2026-09-19 16:00:00+00:00,THETA,BYBIT:THETAUSDT.P,4h,0.2238,0.016810540663334983,0.014483419779055762,0.012364316725871424,1.8367870786575236,EXTREME,35.4,35.8,9.1,100.0
WHALE_ACCUM,2026-09-19 16:00:00+00:00,UNI,BYBIT:UNIUSDT.P,4h,8.703,-0.01982205203288656,-0.006706604922097403,-0.019703764257220938,1.2404641366078057,EXTREME,20.0,29.0,1.7,100.0
WHALE_ACCUM,2026-09-19 16:00:00+00:00,ZEC,BYBIT:ZECUSDT.P,4h,1477.44,-0.028536861208279585,-0.01468220731970582,0.0752272931426918,1.2210284646765364,NEUTRAL,20.5,25.3,5.7,100.0
ENTRY,2026-09-19 12:00:00+00:00,ONDO,BINANCE:ONDOUSDT.P,4h,0.435,0.0625305324865657,0.01547763712780803,3.169906942168438,4.082159275902541,EXTREME,100.0,68.4,0.0,40.0
ENTRY,2026-09-19 12:00:00+00:00,SAND,BYBIT:SANDUSDT.P,4h,0.04046,0.024303797468354427,-0.0003017835663711166,-0.2506708780674961,1.0412982937882187,EXTREME,52.3,21.4,9.2,0.0
OI_SURGE,2026-09-19 12:00:00+00:00,ETC,BINANCE:ETCUSDT.P,4h,8.402,-0.013386566463128302,0.025341601244337264,0.22428992415956214,1.510925877443899,EXTREME,45.1,27.0,0.0,25.5
OI_SURGE,2026-09-19 12:00:00+00:00,INJ,BINANCE:INJUSDT.P,4h,7.434,-0.0359227078199974,0.0302110336929704,0.9664450098060354,2.5761619946590253,EXTREME,44.6,41.1,0.0,40.0
OI_SURGE,2026-09-19 12:00:00+00:00,TAO,BINANCE:TAOUSDT.P,4h,270.93,0.010178970917225971,0.032156828015288186,0.5931562671672234,1.652569994993154,EXTREME,76.6,46.3,0.0,6.2
OI_SURGE,2026-09-19 12:00:00+00:00,XRP,BYBIT:XRPUSDT.P,4h,1.4301,-0.002789205773655934,0.03192321583540103,0.7810632395845221,1.9044154754244327,EXTREME,25.9,22.0,8.8,61.2
PRE_ENTRY,2026-09-19 12:00:00+00:00,DOGE,BYBIT:DOGEUSDT.P,4h,0.08891,0.0061106710422089705,0.01813227076709989,0.5421578877550012,1.599935739169471,EXTREME,64.9,26.0,7.8,32.5
PRE_ENTRY,2026-09-19 12:00:00+00:00,POL,BYBIT:POLUSDT.P,4h,0.10595,0.010009532888465289,0.022011249964331236,0.002075322738131968,1.486617925851007,NEGATIVE,48.9,21.2,16.2,54.0
PRE_ENTRY,2026-09-19 12:00:00+00:00,TIA,BYBIT:TIAUSDT.P,4h,0.4148,0.006796116504854455,0.04022711484264074,0.8137451756783902,2.1590600721456767,EXTREME,64.0,36.1,0.0,0.0
VOLUME_SURGE,2026-09-19 12:00:00+00:00,S,BINANCE:SUSDT.P,4h,0.03214,-0.011685116851168464,-0.023397696327083106,0.730331962268788,3.289551074684306,EXTREME,24.4,22.8,3.0,40.0
WHALE_ACCUM,2026-09-19 12:00:00+00:00,ADA,BYBIT:ADAUSDT.P,4h,0.2271,0.0008814455707359947,0.041961726142787814,0.1486186380544902,1.3187754683111865,EXTREME,60.4,31.3,7.2,100.0
WHALE_ACCUM,2026-09-19 12:00:00+00:00,APT,BYBIT:APTUSDT.P,4h,0.7371,-0.015098877605558503,0.02540220543881988,0.4796939742999311,1.7496904312405177,EXTREME,13.9,39.7,0.0,88.1
WHALE_ACCUM,2026-09-19 12:00:00+00:00,AVAX,BYBIT:AVAXUSDT.P,4h,9.442,0.013416335730385365,0.0014860479635543378,4.0591000445408385,5.634964569635749,EXTREME,33.6,50.3,0.0,100.0
WHALE_ACCUM,2026-09-19 12:00:00+00:00,ETH,BYBIT:ETHUSDT.P,4h,2640.33,0.0006177284268769068,0.006116190149536349,-0.5346842305395036,0.7183143248461059,EXTREME,0.0,10.8,14.7,100.0
WHALE_ACCUM,2026-09-19 12:00:00+00:00,HBAR,BYBIT:HBARUSDT.P,4h,0.08101,0.004090233019335532,0.044700347447756084,2.3041424739746263,2.828508124259022,NEUTRAL,89.1,36.3,6.2,100.0
WHALE_ACCUM,2026-09-19 12:00:00+00:00,LTC,BYBIT:LTCUSDT.P,4h,57.99,-0.00017241379310339866,0.015801671228861558,0.013264984305856539,1.2410053609252993,EXTREME,10.0,21.7,0.0,100.0
WHALE_ACCUM,2026-09-19 12:00:00+00:00,OP,BYBIT:OPUSDT.P,4h,0.12436,-0.008372538075113622,0.05080816897053553,0.9365906099533142,1.7847711350047122,EXTREME,58.9,43.3,2.4,100.0
WHALE_ACCUM,2026-09-19 12:00:00+00:00,RENDER,BYBIT:RENDERUSDT.P,4h,1.582,-0.00877192982456143,0.013226566103260229,2.4582499266416593,2.993786495825601,EXTREME,54.0,32.3,0.0,88.8
WHALE_ACCUM,2026-09-19 12:00:00+00:00,THETA,BYBIT:THETAUSDT.P,4h,0.2201,0.0009095043201454711,-0.061382113936865434,-0.10849280257998883,1.5119836670895543,EXTREME,20.0,27.7,0.0,100.0
WHALE_ACCUM,2026-09-19 12:00:00+00:00,UNI,BYBIT:UNIUSDT.P,4h,8.879,-0.02299735915492951,0.01196002994140577,-0.29208699504482727,1.0002580285640326,EXTREME,32.5,34.5,4.1,100.0
WHALE_ACCUM,2026-09-19 12:00:00+00:00,ZEC,BYBIT:ZECUSDT.P,4h,1520.84,-0.014176352003941184,-0.016143463725501683,-0.7181768801625292,0.6419693502167256,NEUTRAL,20.0,25.0,11.9,100.0
ENTRY,2026-09-19 08:00:00+00:00,ADA,BYBIT:ADAUSDT.P,4h,0.2269,0.023916967509025167,-0.011775413431793669,-0.2731318344817982,1.031674514128646,EXTREME,40.2,22.3,0.0,96.1
ENTRY,2026-09-19 08:00:00+00:00,ATOM,BINANCE:ATOMUSDT.P,4h,1.758,0.039621525724423456,-0.010490839092781146,0.1577562241727613,1.562745541696512,EXTREME,57.7,33.3,6.9,13.4
ENTRY,2026-09-19 08:00:00+00:00,AVAX,BYBIT:AVAXUSDT.P,4h,9.317,0.09175064448089976,0.009148592144984313,3.375006023916756,4.790331634846172,EXTREME,100.0,88.5,0.0,100.0
ENTRY,2026-09-19 08:00:00+00:00,MANA,OKX:MANAUSDT.P,4h,0.08314,0.05160637490513542,-0.011710149353787891,0.09969641478131314,1.364499271432582,EXTREME,98.5,48.6,0.0,16.0
ENTRY,2026-09-19 08:00:00+00:00,ONDO,BINANCE:ONDOUSDT.P,4h,0.4094,0.037243476057765346,-0.029853861118900316,0.7126793791278322,1.894547603545001,EXTREME,59.0,35.8,0.0,40.0
ENTRY,2026-09-19 08:00:00+00:00,POL,BYBIT:POLUSDT.P,4h,0.1049,0.020626581046896186,0.007380221653964902,-0.23892951428144643,1.2414177958342985,EXTREME,45.3,18.7,19.2,45.1
ENTRY,2026-09-19 08:00:00+00:00,TAO,BINANCE:TAOUSDT.P,4h,268.2,0.06234651033827143,0.0002973454598562686,1.9441282834519324,2.6240477440209804,EXTREME,99.5,53.6,10.5,0.0
OI_SURGE,2026-09-19 08:00:00+00:00,INJ,BINANCE:INJUSDT.P,4h,7.711,0.01420491911087729,0.0923337381427114,1.636610570681609,3.34400616781149,EXTREME,100.0,68.5,0.0,32.4
VOLUME_SURGE,2026-09-19 08:00:00+00:00,APT,BYBIT:APTUSDT.P,4h,0.7484,0.07436118288831461,0.01250909713875803,1.538842952275185,2.697926261925155,EXTREME,58.0,60.9,0.0,69.4
VOLUME_SURGE,2026-09-19 08:00:00+00:00,S,BINANCE:SUSDT.P,4h,0.03252,0.01056556867619629,-0.02827102582840857,0.16717354054437011,1.9908170615434548,EXTREME,27.7,25.0,0.0,40.0
WHALE_ACCUM,2026-09-19 08:00:00+00:00,ETH,BYBIT:ETHUSDT.P,4h,2638.7,0.004530226892035749,0.028403785949031368,-0.06165395440060363,1.2418400307426116,EXTREME,20.3,26.2,14.6,100.0
WHALE_ACCUM,2026-09-19 08:00:00+00:00,HBAR,BYBIT:HBARUSDT.P,4h,0.08068,0.031054313099041497,-0.022513909097107043,2.1060438589512325,2.662582351835313,NEUTRAL,81.0,32.1,9.7,94.8
WHALE_ACCUM,2026-09-19 08:00:00+00:00,LTC,BYBIT:LTCUSDT.P,4h,58.0,0.020587717754707135,0.00911986134737397,0.49770833905632855,1.6766584036304248,EXTREME,32.2,36.3,0.0,82.5
WHALE_ACCUM,2026-09-19 08:00:00+00:00,OP,BYBIT:OPUSDT.P,4h,0.12541,0.026184436625480645,0.015836067246618235,0.6136041502314985,1.5690659819960089,EXTREME,50.0,39.0,16.2,100.0
WHALE_ACCUM,2026-09-19 08:00:00+00:00,RENDER,BYBIT:RENDERUSDT.P,4h,1.596,0.0390625,0.001228551652621812,-0.028065845443006162,1.1659100969105147,EXTREME,69.3,29.2,0.0,75.7
WHALE_ACCUM,2026-09-19 08:00:00+00:00,THETA,BYBIT:THETAUSDT.P,4h,0.2199,0.001366120218579292,0.0935375245374177,0.26018532574843534,2.5077663419605476,EXTREME,65.0,48.0,0.0,100.0
WHALE_ACCUM,2026-09-19 08:00:00+00:00,UNI,BYBIT:UNIUSDT.P,4h,9.088,-0.006124234470691214,0.010051884121646593,0.2318776044827533,1.4737116057816504,EXTREME,2.1,30.6,6.9,100.0
WHALE_ACCUM,2026-09-19 08:00:00+00:00,ZEC,BYBIT:ZECUSDT.P,4h,1542.71,-0.015224440812991458,0.011960557462137533,-0.07592347684432937,1.1079827455422049,NEUTRAL,27.1,28.1,2.4,100.0
HOT_PRE_ENTRY,2026-09-19 04:00:00+00:00,INJ,BINANCE:INJUSDT.P,4h,7.603,0.10911743253099915,0.0205936665278168,3.259277643311125,5.051130029404987,EXTREME,100.0,87.7,0.0,0.0
VOLUME_SURGE,2026-09-19 04:00:00+00:00,APT,BYBIT:APTUSDT.P,4h,0.6966,-0.09237785016286637,-0.012898216618588587,4.639839823387812,5.091077931328527,EXTREME,14.0,40.7,4.6,61.3
VOLUME_SURGE,2026-09-19 04:00:00+00:00,BCH,BINANCE:BCHUSD.P,4h,245.48,-0.010839343998065853,0.0,-0.19885817990101243,1.2581026732907499,EXTREME,20.0,0.5,20.7,0.0
VOLUME_SURGE,2026-09-19 04:00:00+00:00,S,BINANCE:SUSDT.P,4h,0.03218,-0.04877327815548327,-0.0020481370797124088,1.2478515331047588,4.492356075122705,EXTREME,27.5,25.4,0.0,40.0
WHALE_ACCUM,2026-09-19 04:00:00+00:00,ADA,BYBIT:ADAUSDT.P,4h,0.2216,-0.04069264069264078,0.02556635159144305,0.5656429675089422,1.6203605949649107,EXTREME,47.4,23.9,7.8,100.0
WHALE_ACCUM,2026-09-19 04:00:00+00:00,AVAX,BYBIT:AVAXUSDT.P,4h,8.534,0.005419415645617542,0.016541209953859548,0.3332229346571639,1.6491013839935655,EXTREME,14.8,30.6,0.0,100.0
WHALE_ACCUM,2026-09-19 04:00:00+00:00,ETH,BYBIT:ETHUSDT.P,4h,2626.8,0.002962917710306101,0.005198940140783037,-0.6081304301943762,0.6408487067549172,EXTREME,0.0,15.7,13.9,100.0
WHALE_ACCUM,2026-09-19 04:00:00+00:00,HBAR,BYBIT:HBARUSDT.P,4h,0.07825,-0.014979859013091623,0.003872456436265992,0.5348262356145782,1.5740736547885756,EXTREME,24.4,5.6,13.0,100.0
WHALE_ACCUM,2026-09-19 04:00:00+00:00,OP,BYBIT:OPUSDT.P,4h,0.12221,-0.042916438248884026,0.016359924998595954,2.672377408074231,2.9094809094789733,EXTREME,46.2,43.2,0.0,94.0
WHALE_ACCUM,2026-09-19 04:00:00+00:00,THETA,BYBIT:THETAUSDT.P,4h,0.2196,-0.020517395182872544,0.07217142525082298,1.5394523378317087,5.976572904349259,EXTREME,63.5,49.2,0.0,100.0
WHALE_ACCUM,2026-09-19 04:00:00+00:00,UNI,BYBIT:UNIUSDT.P,4h,9.144,0.030542093993012553,0.014108686621995492,0.017148240684094134,1.2971017144721655,EXTREME,19.9,38.1,11.9,100.0
WHALE_ACCUM,2026-09-19 04:00:00+00:00,ZEC,BYBIT:ZECUSDT.P,4h,1566.56,0.02269225747486625,-0.005284208893652442,-0.5649102059119263,0.7476496805401637,NEUTRAL,28.7,32.8,0.0,100.0
ENTRY,2026-09-19 00:00:00+00:00,AVAX,BYBIT:AVAXUSDT.P,1d,10.085,0.22972808194122663,0.06855054083128076,4.253111573608033,3.7590010739819912,EXTREME,100.0,93.0,0.0,100.0
ENTRY,2026-09-19 00:00:00+00:00,S,BINANCE:SUSDT.P,4h,0.03383,0.04542645241038312,0.007471434350859063,1.608561880303718,5.3555968313767925,EXTREME,69.0,50.2,0.0,40.0
ENTRY,2026-09-19 00:00:00+00:00,LTC,BYBIT:LTCUSDT.P,4h,59.07,0.015995872033023772,0.027178030814680065,1.2248973020900362,2.363880501053273,EXTREME,94.2,50.2,0.0,49.7
ENTRY,2026-09-19 00:00:00+00:00,TAO,BINANCE:TAOUSDT.P,4h,256.73,0.025935102301790414,0.0025984574837334407,0.6300365365486599,1.7090777513687323,EXTREME,61.4,30.5,5.5,0.0
ENTRY,2026-09-19 00:00:00+00:00,THETA,BYBIT:THETAUSDT.P,4h,0.2242,0.07375478927203072,-0.004951525509000465,0.9354557773757736,4.413939507938359,EXTREME,90.8,57.8,0.0,63.9
HOT_PRE_ENTRY,2026-09-19 00:00:00+00:00,INJ,BINANCE:INJUSDT.P,1d,7.925,0.18691028905196938,0.05014488285770069,4.5908928326882075,3.695258611881224,EXTREME,100.0,73.2,0.0,0.0
OI_SURGE,2026-09-19 00:00:00+00:00,ADA,BYBIT:ADAUSDT.P,1d,0.2278,0.015151515151515138,0.01861150661851152,0.3766740476899569,1.2894168692370047,EXTREME,34.0,16.9,9.0,6.5
OI_SURGE,2026-09-19 00:00:00+00:00,S,BINANCE:SUSDT.P,1d,0.0334,0.03213844252163156,0.2526337813758428,0.23249794803300933,2.8010265066507825,EXTREME,30.9,9.1,10.7,0.0
OI_SURGE,2026-09-19 00:00:00+00:00,HYPE,BYBIT:HYPEUSDT.P,1d,92.17,-0.004213483146067398,0.027473477609096575,-0.5890832849494911,0.7913078845067227,EXTREME,31.2,33.9,0.0,0.0
OI_SURGE,2026-09-19 00:00:00+00:00,ONDO,BINANCE:ONDOUSDT.P,1d,0.4202,0.05392525708552798,0.041394746927423176,2.3115664800251716,2.5213488880024664,EXTREME,62.1,47.1,13.3,0.0
OI_SURGE,2026-09-19 00:00:00+00:00,OP,BYBIT:OPUSDT.P,1d,0.12155,0.009132420091324311,0.06316326180646059,3.2924472656408885,2.7872210887093534,EXTREME,34.7,38.9,9.5,8.3
OI_SURGE,2026-09-19 00:00:00+00:00,RUNE,BINANCE:RUNEUSDT.P,1d,0.5555,0.02927552343894768,0.06444859242137846,-0.35300900103875515,0.8405125548558781,EXTREME,43.8,35.9,0.0,0.0
OI_SURGE,2026-09-19 00:00:00+00:00,VIRTUAL,BINANCE:VIRTUALUSDT.P,1d,0.6742,0.02012407323346954,0.026585872833353008,-0.199034844230355,1.0106338811644446,EXTREME,26.6,9.3,9.7,0.0
OI_SURGE,2026-09-19 00:00:00+00:00,ZEC,BYBIT:ZECUSDT.P,1d,1470.41,-0.05829874987191308,-0.10004709705121939,0.43783988265758006,1.4511746675613875,EXTREME,0.0,26.8,0.8,0.0
VOLUME_SURGE,2026-09-19 00:00:00+00:00,APT,BYBIT:APTUSDT.P,4h,0.7675,0.05093797069697392,0.020573692237814578,4.018389265939466,4.312426919199171,EXTREME,75.1,64.3,0.0,56.5
VOLUME_SURGE,2026-09-19 00:00:00+00:00,ARB,BINANCE:ARBUSDT.P,1d,0.20602,-0.0684993443957137,-0.02009544675440844,0.3241705936068096,2.806250893774321,EXTREME,21.9,30.3,5.3,0.0
VOLUME_SURGE,2026-09-19 00:00:00+00:00,BCH,BINANCE:BCHUSD.P,4h,248.17,-0.02720395123672148,0.0,0.859921389333849,3.2231488651933042,EXTREME,25.2,5.1,22.0,0.0
VOLUME_SURGE,2026-09-19 00:00:00+00:00,NEAR,BINANCE:NEARUSD.P,1d,3.586,-0.04576902607770095,0.0,1.4270814795501592,2.2244825198520854,NEUTRAL,28.6,34.7,0.0,0.0
VOLUME_SURGE,2026-09-19 00:00:00+00:00,POL,BYBIT:POLUSDT.P,4h,0.10716,0.000653655803529718,-0.011726182960300813,1.7174783379296463,3.557462173588462,EXTREME,30.3,17.1,5.9,2.2
WHALE_ACCUM,2026-09-19 00:00:00+00:00,APT,BYBIT:APTUSDT.P,1d,0.7245,-0.007941941667807595,0.081884529707557,4.5035971932960255,4.175214100082118,EXTREME,80.5,38.0,0.0,96.6
WHALE_ACCUM,2026-09-19 00:00:00+00:00,AVAX,BYBIT:AVAXUSDT.P,4h,8.488,0.034995732227776966,0.002954393386839893,3.047170928248201,4.30491654894715,EXTREME,65.9,52.8,0.0,100.0
WHALE_ACCUM,2026-09-19 00:00:00+00:00,BNB,BYBIT:BNBUSDT.P,1d,761.8,0.0013144058885383725,-0.001783622586758904,0.49866317290157036,1.4038433578470564,NEUTRAL,23.0,23.2,8.4,97.8
WHALE_ACCUM,2026-09-19 00:00:00+00:00,BTC,BYBIT:BTCUSDT.P,1d,81234.9,0.004507211538461453,0.04600589203847116,-0.995469872975264,0.5453849836789972,NEUTRAL,39.1,23.7,14.5,100.0
WHALE_ACCUM,2026-09-19 00:00:00+00:00,ETH,BYBIT:ETHUSDT.P,4h,2619.04,0.0030715965408154577,-0.011903089818596446,-0.36606974314080876,0.9097256787232646,EXTREME,0.0,10.1,8.9,100.0
WHALE_ACCUM,2026-09-19 00:00:00+00:00,ETH,BYBIT:ETHUSDT.P,1d,2631.6,0.007881977158351816,0.07524101547660544,-0.7678124240865987,0.6856848251297486,EXTREME,50.5,38.3,9.4,100.0
WHALE_ACCUM,2026-09-19 00:00:00+00:00,FIL,BITGET:FILUSDT.P,1d,0.9614,0.019187957171631576,-0.07024476859761719,3.5570824388206073,4.649335686608047,EXTREME,47.3,31.1,2.1,100.0
WHALE_ACCUM,2026-09-19 00:00:00+00:00,HBAR,BYBIT:HBARUSDT.P,4h,0.07944,0.0034103827207274673,-0.010910015290703123,0.4484810817622788,1.5124534726307186,EXTREME,26.3,8.0,15.6,100.0
WHALE_ACCUM,2026-09-19 00:00:00+00:00,HBAR,BYBIT:HBARUSDT.P,1d,0.08139,0.02804092459264873,0.022049865777569844,2.3098390252870313,2.4979771777571798,EXTREME,28.7,24.1,8.7,100.0
WHALE_ACCUM,2026-09-19 00:00:00+00:00,LTC,BYBIT:LTCUSDT.P,1d,58.24,0.0017199862401100496,0.021898525510694267,0.7535094099982159,1.5945626573362908,EXTREME,6.0,23.6,8.9,96.6
WHALE_ACCUM,2026-09-19 00:00:00+00:00,MANA,OKX:MANAUSDT.P,1d,0.08266,0.05045113737450757,-0.028141470456005457,0.07132269739243514,1.5628462981922113,EXTREME,57.2,19.2,0.0,100.0
WHALE_ACCUM,2026-09-19 00:00:00+00:00,OP,BYBIT:OPUSDT.P,4h,0.12769,0.060107928601079275,0.02896644151439909,3.501065051666878,3.310196110135073,EXTREME,100.0,70.1,0.0,85.1
WHALE_ACCUM,2026-09-19 00:00:00+00:00,RENDER,BYBIT:RENDERUSDT.P,1d,1.575,0.01941747572815533,0.05900914877300112,0.23682316075888551,1.341337417062763,EXTREME,61.1,22.3,13.9,95.5
WHALE_ACCUM,2026-09-19 00:00:00+00:00,SUI,BYBIT:SUIUSDT.P,1d,0.8576,0.05343323915980824,-0.018935237927086845,2.332604506961066,2.8051431217596825,EXTREME,72.5,26.1,0.0,75.6
WHALE_ACCUM,2026-09-19 00:00:00+00:00,THETA,BYBIT:THETAUSDT.P,1d,0.2207,0.05699233716475094,-0.06314528667663877,1.718799773579702,3.7272736900260806,EXTREME,30.5,45.6,0.0,100.0
WHALE_ACCUM,2026-09-19 00:00:00+00:00,UNI,BYBIT:UNIUSDT.P,4h,8.873,0.00146726862302482,-0.015285049611255763,0.1504242048590876,1.4459088851084942,EXTREME,0.0,25.6,10.6,100.0
WHALE_ACCUM,2026-09-19 00:00:00+00:00,UNI,BYBIT:UNIUSDT.P,1d,8.665,-0.02200902934537252,0.03375892818829063,0.4113802797379661,1.5500137426842402,EXTREME,3.4,31.4,0.0,81.5
WHALE_ACCUM,2026-09-19 00:00:00+00:00,ZEC,BYBIT:ZECUSDT.P,4h,1531.8,-0.01898247771288053,-0.018104906168169954,-0.08935136464147941,1.0954634444539164,NEUTRAL,20.0,25.0,5.3,100.0
ENTRY,2026-09-18 20:00:00+00:00,NEO,BINANCE:NEOUSDT.P,4h,2.333,0.016557734204793118,-0.026015688303410833,-0.03324147599633123,1.3013491505535162,EXTREME,47.3,24.0,10.1,0.0
HOT_PRE_ENTRY,2026-09-18 20:00:00+00:00,APT,BYBIT:APTUSDT.P,4h,0.7303,0.04016521862982492,-0.011082473074334631,2.240146212025733,3.0733649585736367,EXTREME,40.4,50.0,0.0,19.6
OI_SURGE,2026-09-18 20:00:00+00:00,S,BINANCE:SUSDT.P,4h,0.03236,-0.01371533069186226,-0.014905071504177636,0.8825835291095389,3.659629120679484,EXTREME,25.3,25.1,0.0,40.0
VOLUME_SURGE,2026-09-18 20:00:00+00:00,BCH,BINANCE:BCHUSD.P,4h,255.11,0.004607387571867516,0.0,2.0640431589390897,5.36406795855603,EXTREME,36.8,18.8,8.5,0.0
VOLUME_SURGE,2026-09-18 20:00:00+00:00,BTC,BYBIT:BTCUSDT.P,4h,80870.4,-0.0037266131923339163,-0.013842692209249052,-0.274971259333497,1.0256516747552156,EXTREME,20.0,5.5,0.0,69.2
VOLUME_SURGE,2026-09-18 20:00:00+00:00,NEAR,BINANCE:NEARUSD.P,4h,3.758,0.02342047930283231,0.0,0.4775325424532877,1.5196002289077828,EXTREME,31.4,30.7,0.0,0.0
WHALE_ACCUM,2026-09-18 20:00:00+00:00,AVAX,BYBIT:AVAXUSDT.P,4h,8.201,-0.008583172147001883,0.007320654789358505,-0.11063613865290942,1.1598842195868018,EXTREME,0.0,14.3,0.0,100.0
WHALE_ACCUM,2026-09-18 20:00:00+00:00,ETH,BYBIT:ETHUSDT.P,4h,2611.02,-0.009371253395656476,0.017882882019929047,-0.20707593525670778,1.0820573866167185,EXTREME,5.1,15.0,7.4,100.0
WHALE_ACCUM,2026-09-18 20:00:00+00:00,HBAR,BYBIT:HBARUSDT.P,4h,0.07917,-0.0028967254408059917,0.008913049535248296,0.12824216191930007,1.2826007583810097,NEGATIVE,26.9,11.6,35.1,100.0
WHALE_ACCUM,2026-09-18 20:00:00+00:00,RENDER,BYBIT:RENDERUSDT.P,4h,1.545,-0.0077071290944122905,0.001608856658531277,-0.23116991918935265,1.0617965611820568,EXTREME,20.9,12.4,9.0,75.4
WHALE_ACCUM,2026-09-18 20:00:00+00:00,UNI,BYBIT:UNIUSDT.P,4h,8.86,-0.017302573203194394,0.009252563962191873,-0.016252869174366264,1.3147503039830086,EXTREME,0.0,33.0,3.9,100.0
WHALE_ACCUM,2026-09-18 20:00:00+00:00,ZEC,BYBIT:ZECUSDT.P,4h,1561.44,0.06190068143795657,-0.017488503710892944,0.48768137285605573,1.5162615067722,NEGATIVE,62.1,44.6,9.9,100.0
ENTRY,2026-09-18 16:00:00+00:00,ETH,BYBIT:ETHUSDT.P,4h,2635.72,0.020114175133042922,0.03861465916396756,1.2039281131657564,2.5944036558052437,EXTREME,100.0,43.1,9.6,89.3
ENTRY,2026-09-18 16:00:00+00:00,RUNE,BINANCE:RUNEUSDT.P,4h,0.5429,0.022410546139359777,0.02080841717009574,-0.027865891049806638,1.4811910950904579,EXTREME,71.3,36.0,10.9,2.2
HOT_PRE_ENTRY,2026-09-18 16:00:00+00:00,POL,BYBIT:POLUSDT.P,4h,0.10889,0.08240556660039777,-0.0015232780184805117,2.431827371509838,4.4730544853804854,EXTREME,100.0,60.3,16.7,16.3
OI_SURGE,2026-09-18 16:00:00+00:00,APT,BYBIT:APTUSDT.P,4h,0.7021,0.03386835517596798,-0.011406759732311866,0.6886580788428581,1.824685339166318,EXTREME,18.6,37.2,10.0,0.0
OI_SURGE,2026-09-18 16:00:00+00:00,S,BINANCE:SUSDT.P,4h,0.03281,0.05430591259640094,0.1942023233320327,5.63145754867646,13.279557748723516,EXTREME,100.0,100.0,0.0,40.0
PRE_ENTRY,2026-09-18 16:00:00+00:00,BNB,BYBIT:BNBUSDT.P,4h,765.9,0.012425644415069437,0.0013804734150750786,0.6161202576330548,2.0499242785497582,NEUTRAL,52.5,20.9,5.0,12.7
PRE_ENTRY,2026-09-18 16:00:00+00:00,HYPE,BYBIT:HYPEUSDT.P,4h,92.29,0.010290093048713977,0.01546107879918468,0.19383378601863357,1.438387096572258,EXTREME,52.5,34.8,0.0,50.9
PRE_ENTRY,2026-09-18 16:00:00+00:00,ONDO,BINANCE:ONDOUSDT.P,4h,0.3982,0.004034291477559293,0.03527123682370181,0.3947474477609593,1.5946071731471902,EXTREME,57.4,31.9,0.0,40.0
PRE_ENTRY,2026-09-18 16:00:00+00:00,SUI,BYBIT:SUIUSDT.P,4h,0.8135,0.012445550715619147,0.019168509602529582,-0.017227855356504368,1.1070038497775614,EXTREME,49.8,25.3,8.3,31.8
PRE_ENTRY,2026-09-18 16:00:00+00:00,TIA,BYBIT:TIAUSDT.P,4h,0.4058,0.01045816733067717,0.032792136064090815,0.37552563544126716,1.6835397175584847,EXTREME,59.7,32.0,0.0,0.0
VOLUME_SURGE,2026-09-18 16:00:00+00:00,INJ,BINANCE:INJUSDT.P,4h,6.618,-0.004662355241389582,0.0024596101074396692,0.2892833175532095,1.7556902773048138,EXTREME,22.5,30.2,0.0,0.0
VOLUME_SURGE,2026-09-18 16:00:00+00:00,NEAR,BINANCE:NEARUSD.P,4h,3.672,0.00879120879120876,0.0,1.6648707795609554,2.3785766841072595,EXTREME,30.9,32.1,1.2,0.0
VOLUME_SURGE,2026-09-18 16:00:00+00:00,THETA,BYBIT:THETAUSDT.P,4h,0.2081,0.021099116781158056,-0.01996777166637398,-0.13216155009877245,1.4725994839487817,EXTREME,35.2,29.0,7.7,32.8
WHALE_ACCUM,2026-09-18 16:00:00+00:00,AVAX,BYBIT:AVAXUSDT.P,4h,8.272,0.0204786577843572,-0.015571406601860294,1.2112990527843515,2.4800244438590306,EXTREME,33.1,29.3,0.0,88.1
WHALE_ACCUM,2026-09-18 16:00:00+00:00,BTC,BYBIT:BTCUSDT.P,4h,81172.9,0.0057926731048976166,0.0413033566825709,0.6221147949139347,2.0795740928424356,EXTREME,95.9,36.6,0.0,100.0
WHALE_ACCUM,2026-09-18 16:00:00+00:00,HBAR,BYBIT:HBARUSDT.P,4h,0.0794,0.008894536213468696,0.009767346937766375,0.8362467268387151,1.8072376742793652,NEGATIVE,43.2,20.1,15.5,100.0
WHALE_ACCUM,2026-09-18 16:00:00+00:00,UNI,BYBIT:UNIUSDT.P,4h,9.016,0.03122497998398721,-0.035667673146752565,0.4988708959113194,1.8225342454772138,EXTREME,7.3,37.3,0.0,100.0
WHALE_ACCUM,2026-09-18 16:00:00+00:00,ZEC,BYBIT:ZECUSDT.P,4h,1470.42,-0.008282187900451876,-0.024303564418066914,0.057055093873987175,1.2035760837191922,NEGATIVE,20.3,29.2,16.2,100.0
ENTRY,2026-09-18 12:00:00+00:00,DOGE,BYBIT:DOGEUSDT.P,4h,0.08749,0.02555386238424573,0.005303439882524463,1.219481307324906,2.116484506012183,EXTREME,74.1,29.9,10.2,0.0
ENTRY,2026-09-18 12:00:00+00:00,ETH,BYBIT:ETHUSDT.P,4h,2583.75,0.03060194732412458,-0.006735152659043897,2.4832233794504117,3.8958903772101556,EXTREME,93.9,43.8,9.8,33.3
ENTRY,2026-09-18 12:00:00+00:00,RENDER,BYBIT:RENDERUSDT.P,4h,1.543,0.022531477799867528,0.005658004150693063,1.9030677101356117,2.834010736167992,EXTREME,71.2,29.5,15.1,62.9
ENTRY,2026-09-18 12:00:00+00:00,RUNE,BINANCE:RUNEUSDT.P,4h,0.531,0.03106796116504862,0.0030385096568743553,0.8545206499948553,3.3529649337002425,EXTREME,77.0,37.4,11.0,0.0
ENTRY,2026-09-18 12:00:00+00:00,XRP,BYBIT:XRPUSDT.P,4h,1.385,0.04662585959344079,0.016400550564779737,1.9803998691433697,2.9991542025377353,NEUTRAL,100.0,44.4,8.8,0.0
HOT_PRE_ENTRY,2026-09-18 12:00:00+00:00,SOL,BINANCE:SOLUSD.P,4h,111.09,0.051789433819352304,0.0,2.447245616502508,3.313948117528304,EXTREME,100.0,62.4,0.0,0.0
OI_SURGE,2026-09-18 12:00:00+00:00,APT,BYBIT:APTUSDT.P,4h,0.6791,-0.004690019053202321,0.01487985749631826,1.9708165608859842,2.909184672788523,EXTREME,13.9,33.1,10.4,11.2
OI_SURGE,2026-09-18 12:00:00+00:00,ARB,BINANCE:ARBUSDT.P,4h,0.21079,0.02714160413215083,0.0015088284088122794,0.4779946512227161,1.7462370360673012,EXTREME,31.8,34.8,0.0,18.3
OI_SURGE,2026-09-18 12:00:00+00:00,S,BINANCE:SUSDT.P,4h,0.03112,0.024695423114915904,0.041948258963762974,23.78220919367404,20.799549773114464,EXTREME,100.0,75.3,0.0,6.2
VOLUME_SURGE,2026-09-18 12:00:00+00:00,BTC,BYBIT:BTCUSDT.P,4h,80705.4,0.03422186739522948,0.011959445356428677,3.5954950729732706,5.307537467935951,NEUTRAL,100.0,61.6,0.0,64.2
VOLUME_SURGE,2026-09-18 12:00:00+00:00,INJ,BINANCE:INJUSDT.P,4h,6.649,-0.009533740503500643,0.0007029601290324816,1.3312831043909181,2.952127369533391,EXTREME,28.0,34.3,0.0,0.0
VOLUME_SURGE,2026-09-18 12:00:00+00:00,NEAR,BINANCE:NEARUSD.P,4h,3.64,0.04059462550028581,0.0,6.402660053746453,5.304698901707626,EXTREME,70.0,52.9,5.6,0.0
WHALE_ACCUM,2026-09-18 12:00:00+00:00,AVAX,BYBIT:AVAXUSDT.P,4h,8.106,0.020649710400402865,0.018757751214642848,1.9653403664386555,3.189721857485286,EXTREME,59.5,39.8,4.8,100.0
WHALE_ACCUM,2026-09-18 12:00:00+00:00,HBAR,BYBIT:HBARUSDT.P,4h,0.0787,0.021149604255871424,0.007127387993087986,2.4377028190172574,2.9590482767174473,NEUTRAL,67.5,32.1,14.0,100.0
WHALE_ACCUM,2026-09-18 12:00:00+00:00,THETA,BYBIT:THETAUSDT.P,4h,0.2038,-0.02581261950286806,0.027472059518578673,0.7128117714404483,4.015678533581734,EXTREME,36.6,28.4,7.4,100.0
WHALE_ACCUM,2026-09-18 12:00:00+00:00,UNI,BYBIT:UNIUSDT.P,4h,8.743,0.006562284135390284,0.030748978473046362,2.0415120278666836,3.2630943853674736,EXTREME,34.1,47.1,14.2,100.0
WHALE_ACCUM,2026-09-18 12:00:00+00:00,ZEC,BYBIT:ZECUSDT.P,4h,1482.7,0.01828895588810986,-0.02200841657719499,1.171530182727115,2.0458079010139296,NEUTRAL,33.9,32.7,4.7,100.0
ENTRY,2026-09-18 08:00:00+00:00,APT,BYBIT:APTUSDT.P,4h,0.6823,0.026941601444912644,0.04636139483802637,0.7997937041593915,1.968093376354857,EXTREME,84.6,46.0,22.3,0.8
HOT_PRE_ENTRY,2026-09-18 08:00:00+00:00,INJ,BINANCE:INJUSDT.P,4h,6.713,0.09207743614771435,0.01454050606526991,3.476034417918589,5.1555795820614305,NEUTRAL,100.0,75.8,0.0,0.0
OI_SURGE,2026-09-18 08:00:00+00:00,RENDER,BYBIT:RENDERUSDT.P,4h,1.509,0.008689839572192382,0.01673498794172712,0.511149029344297,1.6996094170362728,EXTREME,53.4,21.1,8.9,58.9
PRE_ENTRY,2026-09-18 08:00:00+00:00,TAO,BINANCE:TAOUSDT.P,4h,245.9,0.0,0.021694643938051206,0.5990337544152867,1.707745424898687,EXTREME,60.1,29.2,10.5,15.0
VOLUME_SURGE,2026-09-18 08:00:00+00:00,S,BINANCE:SUSDT.P,4h,0.03037,0.022214742510939134,0.0012830258910152548,2.8729003804489643,3.5132085044482713,EXTREME,66.6,35.7,13.8,0.0
WHALE_ACCUM,2026-09-18 08:00:00+00:00,AVAX,BYBIT:AVAXUSDT.P,4h,7.942,0.002145110410094686,0.023878011652700426,0.44581064469234905,1.6769804266478923,EXTREME,22.1,26.7,7.5,79.4
WHALE_ACCUM,2026-09-18 08:00:00+00:00,HBAR,BYBIT:HBARUSDT.P,4h,0.07707,0.007582690547784043,-0.008960445753603441,1.7857441998070043,2.4550131752188187,NEUTRAL,10.6,13.4,37.1,100.0
WHALE_ACCUM,2026-09-18 08:00:00+00:00,THETA,BYBIT:THETAUSDT.P,4h,0.2092,0.06680265170831201,-0.03157093948506606,0.915911858217969,4.580570571093285,EXTREME,89.2,51.4,8.3,97.5
WHALE_ACCUM,2026-09-18 08:00:00+00:00,UNI,BYBIT:UNIUSDT.P,4h,8.686,-0.008107799474705968,0.004658986284642008,4.490605013580424,5.19376999824326,EXTREME,18.7,45.0,0.0,100.0
WHALE_ACCUM,2026-09-18 08:00:00+00:00,ZEC,BYBIT:ZECUSDT.P,4h,1456.07,-0.018318006526253372,0.0023946515532324852,0.04246045871278172,1.199089571007516,NEUTRAL,21.9,25.9,1.9,100.0
ENTRY,2026-09-18 04:00:00+00:00,TAO,BINANCE:TAOUSDT.P,4h,245.9,0.025010421008753614,0.0032166427849564805,0.27918293769874336,1.4576149268726148,EXTREME,60.9,25.8,10.5,3.3
OI_SURGE,2026-09-18 04:00:00+00:00,AVAX,BYBIT:AVAXUSDT.P,4h,7.925,-0.0022661462923327935,0.03001318051611479,0.6528618888252987,1.9026639623584225,EXTREME,30.0,26.3,7.3,47.7
OI_SURGE,2026-09-18 04:00:00+00:00,POL,BYBIT:POLUSDT.P,4h,0.0998,-0.004687344170739016,0.005653831938475129,-0.12956986832311781,1.3407348143094058,EXTREME,26.5,10.3,6.1,28.1
OI_SURGE,2026-09-18 04:00:00+00:00,RENDER,BYBIT:RENDERUSDT.P,4h,1.496,-0.003994673768308976,0.029431491225968553,0.45020549565372614,1.6746107283371252,EXTREME,61.8,23.8,10.0,48.5
OI_SURGE,2026-09-18 04:00:00+00:00,RUNE,BINANCE:RUNEUSDT.P,4h,0.5155,0.006246340035135578,0.04642698847689908,-0.0960621783834469,1.3209014220137223,EXTREME,61.9,30.1,14.4,0.0
OI_SURGE,2026-09-18 04:00:00+00:00,VIRTUAL,BINANCE:VIRTUALUSDT.P,4h,0.6449,0.005770430442919583,0.028197377746474572,0.08843284547806293,1.3412149605486248,EXTREME,51.3,23.4,6.4,14.1
PRE_ENTRY,2026-09-18 04:00:00+00:00,ETH,BYBIT:ETHUSDT.P,4h,2489.06,0.004463276836158103,0.02045362949936247,0.10962178565721856,1.3968062980024147,NEUTRAL,45.8,15.3,12.8,9.5
PRE_ENTRY,2026-09-18 04:00:00+00:00,XRP,BYBIT:XRPUSDT.P,4h,1.3281,0.0017348016292049184,0.014697154492453901,0.23566406654740923,1.418493403972368,NEUTRAL,39.7,9.0,7.3,0.0
SQUEEZE_SETUP,2026-09-18 04:00:00+00:00,HBAR,BYBIT:HBARUSDT.P,4h,0.07649,-0.010606648557754506,0.016215522530661053,1.4998152555098248,2.2301191512792515,NEUTRAL,13.0,13.3,55.0,97.4
WHALE_ACCUM,2026-09-18 04:00:00+00:00,THETA,BYBIT:THETAUSDT.P,4h,0.1961,-0.0020356234096692294,-0.047097465631616875,0.41841767385095247,3.0758453595471846,EXTREME,22.5,17.8,6.5,100.0
WHALE_ACCUM,2026-09-18 04:00:00+00:00,UNI,BYBIT:UNIUSDT.P,4h,8.757,0.015422077922077726,0.041623018075811036,1.1371946400217765,2.276072895599578,EXTREME,46.6,51.3,0.0,100.0
WHALE_ACCUM,2026-09-18 04:00:00+00:00,ZEC,BYBIT:ZECUSDT.P,4h,1483.24,-0.022750482615943146,-0.02472189367038813,0.1276866182424319,1.264481709147948,NEUTRAL,20.8,29.5,0.0,100.0
ENTRY,2026-09-18 00:00:00+00:00,ADA,BYBIT:ADAUSDT.P,1d,0.2244,0.10760118460019741,-0.012552367986368718,0.47446809898289494,1.3440821180140146,EXTREME,72.9,29.7,9.7,0.0
ENTRY,2026-09-18 00:00:00+00:00,APT,BYBIT:APTUSDT.P,1d,0.7303,0.2222594142259413,-0.007336865091550626,4.835935152638556,4.0522480382772255,EXTREME,100.0,65.3,0.0,53.8
ENTRY,2026-09-18 00:00:00+00:00,ARB,BINANCE:ARBUSDT.P,4h,0.22628,0.2771913980922278,-0.021323750854743584,1.642828897480658,3.0195056548932544,NEGATIVE,100.0,77.6,0.0,1.8
ENTRY,2026-09-18 00:00:00+00:00,ATOM,BINANCE:ATOMUSDT.P,4h,1.62,0.028571428571428692,0.002583369211875741,0.2015347504326318,1.7424044652930653,NEGATIVE,50.7,22.0,20.5,29.7
ENTRY,2026-09-18 00:00:00+00:00,AVAX,BYBIT:AVAXUSDT.P,4h,7.943,0.0441698435651372,0.013800959817050318,0.766670011145271,2.0376768944507546,EXTREME,100.0,52.9,7.5,21.4
ENTRY,2026-09-18 00:00:00+00:00,AVAX,BYBIT:AVAXUSDT.P,1d,8.201,0.07808597344551083,0.07000667804633243,0.5763649794572171,1.5417701785034685,EXTREME,99.7,32.3,9.5,68.2
ENTRY,2026-09-18 00:00:00+00:00,BNB,BYBIT:BNBUSDT.P,4h,751.0,0.017477306598021825,-0.010966603427647215,1.1966622521512014,2.7531671205878707,EXTREME,66.3,26.0,14.5,32.2
ENTRY,2026-09-18 00:00:00+00:00,HYPE,BYBIT:HYPEUSDT.P,4h,86.92,0.021266596169662755,0.0032549452861139194,0.49516032976904695,1.6438531338321112,EXTREME,62.6,26.3,17.8,17.4
ENTRY,2026-09-18 00:00:00+00:00,LTC,BYBIT:LTCUSDT.P,4h,54.69,0.014468558708959467,-0.0027546087452765544,-0.3379996357121097,0.9369047152432094,EXTREME,49.9,17.3,15.1,34.2
ENTRY,2026-09-18 00:00:00+00:00,MANA,OKX:MANAUSDT.P,4h,0.07651,0.02725563909774431,0.005890871436511125,0.3534595925111498,1.557278090677713,EXTREME,76.1,31.0,10.6,35.0
ENTRY,2026-09-18 00:00:00+00:00,ONDO,BINANCE:ONDOUSDT.P,4h,0.3889,0.04430719656283566,-0.0010812729968810997,1.8461033185364646,2.8178611670266474,EXTREME,54.8,40.2,0.0,21.2
ENTRY,2026-09-18 00:00:00+00:00,OP,BYBIT:OPUSDT.P,4h,0.11243,0.11438200019823586,-0.0033727524770467143,1.9329244936876881,2.588181667363298,EXTREME,100.0,69.2,0.0,0.0
ENTRY,2026-09-18 00:00:00+00:00,OP,BYBIT:OPUSDT.P,1d,0.12045,0.19387451680047585,0.054616608913061526,2.691721921693032,2.438974359415062,EXTREME,100.0,64.0,8.4,0.0
ENTRY,2026-09-18 00:00:00+00:00,POL,BYBIT:POLUSDT.P,4h,0.10027,0.02420837589376923,-0.008052238454162475,0.16097543596029734,1.7035735839646502,EXTREME,46.1,19.7,0.0,31.9
ENTRY,2026-09-18 00:00:00+00:00,POL,BYBIT:POLUSDT.P,1d,0.10709,0.09387129724208387,0.03421939123778306,0.8490271132455172,2.2167307404553216,EXTREME,86.5,52.3,0.0,0.0
ENTRY,2026-09-18 00:00:00+00:00,SUI,BYBIT:SUIUSDT.P,4h,0.7883,0.0638326585695006,0.01257212946582209,0.997259491493613,1.6563297616709696,EXTREME,100.0,50.3,4.7,0.0
ENTRY,2026-09-18 00:00:00+00:00,TAO,BINANCE:TAOUSDT.P,4h,239.9,0.032449647099328516,-0.0038605305311123495,-0.09021333888729514,1.1886445641277625,EXTREME,51.4,18.2,10.1,3.4
ENTRY,2026-09-18 00:00:00+00:00,THETA,BYBIT:THETAUSDT.P,1d,0.2088,0.11419423692636066,0.10388441850595531,1.3747123464113908,3.2394477131721215,EXTREME,100.0,64.2,8.1,100.0
ENTRY,2026-09-18 00:00:00+00:00,UNI,BYBIT:UNIUSDT.P,4h,8.624,0.10734463276836159,0.01781186053792272,2.395619723332254,3.355093473370845,EXTREME,90.0,72.5,0.0,100.0
ENTRY,2026-09-18 00:00:00+00:00,UNI,BYBIT:UNIUSDT.P,1d,8.86,0.13764766307139187,0.10906520693308064,2.8748418385341488,3.546043996687339,EXTREME,100.0,76.4,0.0,53.9
ENTRY,2026-09-18 00:00:00+00:00,VIRTUAL,BINANCE:VIRTUALUSDT.P,4h,0.6412,0.04685714285714271,0.012867107216707252,0.18174953777506025,1.411248419892499,EXTREME,100.0,32.9,5.8,0.0
HOT_PRE_ENTRY,2026-09-18 00:00:00+00:00,APT,BYBIT:APTUSDT.P,4h,0.6772,0.133389121338912,0.007640612631585109,3.364665984600972,3.849711272632677,EXTREME,100.0,74.4,15.3,0.0
HOT_PRE_ENTRY,2026-09-18 00:00:00+00:00,S,BINANCE:SUSDT.P,4h,0.02913,0.08048961424332335,-0.0015790011378696844,2.56614752122487,3.1012047399089324,EXTREME,100.0,55.5,6.6,0.0
HOT_PRE_ENTRY,2026-09-18 00:00:00+00:00,INJ,BINANCE:INJUSDT.P,1d,6.677,0.16730769230769238,-0.031803153277733864,2.347349000542681,2.419775009082513,NEUTRAL,89.5,62.6,10.5,0.0
HOT_PRE_ENTRY,2026-09-18 00:00:00+00:00,NEAR,BINANCE:NEARUSD.P,4h,3.495,0.11341191462249145,0.0,3.7791144244609813,3.4090739616290096,EXTREME,100.0,70.3,0.0,0.0
OI_SURGE,2026-09-18 00:00:00+00:00,ATOM,BINANCE:ATOMUSDT.P,1d,1.719,0.09142857142857141,0.0053464197029640115,1.6869694453627708,2.2565432263892,NEGATIVE,79.2,30.2,11.0,0.0
OI_SURGE,2026-09-18 00:00:00+00:00,ONDO,BINANCE:ONDOUSDT.P,1d,0.3987,0.07062298603651995,0.042809561259423035,2.114671171350038,2.3693820704974815,EXTREME,68.0,45.4,4.1,0.0
OI_SURGE,2026-09-18 00:00:00+00:00,ZEC,BYBIT:ZECUSDT.P,1d,1561.44,0.06463753886434298,0.08536784715985557,1.47526093876671,2.1722178983843907,NEUTRAL,36.0,47.6,0.0,0.0
PRE_ENTRY,2026-09-18 00:00:00+00:00,AAVE,BYBIT:AAVEUSDT.P,4h,134.74,0.048641917658961864,-0.006879334198273135,1.0039985122519552,1.6928645757128293,NEUTRAL,90.4,44.0,0.0,0.0
PRE_ENTRY,2026-09-18 00:00:00+00:00,ETC,BINANCE:ETCUSDT.P,4h,7.867,0.048094857447375405,-0.004350912892802206,0.5859933329451961,1.9647698898027441,NEUTRAL,82.6,30.6,8.4,0.6
PRE_ENTRY,2026-09-18 00:00:00+00:00,SAND,BYBIT:SANDUSDT.P,4h,0.03741,0.01795918367346938,0.012761154040787703,0.9203693607070266,2.1514599159552055,NEGATIVE,71.7,24.4,0.0,0.0
PRE_ENTRY,2026-09-18 00:00:00+00:00,SOL,BINANCE:SOLUSD.P,1d,112.65,0.10985221674876855,0.0,1.2719242869403697,2.379872041788801,NEUTRAL,94.7,59.9,0.0,0.0
VOLUME_SURGE,2026-09-18 00:00:00+00:00,ARB,BINANCE:ARBUSDT.P,1d,0.22117,0.24834904329175367,-0.030839044273667016,2.6472535731630376,8.417586456340329,NEGATIVE,100.0,65.2,0.4,0.0
VOLUME_SURGE,2026-09-18 00:00:00+00:00,S,BINANCE:SUSDT.P,1d,0.03236,0.2002967359050445,-0.006947554480922102,1.249827429196886,6.52929076695005,EXTREME,100.0,39.0,7.1,0.0
VOLUME_SURGE,2026-09-18 00:00:00+00:00,NEAR,BINANCE:NEARUSD.P,1d,3.758,0.19719655941382608,0.0,5.347222317817022,4.7210748854545725,EXTREME,88.4,74.0,0.0,0.0
WHALE_ACCUM,2026-09-18 00:00:00+00:00,BNB,BYBIT:BNBUSDT.P,1d,760.8,0.030754640292643076,0.015739128019715887,1.492447370047425,1.9313527562310753,EXTREME,61.0,41.2,8.6,91.8
WHALE_ACCUM,2026-09-18 00:00:00+00:00,BTC,BYBIT:BTCUSDT.P,1d,80870.4,0.05871956703597947,-0.004733383356939624,0.942304207950461,1.5326526479294666,NEUTRAL,73.3,39.5,13.8,100.0
WHALE_ACCUM,2026-09-18 00:00:00+00:00,DOT,BYBIT:DOTUSDT.P,1d,1.1336,0.051089476124246636,-0.023552052616698793,0.655849396941223,1.3962031170074296,EXTREME,51.1,20.4,0.0,100.0
WHALE_ACCUM,2026-09-18 00:00:00+00:00,FIL,BITGET:FILUSDT.P,1d,0.9433,0.12230814991076744,-0.04017574850699723,0.5461512523203987,1.7863653934660109,NEUTRAL,76.5,39.0,0.0,100.0
WHALE_ACCUM,2026-09-18 00:00:00+00:00,HBAR,BYBIT:HBARUSDT.P,4h,0.07731,0.03785743052758761,-0.004489828335233259,0.7075257139801648,1.6766658960546514,NEUTRAL,54.7,29.0,43.2,100.0
WHALE_ACCUM,2026-09-18 00:00:00+00:00,HBAR,BYBIT:HBARUSDT.P,1d,0.07917,0.06282722513089012,0.05313826532792176,1.7739176443723854,2.158794602183029,NEUTRAL,91.9,37.9,5.5,100.0
WHALE_ACCUM,2026-09-18 00:00:00+00:00,LTC,BYBIT:LTCUSDT.P,1d,58.14,0.07846410684474137,-0.0031547982940512975,0.6607171538950012,1.5422812070706156,EXTREME,46.9,45.2,8.7,76.6
WHALE_ACCUM,2026-09-18 00:00:00+00:00,MANA,OKX:MANAUSDT.P,1d,0.07869,0.056525241675617455,0.031275725773892926,-0.3042888954163344,0.9731328950078286,EXTREME,56.5,20.0,10.9,100.0
WHALE_ACCUM,2026-09-18 00:00:00+00:00,SUI,BYBIT:SUIUSDT.P,1d,0.8141,0.09865047233468283,0.03813780704140601,1.556346228027819,2.243891160250339,EXTREME,94.5,38.7,6.9,100.0
WHALE_ACCUM,2026-09-18 00:00:00+00:00,THETA,BYBIT:THETAUSDT.P,4h,0.1965,0.048559231590181495,0.006557722670780919,0.3701096823478431,3.008742224755401,EXTREME,65.7,37.1,7.4,100.0
WHALE_ACCUM,2026-09-18 00:00:00+00:00,ZEC,BYBIT:ZECUSDT.P,4h,1517.77,0.034861997490863494,-0.021404460839182793,0.09522104254493807,1.2474668803819022,NEUTRAL,14.9,36.5,0.0,100.0
ENTRY,2026-09-17 20:00:00+00:00,HYPE,BYBIT:HYPEUSDT.P,4h,85.11,0.022833794015142406,-0.02355391285112851,0.0495673279843639,1.3142796701560489,EXTREME,57.5,21.4,8.6,0.0
OI_SURGE,2026-09-17 20:00:00+00:00,ONDO,BINANCE:ONDOUSDT.P,4h,0.3724,-0.005076142131979711,-0.0201440131567453,-0.18499858758872345,1.0729778131122203,EXTREME,0.0,8.3,8.5,20.4
OI_SURGE,2026-09-17 20:00:00+00:00,OP,BYBIT:OPUSDT.P,4h,0.10089,-0.0025704399406822898,0.011225306890424891,-0.603154756185783,0.7184221931736298,EXTREME,27.4,7.0,16.8,0.0
OI_SURGE,2026-09-17 20:00:00+00:00,POL,BYBIT:POLUSDT.P,4h,0.0979,0.001739486339916052,0.06282217307079807,-0.4262009351389738,0.9783156923164709,NEGATIVE,86.8,31.0,31.2,43.9
PRE_ENTRY,2026-09-17 20:00:00+00:00,AVAX,BYBIT:AVAXUSDT.P,4h,7.607,0.003032700421941037,0.011858896593454293,-0.29449407959372714,0.9489849545814073,NEUTRAL,38.2,11.8,11.0,9.0
PRE_ENTRY,2026-09-17 20:00:00+00:00,LTC,BYBIT:LTCUSDT.P,4h,53.91,0.0013001485884098773,0.02910047297073648,-0.7365287594802246,0.5667535504775344,NEGATIVE,61.7,24.6,25.8,41.1
PRE_ENTRY,2026-09-17 20:00:00+00:00,MANA,OKX:MANAUSDT.P,4h,0.07448,0.008940666486047188,0.024196688742541328,-0.7144643617480394,0.6108141900556379,EXTREME,66.7,27.1,7.5,34.4
PRE_ENTRY,2026-09-17 20:00:00+00:00,TAO,BINANCE:TAOUSDT.P,4h,232.36,0.008638277553500995,0.01948088627332001,-0.34105467378823157,0.9903517842934402,NEUTRAL,62.4,23.9,11.7,1.2
VOLUME_SURGE,2026-09-17 20:00:00+00:00,BCH,BINANCE:BCHUSD.P,4h,233.61,0.010249091852620573,0.0,-0.28951348809841826,1.0583493282149712,EXTREME,32.0,5.3,8.8,2.0
WHALE_ACCUM,2026-09-17 20:00:00+00:00,UNI,BYBIT:UNIUSDT.P,4h,7.788,0.021109217254490664,0.029568530122219716,0.5973327544053455,1.8169919656478732,NEGATIVE,35.0,49.5,1.9,100.0
WHALE_ACCUM,2026-09-17 20:00:00+00:00,ZEC,BYBIT:ZECUSDT.P,4h,1466.64,-0.01635781976217776,0.0324118586967761,-0.14501499680888225,1.0684667694882877,NEGATIVE,8.4,33.0,15.7,100.0
ENTRY,2026-09-17 16:00:00+00:00,UNI,BYBIT:UNIUSDT.P,4h,7.627,0.07120786516853927,0.02363443171125912,1.5984102860406715,2.677184763745918,NEGATIVE,100.0,59.5,2.2,100.0
OI_SURGE,2026-09-17 16:00:00+00:00,ARB,BINANCE:ARBUSDT.P,4h,0.1754,0.02651138292268973,0.02410265480984375,0.1301832583810369,1.4503283735086545,NEGATIVE,56.4,37.6,13.9,28.0
OI_SURGE,2026-09-17 16:00:00+00:00,ONDO,BINANCE:ONDOUSDT.P,4h,0.3743,0.0037543577366585534,0.08910206831064604,0.7093769857484072,1.8791939431888145,EXTREME,77.3,55.1,9.1,30.7
OI_SURGE,2026-09-17 16:00:00+00:00,OP,BYBIT:OPUSDT.P,4h,0.10115,0.013730206454199312,0.03572160866701446,0.3672159009232535,1.4487900139680518,EXTREME,57.2,20.8,11.5,0.0
OI_SURGE,2026-09-17 16:00:00+00:00,THETA,BYBIT:THETAUSDT.P,4h,0.1862,0.0021528525296017342,0.007005244576289593,-0.2329595004903773,1.1508045320026625,NEUTRAL,22.9,8.3,20.9,0.0
PRE_ENTRY,2026-09-17 16:00:00+00:00,ATOM,BINANCE:ATOMUSDT.P,4h,1.558,0.0019292604501608412,0.019828049380593127,-0.025124663466327357,1.4264239614080165,NEGATIVE,43.1,10.5,10.4,34.7
PRE_ENTRY,2026-09-17 16:00:00+00:00,BNB,BYBIT:BNBUSDT.P,4h,732.2,0.006598845202089754,0.01480771141127013,-0.4067522796251872,0.9633833953662234,NEGATIVE,47.7,21.2,14.6,1.7
PRE_ENTRY,2026-09-17 16:00:00+00:00,HYPE,BYBIT:HYPEUSDT.P,4h,83.21,0.007750999152234428,0.022788628840758607,0.28820317629126707,1.4962735389839341,EXTREME,62.2,25.0,10.3,16.3
VOLUME_SURGE,2026-09-17 16:00:00+00:00,BCH,BINANCE:BCHUSD.P,4h,231.24,-0.005419354838709589,0.0,-0.4263935111951262,0.7839411388355726,EXTREME,20.0,0.0,5.4,11.0
WHALE_ACCUM,2026-09-17 16:00:00+00:00,ZEC,BYBIT:ZECUSDT.P,4h,1491.03,0.0066840857993557545,0.0638975473049026,1.467526373758792,2.3615088769735424,NEGATIVE,36.4,47.3,16.0,100.0
ENTRY,2026-09-17 12:00:00+00:00,LTC,BYBIT:LTCUSDT.P,4h,53.68,0.015704824976348064,0.004034325460484212,0.42503178290993054,1.6501823233200208,NEGATIVE,51.8,20.6,26.4,45.3
ENTRY,2026-09-17 12:00:00+00:00,THETA,BYBIT:THETAUSDT.P,4h,0.1858,0.022002200220021972,0.009396209593478977,-0.026192167548069394,1.839684756250709,NEGATIVE,41.9,20.5,23.0,0.0
HOT_PRE_ENTRY,2026-09-17 12:00:00+00:00,HYPE,BYBIT:HYPEUSDT.P,4h,82.57,0.03445251816587325,0.004972365477486029,4.342690026051677,4.350618888232244,NEUTRAL,100.0,46.0,9.5,0.0
OI_SURGE,2026-09-17 12:00:00+00:00,AVAX,BYBIT:AVAXUSDT.P,4h,7.599,0.005291705252017387,0.02479386966466346,0.13925284804860272,1.3958648769825563,EXTREME,59.4,21.3,10.9,8.7
PRE_ENTRY,2026-09-17 12:00:00+00:00,SAND,BYBIT:SANDUSDT.P,4h,0.03501,0.01507683386488834,0.01848585930288471,-0.3440210670877729,0.9799939747072938,NEGATIVE,61.6,22.2,9.3,0.0
VOLUME_SURGE,2026-09-17 12:00:00+00:00,BCH,BINANCE:BCHUSD.P,4h,232.5,0.04017537580529695,0.0,4.056661360165648,9.134929164631167,EXTREME,99.7,37.1,15.3,1.7
VOLUME_SURGE,2026-09-17 12:00:00+00:00,ONDO,BINANCE:ONDOUSDT.P,4h,0.3729,0.06512425021422441,-0.003467752832480353,11.281810278931873,8.025963026104556,EXTREME,100.0,61.5,8.7,0.0
WHALE_ACCUM,2026-09-17 12:00:00+00:00,HBAR,BYBIT:HBARUSDT.P,4h,0.07634,0.02621320069901878,0.013289746904618482,1.0804293848521076,2.008668227866503,NEGATIVE,52.2,31.3,45.8,100.0
WHALE_ACCUM,2026-09-17 12:00:00+00:00,UNI,BYBIT:UNIUSDT.P,4h,7.12,0.03684287170525713,0.012206472313524452,2.9499988738056633,3.7829112811172876,NEUTRAL,79.0,55.4,10.0,91.4
WHALE_ACCUM,2026-09-17 12:00:00+00:00,ZEC,BYBIT:ZECUSDT.P,4h,1481.13,0.0839968968646625,0.002075085685466327,2.7706734034313225,3.4084878654337163,NEUTRAL,62.6,61.1,0.0,100.0
OI_SURGE,2026-09-17 08:00:00+00:00,ETC,BINANCE:ETCUSDT.P,4h,7.35,-0.008231007961138848,0.005274689797089449,-0.019507921011507817,1.3286944058487096,EXTREME,24.3,5.9,6.8,0.0
OI_SURGE,2026-09-17 08:00:00+00:00,THETA,BYBIT:THETAUSDT.P,4h,0.1818,0.010000000000000009,0.03607654483525935,-0.37598240122810095,0.7154971628864859,NEGATIVE,44.7,15.6,36.8,0.0
PRE_ENTRY,2026-09-17 08:00:00+00:00,ARB,BINANCE:ARBUSDT.P,4h,0.16595,0.0069170560038831486,0.02152815228944327,-0.6176090655660751,0.6211454166921397,NEGATIVE,37.3,36.6,10.4,24.7
WHALE_ACCUM,2026-09-17 08:00:00+00:00,ZEC,BYBIT:ZECUSDT.P,4h,1366.36,-0.003188082262736036,-0.012467855084798973,0.5549314464145649,1.6522293480020258,NEUTRAL,0.0,27.2,0.0,100.0
OI_SURGE,2026-09-17 04:00:00+00:00,ETC,BINANCE:ETCUSDT.P,4h,7.411,-0.000539447066756682,0.02779057036689503,0.07248953236482283,1.4887394318780394,EXTREME,45.0,15.2,8.2,0.8
PRE_ENTRY,2026-09-17 04:00:00+00:00,RUNE,BINANCE:RUNEUSDT.P,4h,0.4998,0.0036144578313253017,0.022307279570225935,-0.5314827642964426,0.4383866376776023,EXTREME,40.7,18.1,9.1,0.0
PRE_ENTRY,2026-09-17 04:00:00+00:00,UNI,BYBIT:UNIUSDT.P,4h,6.801,0.003097345132743401,0.017657451233569654,-0.6291731306010384,0.7433477037335565,NEUTRAL,40.8,34.1,15.6,41.5
PRE_ENTRY,2026-09-17 04:00:00+00:00,VIRTUAL,BINANCE:VIRTUALUSDT.P,4h,0.6035,0.0014935280451378041,0.010210740598326273,-0.7501731602790962,0.7273833819986816,NEUTRAL,42.9,10.0,7.5,0.0
WHALE_ACCUM,2026-09-17 04:00:00+00:00,HBAR,BYBIT:HBARUSDT.P,4h,0.07378,-0.007532956685499137,0.034908863215181496,0.7340841073705745,1.7385480699391898,NEUTRAL,28.5,17.8,32.6,92.2
WHALE_ACCUM,2026-09-17 04:00:00+00:00,ZEC,BYBIT:ZECUSDT.P,4h,1370.73,-0.005852915578764106,0.020397585925284067,-0.15493024482492176,1.0948355646176096,NEGATIVE,2.2,30.3,24.8,100.0
ENTRY,2026-09-17 00:00:00+00:00,AAVE,BYBIT:AAVEUSDT.P,4h,121.61,0.017912446639323676,-0.012918339197687367,0.11613912217626872,1.2090096942934687,NEUTRAL,48.4,11.4,6.3,0.0
ENTRY,2026-09-17 00:00:00+00:00,ZEC,BYBIT:ZECUSDT.P,1d,1466.64,0.09706181557058224,0.30411414836648376,2.055878278058776,2.5937089827758064,NEGATIVE,100.0,71.5,2.6,0.0
OI_SURGE,2026-09-17 00:00:00+00:00,ADA,BYBIT:ADAUSDT.P,1d,0.2026,0.032619775739041845,0.07525631620255879,-0.7470594093085025,0.7341532629793879,EXTREME,63.0,22.8,6.2,21.7
OI_SURGE,2026-09-17 00:00:00+00:00,ARB,BINANCE:ARBUSDT.P,1d,0.17717,0.05452056425212781,-0.04043731730582589,0.9480915967821957,4.2064141129189965,NEGATIVE,36.9,37.7,4.8,0.0
OI_SURGE,2026-09-17 00:00:00+00:00,ATOM,BINANCE:ATOMUSDT.P,1d,1.575,0.03686635944700467,0.013879293369326806,0.19661830937710917,1.2716344785899425,NEUTRAL,38.9,12.6,10.8,0.0
OI_SURGE,2026-09-17 00:00:00+00:00,HBAR,BYBIT:HBARUSDT.P,1d,0.07449,0.008939455505891925,0.03656343806179563,0.8815123098441505,1.640906617112808,NEUTRAL,44.3,11.8,16.7,0.0
OI_SURGE,2026-09-17 00:00:00+00:00,LTC,BYBIT:LTCUSDT.P,4h,52.22,0.011035818005808329,0.01596136127972292,-0.5386342259544257,0.7374766526397617,EXTREME,59.9,20.9,8.6,0.0
OI_SURGE,2026-09-17 00:00:00+00:00,LTC,BYBIT:LTCUSDT.P,1d,53.91,0.04375605033881902,0.05434157104501569,-0.385592798247759,0.8860849197085774,EXTREME,79.3,33.0,11.9,0.0
OI_SURGE,2026-09-17 00:00:00+00:00,ONDO,BINANCE:ONDOUSDT.P,4h,0.3504,0.008635578583765069,0.011086956641674472,1.1834139904484486,1.889501986498326,EXTREME,20.9,19.2,10.2,9.0
OI_SURGE,2026-09-17 00:00:00+00:00,THETA,BYBIT:THETAUSDT.P,4h,0.1785,-0.012721238938053103,0.016185397424361536,-0.2058482364319115,1.391635647447386,EXTREME,26.9,6.1,24.4,0.0
OI_SURGE,2026-09-17 00:00:00+00:00,XLM,BINANCE:XLMUSDT.P,1d,0.18333,-0.003153716491762215,-0.0771373223176346,-0.34837965675328303,0.9550935950282778,EXTREME,20.0,8.2,14.1,0.0
PRE_ENTRY,2026-09-17 00:00:00+00:00,ETC,BINANCE:ETCUSDT.P,4h,7.415,0.005832881172002091,0.02946661946790119,-0.13682535529066533,1.2754968856409128,EXTREME,58.8,18.6,8.3,0.0
PRE_ENTRY,2026-09-17 00:00:00+00:00,UNI,BYBIT:UNIUSDT.P,1d,7.788,0.16204118173679505,0.0341867890793397,1.3641756659326045,2.3593803971925276,NEUTRAL,99.1,62.0,0.0,0.0
WHALE_ACCUM,2026-09-17 00:00:00+00:00,BNB,BYBIT:BNBUSDT.P,1d,738.1,0.017367332873880148,0.0051197831748190925,-0.09428972302389389,1.0762111372109044,NEUTRAL,34.9,28.2,4.7,92.3
WHALE_ACCUM,2026-09-17 00:00:00+00:00,BTC,BYBIT:BTCUSDT.P,1d,76385.1,0.0028252629975884513,-0.012503059060256727,-0.41550542544125235,0.83640730344257,NEUTRAL,20.6,8.9,38.3,100.0
WHALE_ACCUM,2026-09-17 00:00:00+00:00,DOT,BYBIT:DOTUSDT.P,1d,1.0785,0.05891016200294552,-0.010923501954191672,0.7442990003876798,1.438619263083217,EXTREME,19.6,14.0,9.8,82.2
WHALE_ACCUM,2026-09-17 00:00:00+00:00,FIL,BITGET:FILUSDT.P,1d,0.8405,0.0426746061282719,-0.08327324238486111,0.06671348432041667,1.3303771132513298,NEGATIVE,36.7,7.4,12.3,100.0
WHALE_ACCUM,2026-09-17 00:00:00+00:00,MANA,OKX:MANAUSDT.P,1d,0.07448,0.015682531024137525,0.008977979595885532,-0.5522706511509119,0.5783672081183281,EXTREME,28.6,7.8,27.3,100.0
WHALE_ACCUM,2026-09-17 00:00:00+00:00,THETA,BYBIT:THETAUSDT.P,1d,0.1874,0.036504424778761146,0.062434228977403805,-0.04370213467492683,1.2712249498528962,EXTREME,48.7,27.0,7.9,100.0
WHALE_ACCUM,2026-09-17 00:00:00+00:00,ZEC,BYBIT:ZECUSDT.P,4h,1378.8,0.03135659146669845,0.007517110457274212,0.12873635166483915,1.3389664797040512,NEGATIVE,11.1,34.4,30.6,100.0
ENTRY,2026-09-16 20:00:00+00:00,AAVE,BYBIT:AAVEUSDT.P,4h,119.47,0.02487775585485119,0.003053744458691776,0.29189598229578106,1.3553080154134225,NEGATIVE,58.5,17.2,12.5,0.0
ENTRY,2026-09-16 20:00:00+00:00,LTC,BYBIT:LTCUSDT.P,4h,51.65,0.015732546705997885,-0.0054213034301465735,-0.22191123362526577,1.0393669535881727,EXTREME,45.2,13.5,6.7,0.0
ENTRY,2026-09-16 20:00:00+00:00,POL,BYBIT:POLUSDT.P,4h,0.09664,0.04826987742705291,-0.014560229249584333,-0.3844993919614462,0.9896008219259423,EXTREME,77.3,27.6,13.6,6.7
ENTRY,2026-09-16 20:00:00+00:00,RENDER,BYBIT:RENDERUSDT.P,4h,1.364,0.030990173847316838,0.003931987795399161,-0.4944370882477409,0.8816815092771751,EXTREME,62.8,18.7,10.6,0.0
ENTRY,2026-09-16 20:00:00+00:00,THETA,BYBIT:THETAUSDT.P,4h,0.1808,0.03669724770642202,-0.011201491929026974,-0.2107555127642077,1.384532600949883,EXTREME,52.7,22.9,9.1,0.0
OI_SURGE,2026-09-16 20:00:00+00:00,ONDO,BINANCE:ONDOUSDT.P,4h,0.3474,0.02781065088757395,0.02167051014323107,0.44952521427060804,1.4464743854202284,EXTREME,53.1,32.2,9.2,10.3
PRE_ENTRY,2026-09-16 20:00:00+00:00,ETH,BYBIT:ETHUSDT.P,4h,2417.53,0.004257917649795662,0.01873675449653578,-0.09567194596858695,1.1794944520847905,NEUTRAL,43.3,12.1,7.8,0.0
VOLUME_SURGE,2026-09-16 20:00:00+00:00,XLM,BINANCE:XLMUSDT.P,4h,0.18391,0.018440580352198532,-0.04631466007866625,0.6026741058290577,1.887441900346481,NEGATIVE,42.7,17.0,15.7,25.1
WHALE_ACCUM,2026-09-16 20:00:00+00:00,ZEC,BYBIT:ZECUSDT.P,4h,1336.88,0.03624469041639555,0.058042948770033354,0.38270533264241424,1.5587033888466835,NEUTRAL,45.8,50.0,1.2,100.0
ENTRY,2026-09-16 16:00:00+00:00,HBAR,BYBIT:HBARUSDT.P,4h,0.0735,0.020691570615192223,0.022558649778485096,1.0019723765287587,1.9372682947773943,NEGATIVE,79.1,27.2,35.1,0.0
ENTRY,2026-09-16 16:00:00+00:00,ONDO,BINANCE:ONDOUSDT.P,4h,0.338,0.032376298106292056,0.0521378456558681,2.6182174299299024,2.7107319414850455,NEUTRAL,100.0,61.6,6.6,1.0
ENTRY,2026-09-16 16:00:00+00:00,RENDER,BYBIT:RENDERUSDT.P,4h,1.323,0.027972027972027913,-0.02798969277507357,0.5736136567222785,1.8021786900382457,EXTREME,58.9,17.8,7.5,0.0
HOT_PRE_ENTRY,2026-09-16 16:00:00+00:00,XLM,BINANCE:XLMUSDT.P,4h,0.18058,0.04273010740270222,0.01606698915724536,2.6860862664924943,3.8788101439096105,NEGATIVE,98.2,35.8,33.8,40.0
HOT_PRE_ENTRY,2026-09-16 16:00:00+00:00,XRP,BYBIT:XRPUSDT.P,4h,1.3,0.027261951797708406,2.4072972577560137e-05,2.222504598973983,3.2795541943442688,NEUTRAL,35.1,22.8,3.8,0.0
OI_SURGE,2026-09-16 16:00:00+00:00,ADA,BYBIT:ADAUSDT.P,4h,0.1944,0.017801047120418856,0.018127785219641757,2.1511887695144964,2.610028061783998,NEGATIVE,68.0,28.0,15.8,0.0
OI_SURGE,2026-09-16 16:00:00+00:00,LTC,BYBIT:LTCUSDT.P,4h,50.85,0.008928571428571397,0.04086872240569672,0.09096445718976663,1.3324089003547244,EXTREME,99.2,35.7,3.9,0.0
OI_SURGE,2026-09-16 16:00:00+00:00,THETA,BYBIT:THETAUSDT.P,4h,0.1744,0.010428736964078755,0.0592276948262791,0.007573077348502043,2.1701985671355306,EXTREME,57.3,21.3,5.0,0.0
VOLUME_SURGE,2026-09-16 16:00:00+00:00,POL,BYBIT:POLUSDT.P,4h,0.09219,0.008974499288606719,-0.05477265248837493,1.0845310904562133,2.711304737997937,EXTREME,36.5,12.7,5.0,0.0
WHALE_ACCUM,2026-09-16 16:00:00+00:00,ZEC,BYBIT:ZECUSDT.P,4h,1290.12,0.03457069309789018,0.057063568924708985,4.672299148996727,4.690730086311415,NEUTRAL,75.0,66.9,10.7,100.0
OI_SURGE,2026-09-16 12:00:00+00:00,ADA,BYBIT:ADAUSDT.P,4h,0.191,-0.019003595274781793,0.013281429854700377,0.6276296995618738,1.605313225395184,NEGATIVE,36.2,8.0,27.3,0.0
OI_SURGE,2026-09-16 12:00:00+00:00,POL,BYBIT:POLUSDT.P,4h,0.09137,-0.035367398648648574,0.05631162199429851,0.4842153319998993,1.9993394040797485,NEGATIVE,88.5,34.7,32.4,0.0
WHALE_ACCUM,2026-09-16 12:00:00+00:00,BTC,BYBIT:BTCUSDT.P,4h,75753.0,-0.005953544767061114,0.004713195230043432,0.4646923955919901,1.71920405429891,NEUTRAL,26.7,3.8,38.6,84.5
WHALE_ACCUM,2026-09-16 12:00:00+00:00,ZEC,BYBIT:ZECUSDT.P,4h,1247.01,0.014159076122316261,0.056481355090410634,1.1430612243574216,2.063837247544567,NEUTRAL,46.3,47.7,12.8,91.1
ENTRY,2026-09-16 08:00:00+00:00,ARB,BINANCE:ARBUSDT.P,4h,0.16405,0.062224812224812354,-0.03495649969177994,0.29460146776549995,1.9506119943042646,NEGATIVE,51.1,35.5,20.6,13.2
ENTRY,2026-09-16 08:00:00+00:00,ETH,BYBIT:ETHUSDT.P,4h,2421.26,0.010930741353107232,0.007764224659216001,0.047808739295173486,1.3241954909541769,NEGATIVE,44.7,13.3,28.1,0.0
ENTRY,2026-09-16 08:00:00+00:00,HYPE,BYBIT:HYPEUSDT.P,4h,79.31,0.022563176895306958,0.005065675678374459,0.9129680110467651,1.9488516774265676,NEUTRAL,62.9,22.4,13.8,0.0
ENTRY,2026-09-16 08:00:00+00:00,ZEC,BYBIT:ZECUSDT.P,4h,1229.6,0.04259937593270924,0.07007129390201627,0.1039497705571097,1.2932676893213932,NEUTRAL,97.2,55.4,8.4,31.0
PRE_ENTRY,2026-09-16 08:00:00+00:00,TAO,BINANCE:TAOUSDT.P,4h,218.85,0.014180453218406885,0.010915485321398855,-0.19163455196967658,1.1222894245354533,EXTREME,54.3,15.0,14.9,0.0
WHALE_ACCUM,2026-09-16 08:00:00+00:00,BTC,BYBIT:BTCUSDT.P,4h,76206.7,0.006430286398009466,0.0017432966739847622,-0.1034011709846149,1.1383833680774509,NEUTRAL,36.3,8.0,24.7,74.8
WHALE_ACCUM,2026-09-16 08:00:00+00:00,FIL,BITGET:FILUSDT.P,4h,0.8051,-0.004820766378244801,-0.011125122801812548,-0.4460853914994984,0.8414872808231135,NEGATIVE,20.0,6.4,33.9,100.0
PRE_ENTRY,2026-09-16 04:00:00+00:00,ARB,BINANCE:ARBUSDT.P,4h,0.15444,0.012721311475409891,0.02341906897961077,0.5247259555517537,2.472916605428599,NEGATIVE,43.6,36.1,6.3,30.1
PRE_ENTRY,2026-09-16 04:00:00+00:00,ZEC,BYBIT:ZECUSDT.P,4h,1179.36,0.04265721282633872,0.0237271539788253,0.12830221662917965,1.3134421197045767,NEUTRAL,61.5,43.3,10.2,0.0
WHALE_ACCUM,2026-09-16 04:00:00+00:00,FIL,BITGET:FILUSDT.P,4h,0.809,-0.006752608962553697,-0.014768963331641016,-0.27420017428716575,1.178940681003103,NEGATIVE,20.0,7.1,24.1,100.0
ENTRY,2026-09-16 00:00:00+00:00,XRP,BYBIT:XRPUSDT.P,4h,1.2968,0.011071261500077867,0.019339720047022224,0.1418285073250699,1.4534982462855486,NEUTRAL,54.4,15.3,3.4,0.0
OI_SURGE,2026-09-16 00:00:00+00:00,ARB,BINANCE:ARBUSDT.P,4h,0.1525,0.005737650860647703,0.006458840914128627,1.1859182415608553e-05,1.703330253815162,NEUTRAL,26.0,27.6,20.1,17.3
OI_SURGE,2026-09-16 00:00:00+00:00,ARB,BINANCE:ARBUSDT.P,1d,0.16801,0.10802611620391755,0.10024182184885988,2.4907829258142877,7.736677357470237,NEUTRAL,59.9,49.9,0.0,0.0
OI_SURGE,2026-09-16 00:00:00+00:00,ATOM,BINANCE:ATOMUSDT.P,4h,1.5,-0.011206328279498967,0.014005543099662177,-0.3046418118287194,1.0309150563134863,NEUTRAL,3.8,6.1,23.1,0.0
OI_SURGE,2026-09-16 00:00:00+00:00,ATOM,BINANCE:ATOMUSDT.P,1d,1.519,0.0013183915622940745,0.07359607723565498,0.26035604671849105,1.3099946691622733,NEUTRAL,22.5,5.4,10.1,0.0
OI_SURGE,2026-09-16 00:00:00+00:00,BTC,BYBIT:BTCUSDT.P,1d,76169.9,0.007431753253623885,0.046307164813514046,0.18463418232961862,1.143329623354972,NEUTRAL,43.8,19.1,32.3,0.0
OI_SURGE,2026-09-16 00:00:00+00:00,XLM,BINANCE:XLMUSDT.P,1d,0.18391,0.04518072289156616,0.001753482939795381,0.6513744922798838,1.858343452179814,EXTREME,44.6,20.3,15.2,0.0
OI_SURGE,2026-09-16 00:00:00+00:00,XRP,BYBIT:XRPUSDT.P,1d,1.2987,0.012552627475440614,-0.018903363128252026,0.8495386452512018,2.065124975199335,NEUTRAL,30.3,7.8,7.5,0.0
PRE_ENTRY,2026-09-16 00:00:00+00:00,HYPE,BYBIT:HYPEUSDT.P,4h,77.49,0.007279344858962533,0.01250763609198402,-0.8734433751959122,0.6184927505190783,EXTREME,52.7,12.1,4.8,0.0
VOLUME_SURGE,2026-09-16 00:00:00+00:00,XLM,BINANCE:XLMUSDT.P,4h,0.17681,0.004830643328028961,-0.02798792695556196,0.3659337718468194,1.6896384135612965,EXTREME,0.0,3.8,17.1,40.0
WHALE_ACCUM,2026-09-16 00:00:00+00:00,BNB,BYBIT:BNBUSDT.P,1d,725.5,0.019390192496838488,-0.002652357614169598,-0.04410975275762388,1.103221262905877,NEGATIVE,35.7,22.6,45.1,93.7
WHALE_ACCUM,2026-09-16 00:00:00+00:00,DOT,BYBIT:DOTUSDT.P,1d,1.0185,0.07972013145340817,-0.02931345721362788,0.3483356005853204,1.2464773336833888,EXTREME,27.4,16.8,5.4,100.0
WHALE_ACCUM,2026-09-16 00:00:00+00:00,FIL,BITGET:FILUSDT.P,4h,0.8145,-0.0008586849852797451,0.016928221311705016,-0.28609437625224615,1.1808934055497304,NEGATIVE,30.3,12.4,37.9,100.0
WHALE_ACCUM,2026-09-16 00:00:00+00:00,FIL,BITGET:FILUSDT.P,1d,0.8061,-0.01116290480863591,0.030720526334700793,0.7490778703243536,1.9711290728379809,NEGATIVE,35.7,7.9,5.8,100.0
WHALE_ACCUM,2026-09-16 00:00:00+00:00,THETA,BYBIT:THETAUSDT.P,1d,0.1808,0.007242339832869149,0.014092163603957708,0.1137953095939317,1.508296616788743,EXTREME,25.1,13.0,2.4,100.0
OI_SURGE,2026-09-15 20:00:00+00:00,ARB,BINANCE:ARBUSDT.P,4h,0.15163,0.019704102219233244,0.0035160434316696687,-0.19041570028499658,1.436679914296328,NEUTRAL,29.1,29.0,17.0,15.6
OI_SURGE,2026-09-15 20:00:00+00:00,ATOM,BINANCE:ATOMUSDT.P,4h,1.517,-0.011726384364820874,0.001916353873907095,-0.3248469219731559,1.0034113817899077,NEUTRAL,0.0,0.2,18.4,0.0
OI_SURGE,2026-09-15 20:00:00+00:00,BTC,BYBIT:BTCUSDT.P,4h,75608.0,-0.007104492508109073,0.0009728035929736922,0.11973192733626763,1.3593597861959388,NEUTRAL,20.7,0.8,11.4,0.0
OI_SURGE,2026-09-15 20:00:00+00:00,HBAR,BYBIT:HBARUSDT.P,4h,0.07422,-0.017994178354061918,0.007842517095504764,-0.11637415638265618,1.075264548938522,EXTREME,25.3,2.3,11.6,49.1
VOLUME_SURGE,2026-09-15 20:00:00+00:00,ETH,BYBIT:ETHUSDT.P,4h,2396.84,-0.007712784675446005,0.020217673243832168,0.00031605167455878223,1.2703701739893005,NEGATIVE,37.2,9.2,35.9,0.0
VOLUME_SURGE,2026-09-15 20:00:00+00:00,THETA,BYBIT:THETAUSDT.P,4h,0.1795,-0.004988913525498906,-0.011151463116866434,-0.33056677394132544,0.9238836644935416,EXTREME,20.0,8.6,43.1,0.0
VOLUME_SURGE,2026-09-15 20:00:00+00:00,XLM,BINANCE:XLMUSDT.P,4h,0.17596,-0.01851851851851849,0.00020709459637124894,2.178396057309877,3.5689557922082336,EXTREME,3.1,8.7,5.4,0.0
VOLUME_SURGE,2026-09-15 20:00:00+00:00,XRP,BYBIT:XRPUSDT.P,4h,1.2826,-0.009651764342521796,-0.05127968171734698,1.127817079303556,2.424851287866282,NEUTRAL,0.0,4.5,10.3,0.0
WHALE_ACCUM,2026-09-15 20:00:00+00:00,FIL,BITGET:FILUSDT.P,4h,0.8152,0.003446578040374293,0.0039428809684083355,-0.08623657708821635,1.5929173242655323,NEGATIVE,21.4,12.7,10.2,100.0
OI_SURGE,2026-09-15 16:00:00+00:00,ARB,BINANCE:ARBUSDT.P,4h,0.1487,-0.0016784155756965902,0.050487605537099745,1.576105413731154,4.436215142430463,NEUTRAL,68.8,52.5,11.1,12.9
OI_SURGE,2026-09-15 16:00:00+00:00,ATOM,BINANCE:ATOMUSDT.P,4h,1.535,-0.010953608247422753,0.04038496635456501,0.5918654365949058,2.4291813845187904,NEGATIVE,40.1,26.7,21.7,0.0
OI_SURGE,2026-09-15 16:00:00+00:00,BTC,BYBIT:BTCUSDT.P,4h,76149.0,-0.004287569187558571,0.030190302682190584,2.9287582757025534,4.149393298621898,NEUTRAL,74.3,28.9,19.6,54.6
VOLUME_SURGE,2026-09-15 16:00:00+00:00,ETH,BYBIT:ETHUSDT.P,4h,2415.47,-0.003181769410444124,-0.02170957919498029,2.723017156370018,4.084412714855195,NEGATIVE,36.3,13.5,22.8,0.0
VOLUME_SURGE,2026-09-15 16:00:00+00:00,HBAR,BYBIT:HBARUSDT.P,4h,0.07558,-0.03052847614161114,0.03685988990831324,3.607511108041529,3.74706585312969,EXTREME,75.8,30.2,12.5,26.4
VOLUME_SURGE,2026-09-15 16:00:00+00:00,XLM,BINANCE:XLMUSDT.P,4h,0.17928,-0.06663890045814247,0.0021994872936299537,6.8882205610598515,7.254540028929101,EXTREME,14.0,20.0,7.7,40.0
VOLUME_SURGE,2026-09-15 16:00:00+00:00,XRP,BYBIT:XRPUSDT.P,4h,1.2951,-0.06746831797235031,0.007175594023826504,6.308396669276948,6.602018682244782,NEUTRAL,22.0,23.5,2.5,0.0
ENTRY,2026-09-15 12:00:00+00:00,ARB,BINANCE:ARBUSDT.P,4h,0.14895,0.08587883648028005,0.00998751609899906,0.7364849844101042,3.033562069453992,NEUTRAL,73.6,46.0,17.2,0.0
OI_SURGE,2026-09-15 12:00:00+00:00,DOGE,BYBIT:DOGEUSDT.P,4h,0.08162,-0.010066707095209182,0.024809159536273162,1.1625350249651427,2.1262228885903514,NEUTRAL,64.5,21.1,24.2,0.0
VOLUME_SURGE,2026-09-15 12:00:00+00:00,XLM,BINANCE:XLMUSDT.P,4h,0.19208,-0.010356020402905952,-0.0038214769087536737,6.417697419847127,6.028211310851428,EXTREME,14.0,31.2,12.9,40.0
WHALE_ACCUM,2026-09-15 12:00:00+00:00,XRP,BYBIT:XRPUSDT.P,4h,1.3888,-0.008212525887309918,0.01635863847729424,4.969905553996579,5.009771505618394,NEUTRAL,32.4,33.2,11.1,97.4
OI_SURGE,2026-09-15 08:00:00+00:00,XLM,BINANCE:XLMUSDT.P,4h,0.19409,0.01671031953902591,0.015437836044827957,1.6665847708288974,2.4943482032940576,EXTREME,26.9,26.9,14.3,40.0
WHALE_ACCUM,2026-09-15 08:00:00+00:00,XRP,BYBIT:XRPUSDT.P,4h,1.4003,0.004879799067097235,0.0005094260824141106,0.3360481520826519,1.4699262895594656,NEUTRAL,0.0,10.4,13.2,82.8
WHALE_ACCUM,2026-09-15 04:00:00+00:00,XRP,BYBIT:XRPUSDT.P,4h,1.3935,-0.015333521763708391,-0.009438881551599554,0.20983414630096756,1.378149333450012,EXTREME,0.0,6.7,9.9,88.0
OI_SURGE,2026-09-15 00:00:00+00:00,APT,BYBIT:APTUSDT.P,1d,0.5469,-0.07147707979626472,0.07191584547464114,1.4848621604052183,2.0550414851140193,EXTREME,60.2,19.6,9.0,0.0
OI_SURGE,2026-09-15 00:00:00+00:00,ETH,BYBIT:ETHUSDT.P,1d,2396.84,-0.046675072289683706,0.047010797672697224,1.1076877362418391,1.5978495895742788,NEUTRAL,44.5,28.4,20.5,0.0
OI_SURGE,2026-09-15 00:00:00+00:00,S,BINANCE:SUSDT.P,1d,0.02542,-0.04722638680659663,0.025643207645160704,-0.27708329018083533,0.8473463135515468,NEGATIVE,20.0,0.0,28.7,0.0
OI_SURGE,2026-09-15 00:00:00+00:00,INJ,BINANCE:INJUSDT.P,1d,5.433,-0.1348726114649682,0.07866998594799823,0.7515981344910935,1.5565559669971487,EXTREME,24.5,26.1,16.0,0.0
OI_SURGE,2026-09-15 00:00:00+00:00,TIA,BYBIT:TIAUSDT.P,1d,0.3253,-0.08674901740595187,-0.044204105697282725,0.6755336549092347,1.369538216479155,NEGATIVE,0.0,2.7,19.3,0.0
OI_SURGE,2026-09-15 00:00:00+00:00,XLM,BINANCE:XLMUSDT.P,4h,0.19346,0.009865845382888816,0.027186096462747944,1.7649176322439277,2.54788471867938,EXTREME,27.8,31.3,14.1,40.0
OI_SURGE,2026-09-15 00:00:00+00:00,XLM,BINANCE:XLMUSDT.P,1d,0.17596,-0.08148457482904414,0.16345484157615742,2.337181242367407,3.354436942115036,EXTREME,34.0,9.5,15.3,0.0
OI_SURGE,2026-09-15 00:00:00+00:00,XRP,BYBIT:XRPUSDT.P,1d,1.2826,-0.09847473114500604,0.05258297609014173,2.4612926804241657,3.546575317539567,EXTREME,56.0,19.9,5.6,0.0
VOLUME_SURGE,2026-09-15 00:00:00+00:00,ARB,BINANCE:ARBUSDT.P,1d,0.15163,0.13478521179464154,0.011687035853456651,1.4894959965776609,5.282194285737651,NEUTRAL,61.4,45.1,2.8,0.0
VOLUME_SURGE,2026-09-15 00:00:00+00:00,BNB,BYBIT:BNBUSDT.P,4h,720.9,0.0011109568115539314,0.004055040018341449,-0.27603862258054185,1.157324596488949,NEUTRAL,25.1,7.1,12.0,13.2
WHALE_ACCUM,2026-09-15 00:00:00+00:00,BNB,BYBIT:BNBUSDT.P,1d,711.7,-0.011665046521316502,0.026646987893340635,0.38657496813168923,1.3430917633936774,NEUTRAL,35.0,20.8,49.1,100.0
WHALE_ACCUM,2026-09-15 00:00:00+00:00,DOT,BYBIT:DOTUSDT.P,1d,0.9433,-0.05905236907730671,0.000501914084580779,-0.01710276077753793,1.0730488722119425,NEUTRAL,0.0,0.0,2.7,100.0
WHALE_ACCUM,2026-09-15 00:00:00+00:00,FIL,BITGET:FILUSDT.P,1d,0.8152,-0.12850117596750055,0.020679064432337357,1.5945386862935296,2.7441617238460085,NEGATIVE,36.7,13.5,3.5,100.0
WHALE_ACCUM,2026-09-15 00:00:00+00:00,THETA,BYBIT:THETAUSDT.P,1d,0.1795,-0.08184143222506401,-0.03953387597213709,1.321010324991564,3.193633391758073,EXTREME,27.9,15.1,5.2,100.0
WHALE_ACCUM,2026-09-15 00:00:00+00:00,XRP,BYBIT:XRPUSDT.P,4h,1.4152,-0.0052716665495186055,0.017277825029768712,0.0582196359534459,1.256986035844296,EXTREME,10.1,16.5,12.5,100.0
OI_SURGE,2026-09-14 20:00:00+00:00,XLM,BINANCE:XLMUSDT.P,4h,0.19157,-0.014253370381805186,-0.02283957459198116,1.2464934247509802,2.200085311077866,EXTREME,0.0,16.3,12.5,40.0
VOLUME_SURGE,2026-09-14 20:00:00+00:00,BNB,BYBIT:BNBUSDT.P,4h,720.1,-0.006895600606812824,0.009659847843581204,3.168946794283527,5.580813817645896,NEUTRAL,49.9,22.2,11.8,0.0
VOLUME_SURGE,2026-09-14 20:00:00+00:00,ETH,BYBIT:ETHUSDT.P,4h,2514.19,-0.009545307711095852,0.035190168568391744,1.8882911613614215,3.2254094789492718,NEUTRAL,62.2,28.5,30.3,37.4
ENTRY,2026-09-14 16:00:00+00:00,ATOM,BINANCE:ATOMUSDT.P,4h,1.596,0.035019455252918386,0.018607217025583767,0.30487713989669946,2.1302117979664272,NEGATIVE,85.2,29.5,23.2,0.0
ENTRY,2026-09-14 16:00:00+00:00,ETH,BYBIT:ETHUSDT.P,4h,2538.42,0.01237541826361288,-0.03963936936048795,0.5942331407288888,1.8729032405511727,NEUTRAL,43.9,19.9,16.0,0.0
ENTRY,2026-09-14 16:00:00+00:00,XRP,BYBIT:XRPUSDT.P,4h,1.4635,0.043196236367524454,0.012318582921884813,2.8174658055168114,3.3034974938744726,EXTREME,86.3,58.2,0.0,39.3
HOT_PRE_ENTRY,2026-09-14 16:00:00+00:00,OP,BYBIT:OPUSDT.P,4h,0.10338,0.0512507626601586,0.016742806051612158,1.6038341900196549,2.6733963798918636,NEGATIVE,94.9,38.9,24.7,0.0
OI_SURGE,2026-09-14 16:00:00+00:00,XLM,BINANCE:XLMUSDT.P,4h,0.19434,0.009925687262900995,0.09791717754564777,3.7890784950702208,4.06476696192014,EXTREME,100.0,71.0,9.9,40.0
PRE_ENTRY,2026-09-14 16:00:00+00:00,AAVE,BYBIT:AAVEUSDT.P,4h,131.03,0.037450514647664246,-0.0037970538796353592,0.9610746911630513,1.779614011854598,NEUTRAL,79.7,35.5,19.9,0.0
PRE_ENTRY,2026-09-14 16:00:00+00:00,BTC,BYBIT:BTCUSDT.P,4h,78950.9,0.005195893194538392,0.01531462910837611,0.5185043892906168,1.8036655056306914,NEUTRAL,54.8,21.4,13.3,0.0
WHALE_ACCUM,2026-09-14 16:00:00+00:00,TIA,BYBIT:TIAUSDT.P,4h,0.362,0.014289717007565095,-0.003954170318374639,0.07817739790380797,1.3400023155353011,NEUTRAL,33.6,9.0,31.4,100.0
ENTRY,2026-09-14 12:00:00+00:00,XLM,BINANCE:XLMUSDT.P,4h,0.19243,0.017609730301427762,0.044575244895070476,4.912328915121895,4.515109704659662,EXTREME,100.0,58.8,13.2,32.8
OI_SURGE,2026-09-14 12:00:00+00:00,BNB,BYBIT:BNBUSDT.P,4h,721.9,0.0002771234585006166,-0.0036687964434665155,0.3775578731244373,1.9691082460038678,EXTREME,22.3,6.7,19.5,0.0
PRE_ENTRY,2026-09-14 12:00:00+00:00,ARB,BINANCE:ARBUSDT.P,4h,0.13554,0.004967746719062749,0.013960856655408582,-0.5731427880794353,0.7184355451885474,NEUTRAL,32.9,28.2,0.0,0.0
HOT_PRE_ENTRY,2026-09-14 08:00:00+00:00,XLM,BINANCE:XLMUSDT.P,4h,0.1891,0.023434540239216428,0.016725056950659845,2.8931422152812614,3.067040495885919,EXTREME,88.8,40.8,10.2,15.9
OI_SURGE,2026-09-14 08:00:00+00:00,BNB,BYBIT:BNBUSDT.P,4h,721.7,-0.004139643990616837,0.02345228123158849,0.49575281083088957,2.1251346626734207,EXTREME,51.4,19.7,12.2,0.0
ENTRY,2026-09-14 04:00:00+00:00,XRP,BYBIT:XRPUSDT.P,4h,1.39,0.013045696377814942,0.039912978465791005,0.01519387333886803,1.2053230169933444,NEGATIVE,82.0,33.7,16.0,49.4
PRE_ENTRY,2026-09-14 04:00:00+00:00,BNB,BYBIT:BNBUSDT.P,4h,724.7,0.0036006093338873946,0.025601500515539444,-0.12691777386548625,1.309750580120417,NEGATIVE,58.0,22.4,12.9,0.0
PRE_ENTRY,2026-09-14 04:00:00+00:00,ETH,BYBIT:ETHUSDT.P,4h,2522.0,0.0039768949964369416,0.03135301230257359,-0.2066808066789857,1.0410684134108625,NEUTRAL,54.9,23.6,15.0,29.4
ENTRY,2026-09-14 00:00:00+00:00,ETH,BYBIT:ETHUSDT.P,4h,2512.01,0.014826425781013342,-0.016557629565527088,0.47813896894529484,1.8199595255544339,NEUTRAL,47.6,20.8,14.4,0.0
ENTRY,2026-09-14 00:00:00+00:00,ONDO,BINANCE:ONDOUSDT.P,4h,0.3527,0.02978102189781029,-0.0040150188482944715,0.6454401297329163,1.60699869487536,NEGATIVE,60.7,18.7,38.7,25.6
ENTRY,2026-09-14 00:00:00+00:00,UNI,BYBIT:UNIUSDT.P,4h,6.388,0.044132069303693955,-0.01431127624427675,-0.6665984656651598,0.6776387590609569,NEGATIVE,43.3,39.2,27.2,0.0
ENTRY,2026-09-14 00:00:00+00:00,XRP,BYBIT:XRPUSDT.P,4h,1.3721,0.023878815013804955,0.008228057329067173,0.34377005385355197,1.4641802491103928,NEGATIVE,64.5,25.3,11.0,0.0
OI_SURGE,2026-09-14 00:00:00+00:00,ONDO,BINANCE:ONDOUSDT.P,1d,0.3546,0.03532846715328475,0.014597608123092298,0.39385962876222336,1.3587881895778575,NEGATIVE,36.2,19.9,13.2,0.0
OI_SURGE,2026-09-14 00:00:00+00:00,SUI,BYBIT:SUIUSDT.P,1d,0.7206,0.02781343602909714,0.021246160138273185,0.7213644623212261,1.7209753872706917,NEGATIVE,46.6,12.6,14.8,0.0
VOLUME_SURGE,2026-09-14 00:00:00+00:00,NEO,BINANCE:NEOUSDT.P,4h,2.285,0.00927561837455837,-0.0325452383382252,1.414206460025746,2.945489008974479,NEUTRAL,40.3,23.9,13.3,9.6
WHALE_ACCUM,2026-09-14 00:00:00+00:00,APT,BYBIT:APTUSDT.P,1d,0.589,0.0027238678924070836,-0.014920482059473827,-0.2809981245599792,1.0088996584118084,NEGATIVE,21.7,4.8,6.1,100.0
WHALE_ACCUM,2026-09-14 00:00:00+00:00,BNB,BYBIT:BNBUSDT.P,1d,720.1,0.005866741164967326,0.0026696752919599387,1.667193139181769,2.0341411210351716,NEGATIVE,33.8,23.4,5.4,91.5
WHALE_ACCUM,2026-09-14 00:00:00+00:00,BTC,BYBIT:BTCUSDT.P,1d,78158.1,0.017829376603419878,0.002304440936723884,0.08022388843698953,1.0970404340081865,NEUTRAL,34.2,17.7,51.2,100.0
WHALE_ACCUM,2026-09-14 00:00:00+00:00,DOT,BYBIT:DOTUSDT.P,1d,1.0025,0.004408375914237039,-0.025486750267302072,-0.48114697523001904,0.8467690985215255,NEUTRAL,0.0,0.6,6.8,100.0
WHALE_ACCUM,2026-09-14 00:00:00+00:00,HBAR,BYBIT:HBARUSDT.P,1d,0.07766,0.03477681545636235,-0.005019502756699268,0.488189604771599,1.4340146658979076,NEGATIVE,47.2,16.6,3.2,100.0
VOLUME_SURGE,2026-09-13 20:00:00+00:00,NEO,BINANCE:NEOUSDT.P,4h,2.264,-0.01650738488271075,-0.00040449165108646934,1.0624796946605208,2.553197155094607,EXTREME,26.4,16.4,7.3,23.7
PRE_ENTRY,2026-09-13 16:00:00+00:00,ETH,BYBIT:ETHUSDT.P,4h,2505.0,0.006157442552627401,0.02143298568150387,-0.41726613972091803,0.8046174868487065,NEUTRAL,49.9,21.1,13.9,49.6
PRE_ENTRY,2026-09-13 16:00:00+00:00,ONDO,BINANCE:ONDOUSDT.P,4h,0.3498,0.015679442508710784,0.01418514966736506,-0.7459333384468155,0.7067374175775861,NEUTRAL,62.4,18.6,20.4,17.0
VOLUME_SURGE,2026-09-13 16:00:00+00:00,NEO,BINANCE:NEOUSDT.P,4h,2.302,0.00655881066899866,-0.002188937648015199,1.0156644769477978,2.4899049635969432,EXTREME,34.4,21.9,15.4,22.4
ENTRY,2026-09-13 12:00:00+00:00,LTC,BYBIT:LTCUSDT.P,4h,54.46,0.013209302325581485,0.014747522737891705,-0.4598454774968984,0.786725125675335,NEGATIVE,61.6,27.9,29.7,13.0
OI_SURGE,2026-09-13 12:00:00+00:00,NEO,BINANCE:NEOUSDT.P,4h,2.287,0.010605391073795767,0.022351253646326397,2.8140410361557513,4.377918073776161,EXTREME,70.7,39.6,10.5,29.9
PRE_ENTRY,2026-09-13 12:00:00+00:00,XRP,BYBIT:XRPUSDT.P,4h,1.3429,0.0002979515828678281,0.021618315466536142,-0.6207966704120507,0.717287001951154,NEUTRAL,46.1,14.9,12.2,0.0
VOLUME_SURGE,2026-09-13 08:00:00+00:00,NEO,BINANCE:NEOUSDT.P,4h,2.263,-0.003083700440528636,-0.03156392663675445,2.7861004904823052,4.207693049642672,EXTREME,36.7,23.7,13.1,22.5
OI_SURGE,2026-09-13 04:00:00+00:00,NEO,BINANCE:NEOUSDT.P,4h,2.27,-0.014756944444444309,0.06603159299319827,5.936678726827816,6.593752236322169,NEUTRAL,100.0,66.3,14.7,26.7
OI_SURGE,2026-09-13 00:00:00+00:00,LINK,BINANCE:LINKUSD.P,1d,11.189,-0.026704940848991,0.0,-0.5709836084482383,0.7832259893233391,EXTREME,20.0,26.7,2.6,0.0
OI_SURGE,2026-09-13 00:00:00+00:00,XLM,BINANCE:XLMUSDT.P,1d,0.17699,-0.016120962810606376,0.007780428310576237,-0.8082040015056471,0.5218713268107712,EXTREME,20.0,0.9,27.4,0.0
WHALE_ACCUM,2026-09-13 00:00:00+00:00,BNB,BYBIT:BNBUSDT.P,1d,715.9,-0.015268225584594286,-0.0008019868531549124,-0.888294772009176,0.5624523703574229,NEUTRAL,20.0,14.5,47.2,100.0
OI_SURGE,2026-09-12 20:00:00+00:00,TIA,BYBIT:TIAUSDT.P,4h,0.35,-0.009060022650056676,-0.01605207615886728,-0.567404182636712,0.6618117047312485,EXTREME,20.0,0.1,7.2,0.0
OI_SURGE,2026-09-12 16:00:00+00:00,TIA,BYBIT:TIAUSDT.P,4h,0.3532,-0.013407821229050154,0.06365013380683804,-0.5433056962442148,0.6882682813301485,EXTREME,60.6,22.8,22.9,0.0
OI_SURGE,2026-09-12 12:00:00+00:00,TIA,BYBIT:TIAUSDT.P,4h,0.358,-0.008035466888334786,0.049104994219211884,-0.39173288632185743,0.8486484015604928,EXTREME,52.2,20.5,5.7,0.0
PRE_ENTRY,2026-09-12 12:00:00+00:00,DOGE,BYBIT:DOGEUSDT.P,4h,0.08506,0.0005881660981059689,0.013458794673466112,-0.8393290873384626,0.5287004508182765,NEGATIVE,40.6,13.0,18.0,0.0
OI_SURGE,2026-09-12 00:00:00+00:00,LINK,BINANCE:LINKUSD.P,1d,11.496,-0.0035537834792407352,0.0,-0.8748607678414012,0.46525815943116317,NEUTRAL,20.0,29.0,5.7,0.0
OI_SURGE,2026-09-12 00:00:00+00:00,XLM,BINANCE:XLMUSDT.P,1d,0.17989,0.009597036704455997,0.03820829902491396,-0.8575632697387182,0.4763030222328577,EXTREME,25.0,4.8,13.0,0.0
WHALE_ACCUM,2026-09-12 00:00:00+00:00,BNB,BYBIT:BNBUSDT.P,1d,727.0,0.0006882312456986117,-0.062328101370416666,-0.6616603695347048,0.7034331822987188,NEGATIVE,20.0,16.4,12.4,92.2
WHALE_ACCUM,2026-09-12 00:00:00+00:00,BTC,BYBIT:BTCUSDT.P,1d,77244.7,0.0008564550276888294,-0.06739359165508074,-1.5536258323269838,0.20844978344095216,NEUTRAL,20.0,10.2,37.3,88.1
VOLUME_SURGE,2026-09-11 20:00:00+00:00,BNB,BYBIT:BNBUSDT.P,4h,726.5,0.0026221363510903206,-0.01424049620217882,-0.5716069931747856,0.7400943162967593,NEUTRAL,24.0,13.1,6.2,0.0
VOLUME_SURGE,2026-09-11 20:00:00+00:00,ETC,BINANCE:ETCUSDT.P,4h,7.625,-0.005867014341590648,-0.009300471844120861,-0.4959327981379859,0.8056843535482764,NEGATIVE,20.0,9.7,13.5,0.0
VOLUME_SURGE,2026-09-11 20:00:00+00:00,ETH,BYBIT:ETHUSDT.P,4h,2515.43,-0.008881113645945349,-0.03466710970822762,0.020516587928928343,1.320390062567909,EXTREME,0.0,10.2,26.5,60.9
OI_SURGE,2026-09-11 16:00:00+00:00,ONDO,BINANCE:ONDOUSDT.P,4h,0.3524,-0.00872011251758087,0.03517679507221505,0.4761713780038141,1.5257479781435035,NEUTRAL,80.5,27.1,18.8,0.0
VOLUME_SURGE,2026-09-11 16:00:00+00:00,BNB,BYBIT:BNBUSDT.P,4h,724.6,-0.004670329670329654,-0.038130354380515485,0.5663046142066374,2.226955137962023,NEUTRAL,23.4,9.5,14.3,0.0
VOLUME_SURGE,2026-09-11 16:00:00+00:00,ETC,BINANCE:ETCUSDT.P,4h,7.67,-0.007633587786259555,0.013552526310244506,0.7378741114760786,2.3746860047976686,NEGATIVE,32.9,17.0,13.9,0.0
WHALE_ACCUM,2026-09-11 16:00:00+00:00,ETH,BYBIT:ETHUSDT.P,4h,2537.97,-0.007640243830913773,0.06917638924107705,1.1703135305034633,2.6059070232847277,EXTREME,71.1,48.3,15.6,92.2
VOLUME_SURGE,2026-09-11 12:00:00+00:00,ETH,BYBIT:ETHUSDT.P,4h,2557.51,0.04088219253905079,-0.01816190897154102,9.045687421966386,8.718701107333738,NEUTRAL,96.7,64.9,16.7,2.5
PRE_ENTRY,2026-09-11 04:00:00+00:00,ONDO,BINANCE:ONDOUSDT.P,4h,0.3492,0.004892086330935408,0.01972198564821026,-0.5969740755834974,0.8548351615499442,NEGATIVE,66.3,20.2,26.9,0.0
ENTRY,2026-09-11 00:00:00+00:00,LTC,BYBIT:LTCUSDT.P,4h,53.03,0.01824116743471582,5.694392817723326e-06,-0.2784113553434302,0.9933579094319868,NEUTRAL,49.5,21.0,13.2,0.0
OI_SURGE,2026-09-11 00:00:00+00:00,ATOM,BINANCE:ATOMUSDT.P,1d,1.64,-0.08379888268156432,-0.04535585057065583,1.0034809669829108,1.8377106812688635,NEUTRAL,26.0,4.0,19.5,0.0
OI_SURGE,2026-09-11 00:00:00+00:00,INJ,BINANCE:INJUSDT.P,1d,5.734,-0.034680134680134755,-0.012493677463873976,0.21526713773217332,1.328725217374758,EXTREME,21.3,25.9,2.9,0.0
VOLUME_SURGE,2026-09-11 00:00:00+00:00,ARB,BINANCE:ARBUSDT.P,1d,0.13944,-0.0028604118993134087,-0.015747596576963452,0.3557884662018793,2.6223185500619697,EXTREME,22.1,30.4,0.0,0.0
VOLUME_SURGE,2026-09-11 00:00:00+00:00,ETC,BINANCE:ETCUSDT.P,1d,7.625,0.007531712473572982,-0.06914790561059003,1.2432041836866423,2.2158487030913836,NEUTRAL,30.8,10.4,0.0,0.0
WHALE_ACCUM,2026-09-11 00:00:00+00:00,BNB,BYBIT:BNBUSDT.P,1d,726.5,0.025840158147415915,-0.03765209094049293,0.37101017980579143,1.4927195116812113,NEUTRAL,42.1,30.6,2.8,100.0
WHALE_ACCUM,2026-09-11 00:00:00+00:00,BTC,BYBIT:BTCUSDT.P,1d,77178.6,0.008406589386321661,0.005116023127162972,0.41271687154868447,1.345058674849265,NEUTRAL,29.8,15.1,43.4,100.0
OI_SURGE,2026-09-10 20:00:00+00:00,XLM,BINANCE:XLMUSDT.P,4h,0.17452,-0.018889138745221468,0.023055796810860674,-0.25430926258717695,1.0277839046107402,NEUTRAL,35.3,6.7,17.9,0.0
OI_SURGE,2026-09-10 16:00:00+00:00,XLM,BINANCE:XLMUSDT.P,4h,0.17788,0.0011256190904997965,0.012271085370437973,0.12595966845001036,1.2555854137904667,NEGATIVE,30.4,5.7,8.9,0.0
OI_SURGE,2026-09-10 00:00:00+00:00,ATOM,BINANCE:ATOMUSDT.P,1d,1.79,-0.035040431266846306,0.04516623665340047,1.7782433377210343,2.335459595162389,EXTREME,30.7,11.1,0.0,0.0
OI_SURGE,2026-09-10 00:00:00+00:00,ETC,BINANCE:ETCUSDT.P,1d,7.568,-0.05529896392460365,-0.038877919422126705,0.6980674965228912,1.7816062593430517,NEUTRAL,24.2,2.8,2.6,0.0
OI_SURGE,2026-09-10 00:00:00+00:00,INJ,BINANCE:INJUSDT.P,1d,5.94,-0.03083700440528625,-0.01300617456490527,-0.03471628418820654,1.189131266543572,EXTREME,20.0,29.0,4.4,0.0
VOLUME_SURGE,2026-09-10 00:00:00+00:00,ARB,BINANCE:ARBUSDT.P,1d,0.13984,-0.06386397108046604,-0.11156583617543625,0.47656647468934726,2.8947097290631856,NEUTRAL,14.9,38.9,0.0,0.0
WHALE_ACCUM,2026-09-10 00:00:00+00:00,BNB,BYBIT:BNBUSDT.P,1d,708.2,-0.0191135734072021,-0.033123742523374355,-0.0257216567696396,1.2168458255999093,NEGATIVE,20.0,13.6,27.8,100.0
OI_SURGE,2026-09-09 12:00:00+00:00,XLM,BINANCE:XLMUSDT.P,4h,0.18408,-0.025258141382049182,0.032362616658107024,2.1368333873812095,2.5235635050957947,NEUTRAL,32.8,13.4,15.0,0.0
VOLUME_SURGE,2026-09-09 12:00:00+00:00,ETC,BINANCE:ETCUSDT.P,4h,8.177,-0.021655898540320795,-0.04616863431221463,1.2268486363035183,2.882901249753829,EXTREME,27.4,19.6,2.8,0.0
VOLUME_SURGE,2026-09-09 08:00:00+00:00,ETC,BINANCE:ETCUSDT.P,4h,8.358,-0.0050000000000000044,-0.0074899584116291384,2.085915285532398,3.908502924774208,EXTREME,32.5,29.7,0.0,0.0
VOLUME_SURGE,2026-09-09 04:00:00+00:00,ETC,BINANCE:ETCUSDT.P,4h,8.4,-0.031588655752824435,0.038657647411292295,1.6707078157641233,3.4223859169752266,EXTREME,30.0,28.8,0.0,0.0
OI_SURGE,2026-09-09 00:00:00+00:00,ETC,BINANCE:ETCUSDT.P,4h,8.674,0.007199256850905611,-0.01840896272656789,6.307249079068562,7.798348078268015,EXTREME,50.5,45.0,1.4,0.0
VOLUME_SURGE,2026-09-09 00:00:00+00:00,ARB,BINANCE:ARBUSDT.P,1d,0.14938,-0.0940627084723148,-0.0548927832753614,1.0006551107668904,4.086772478226583,NEUTRAL,0.0,33.0,0.0,0.0
VOLUME_SURGE,2026-09-09 00:00:00+00:00,ATOM,BINANCE:ATOMUSDT.P,1d,1.855,-0.001077005923532548,0.06877650389977008,9.089655510767374,5.611391706799023,EXTREME,44.0,31.6,0.0,0.0
VOLUME_SURGE,2026-09-09 00:00:00+00:00,ETC,BINANCE:ETCUSDT.P,1d,8.011,-0.06978634463539257,0.1365040938165718,3.268796352364642,3.675717247622459,EXTREME,39.6,15.5,0.0,0.0
VOLUME_SURGE,2026-09-09 00:00:00+00:00,INJ,BINANCE:INJUSDT.P,1d,6.129,-0.042642924086223166,0.09528391415835236,0.36605303540180073,1.4836299571363532,EXTREME,22.2,26.5,1.3,0.0
WHALE_ACCUM,2026-09-09 00:00:00+00:00,BNB,BYBIT:BNBUSDT.P,1d,722.0,-0.039638201649374816,0.05059178917982288,0.4843876239151321,1.8132545241676759,NEUTRAL,46.8,28.3,24.2,100.0
OI_SURGE,2026-09-08 20:00:00+00:00,ETC,BINANCE:ETCUSDT.P,4h,8.612,0.016765053128689367,0.013956169242330452,1.5702511083456259,2.9395974187432348,EXTREME,46.4,39.2,0.0,0.0
OI_SURGE,2026-09-08 16:00:00+00:00,ETC,BINANCE:ETCUSDT.P,4h,8.47,-0.03166800045729956,0.07490850745708832,4.941471303121439,5.876964492809974,EXTREME,44.0,43.4,0.0,0.0
OI_SURGE,2026-09-08 12:00:00+00:00,ETC,BINANCE:ETCUSDT.P,4h,8.747,0.08671884706174682,0.04894946891291907,6.884334921593445,6.507076100090161,EXTREME,100.0,89.7,0.0,0.0
WHALE_ACCUM,2026-09-08 12:00:00+00:00,LTC,BYBIT:LTCUSDT.P,4h,54.96,-0.007404731804226072,0.006189975152403937,0.8838927535526409,2.235946018150701,NEUTRAL,34.5,20.9,5.9,80.2
WHALE_ACCUM,2026-09-08 08:00:00+00:00,LTC,BYBIT:LTCUSDT.P,4h,55.37,0.004717837053166418,-0.006612400786858985,-0.2574815075320124,1.037040272369717,NEUTRAL,25.8,16.8,10.5,83.9
WHALE_ACCUM,2026-09-08 04:00:00+00:00,LTC,BYBIT:LTCUSDT.P,4h,55.11,0.0012718023255813282,0.0012341243699076632,-0.22142840398159835,1.0814437575024332,NEGATIVE,22.4,14.9,14.5,90.8
HOT_PRE_ENTRY,2026-09-08 00:00:00+00:00,ATOM,BINANCE:ATOMUSDT.P,1d,1.857,0.13996316758747707,-0.022144176385968994,4.588841076275721,3.1521740786657633,NEUTRAL,100.0,57.2,0.0,0.0
HOT_PRE_ENTRY,2026-09-08 00:00:00+00:00,ETC,BINANCE:ETCUSDT.P,1d,8.612,0.0906788247213779,-0.015964290068701037,3.760535601003712,3.874239234186015,EXTREME,87.8,48.8,2.4,0.0
VOLUME_SURGE,2026-09-08 00:00:00+00:00,INJ,BINANCE:INJUSDT.P,1d,6.402,0.03575473224397352,0.1934678818376927,3.4172688184618996,3.4597860217248644,EXTREME,60.0,47.7,0.0,0.0
WHALE_ACCUM,2026-09-08 00:00:00+00:00,BNB,BYBIT:BNBUSDT.P,1d,751.8,0.01649540292049756,-0.025082696499947654,0.5355133887914567,1.9473761476462603,NEUTRAL,35.7,28.4,6.8,100.0
WHALE_ACCUM,2026-09-08 00:00:00+00:00,DOGE,BYBIT:DOGEUSDT.P,1d,0.08999,-0.005305626174422429,-0.004288757746437777,0.7014098466361356,1.661410820007544,NEUTRAL,24.2,4.7,4.4,95.8
WHALE_ACCUM,2026-09-08 00:00:00+00:00,LTC,BYBIT:LTCUSDT.P,4h,55.04,-0.00217548948513413,-0.013675645005736703,-0.0986052153884532,1.2320303758914655,NEGATIVE,20.0,13.9,8.9,89.3
WHALE_ACCUM,2026-09-07 20:00:00+00:00,LTC,BYBIT:LTCUSDT.P,4h,55.16,-0.0010865628395508864,0.020408421857098125,0.04939338661649058,1.484748358655069,EXTREME,50.0,27.4,14.2,95.1
VOLUME_SURGE,2026-09-07 16:00:00+00:00,LTC,BYBIT:LTCUSDT.P,4h,55.22,-0.00270904822105833,0.014566366574574108,0.0934826435961883,1.5949279366043032,EXTREME,42.4,24.4,7.0,69.9
HOT_PRE_ENTRY,2026-09-07 00:00:00+00:00,INJ,BINANCE:INJUSDT.P,1d,6.181,0.16512723845428856,,4.104262525027942,3.874721648896645,NEGATIVE,100.0,70.5,0.0,0.0
WHALE_ACCUM,2026-09-07 00:00:00+00:00,BNB,BYBIT:BNBUSDT.P,1d,739.6,-0.017273452032952386,-0.016903250656837177,-0.39249668961957146,0.8814630437749069,NEGATIVE,20.0,19.0,2.6,100.0
WHALE_ACCUM,2026-09-07 00:00:00+00:00,DOGE,BYBIT:DOGEUSDT.P,1d,0.09047,-0.004073095552620143,-0.02878186307809394,0.27756008855902276,1.3504742861156436,NEUTRAL,21.7,3.5,0.0,100.0
WHALE_ACCUM,2026-09-06 00:00:00+00:00,BNB,BYBIT:BNBUSDT.P,1d,752.6,-0.01723687646905192,0.12558514618354866,-0.14310290010805216,1.1742763174383923,EXTREME,67.7,42.0,0.0,100.0
WHALE_ACCUM,2026-09-06 00:00:00+00:00,DOGE,BYBIT:DOGEUSDT.P,1d,0.09084,0.013386880856760541,0.03428950342781212,0.05630681354510232,1.215082718040886,NEGATIVE,38.7,11.0,14.4,100.0
ENTRY,2026-09-05 00:00:00+00:00,UNI,BYBIT:UNIUSDT.P,1d,7.046,0.14012944983818776,-0.0912666256824981,0.9386993468772261,2.1258574112684268,NEGATIVE,51.2,53.6,15.5,0.0
OI_SURGE,2026-09-05 00:00:00+00:00,BNB,BYBIT:BNBUSDT.P,1d,765.8,0.06184137548530222,0.025860876831105273,1.082102450373631,2.5913149738085757,EXTREME,86.0,50.3,5.3,55.3
WHALE_ACCUM,2026-09-05 00:00:00+00:00,DOGE,BYBIT:DOGEUSDT.P,1d,0.08964,0.058073654390934815,-0.010122050139156236,0.8153888688549221,1.8143185228598482,NEUTRAL,63.0,18.6,0.0,96.1
OI_SURGE,2026-09-04 00:00:00+00:00,BNB,BYBIT:BNBUSDT.P,1d,721.2,-0.004966887417218402,0.07377629814995701,-0.08474837168927415,1.264443257583947,EXTREME,48.3,28.8,10.3,43.3
OI_SURGE,2026-09-04 00:00:00+00:00,BTC,BYBIT:BTCUSDT.P,1d,79621.0,-0.019742787283655527,0.062048627836242876,-0.060611934505195385,1.0749821248410434,NEUTRAL,42.5,24.2,12.7,0.0
OI_SURGE,2026-09-04 00:00:00+00:00,UNI,BYBIT:UNIUSDT.P,1d,6.18,-0.022306597057427657,0.05685944929556275,0.8095219578870818,1.996934935416018,EXTREME,43.7,36.5,0.0,0.0
WHALE_ACCUM,2026-09-04 00:00:00+00:00,DOGE,BYBIT:DOGEUSDT.P,1d,0.08472,-0.03474991454939047,0.023213280642778056,0.44328931523240944,1.5235183931005054,EXTREME,29.6,4.8,1.3,100.0
OI_SURGE,2026-09-03 00:00:00+00:00,BTC,BYBIT:BTCUSDT.P,1d,81224.6,0.05079685011662649,0.01287516505214037,0.6985684070070555,1.512903582814441,NEUTRAL,67.6,38.5,10.7,0.0
WHALE_ACCUM,2026-09-03 00:00:00+00:00,DOGE,BYBIT:DOGEUSDT.P,1d,0.08777,0.073901872017619,0.03583077704143367,0.740355145024781,1.7850376877860812,EXTREME,78.6,26.7,0.0,100.0
WHALE_ACCUM,2026-09-03 00:00:00+00:00,UNI,BYBIT:UNIUSDT.P,1d,6.321,0.08069755513763033,-0.046433690945861805,1.7845460361563439,2.8792399478183452,EXTREME,27.5,43.9,0.0,83.8
WHALE_ACCUM,2026-09-02 00:00:00+00:00,UNI,BYBIT:UNIUSDT.P,1d,5.849,0.0015410958904109595,0.04782138654479584,2.4263864518711413,3.4681399224267877,NEUTRAL,50.2,41.5,0.0,100.0
ENTRY,2026-09-01 00:00:00+00:00,UNI,BYBIT:UNIUSDT.P,1d,5.84,0.11748947569843082,-0.03586102096529664,2.144674847922226,3.1946790739188655,NEGATIVE,82.7,55.9,0.0,100.0
